:020000040001F9
:10F2DA00ECF1ECF2ECF3ECF5ECF6ECF7ECFCE6F125
:10F2EA00AA0AE6F25405E6F3AA00D7400000B831AC
:10F2FA00E6F35500D7400000B83248B13D16E6F3B0
:10F30A008000D7400000B831E6F3AA00D7400000D9
:10F31A00B831E6F35500D7400000B832E6F33000C2
:10F32A00DC48B839E6FAFFFF0D07E6F3A000D7403C
:10F33A000000B831DC48B8A9E6F7FFFFE6FC000197
:10F34A00A758A7A7DC48A859F065506A66F6800056
:10F35A002D1066F520003D0728713DF228C13DF0C9
:10F36A00B748B7B70DFDDC48A859505A66F5800072
:10F37A003D06DC48A859405A3D02E0140D01E0045C
:10F38A00E6F3F000D7400000B831FCFCFCF7FCF6CD
:0AF39A00FCF5FCF3FCF2FCF1DB00D3
:10EEF4007EB7E00DBB6148212D1A48222D214825FB
:10EF04002D3446F208002D4148263D02B748B7B7D4
:10EF1400E6F3FF0048233D02E6F3570048273D048B
:10EF2400E6F25A00BB63F03DF023BB600DE3BB5433
:10EF3400DC48A8A9F02A7C82BB59F02ABB570DDA19
:10EF4400BB4BBB44F00ABB42F01ABB40F07ABB3E59
:10EF5400F0EAF0A0BB6B0892F0A1BB680892F0A79E
:10EF6400BB650892F0AEBB620DC5BB36BB54E6F37D
:10EF74008000D7400000B83BBB4EE6F33000DC48CD
:10EF8400B839E6FAFFFFBB5A0DB5BB16F082E009AB
:10EF9400E004E005A758A7A7DC48A8A9004A005444
:10EFA400089246F900408DF6E6F25A00BB1FF06461
:10EFB400BB2CF065BB2A0D9EA758A7A79AB7FC7077
:10EFC400F2F2B2FE66F2FF007EB7CB00BBF5F0A210
:10EFD4005C8ABBF270A2CB00BBEFF082BBF7F09A65
:10EFE4000EF9E6FBAA0AE6FC5405CB0066F2FF0024
:10EFF400F6F2B0FEE6F3FFFFA758A7A78AB703709F
:10F0040028313DFACB007EB7CB00F0267C82BBEEE4
:10F01400F026BBECCB00E6F3AA00D7400000B83BD7
:10F02400E6F35500D7400000B83CCB00BBF4E6F350
:10F03400A000D7400000B83BDC48B8A9E6F3FFFFC6
:10F04400E6F60001A758A7A7DC48A849F054505A8F
:10F0540066F580002D0E66F420003D0528313DF252
:10F0640028613DF00D0ADC48A849504A66F4800046
:10F074003D04DC48A849404A2D0446FDFF009D019B
:0EF0840008D1E6F3F000D7400000B83BCB0007
:020000040000FA
:10103400E60800FCCC00F2FFAEFFE6D70100A7589B
:10104400A7A7E6A800410A863F2E1A8600D21A896D
:1010540080FB0A896F00E6F100C0F6F1E0F1D1905F
:10106400E6E80005E6E80004D190E6E80001E6EAD7
:101074000060E60C0338E68A2E04E60D0028E68BB1
:101084006D04E60E0780E68CAE04E60A0CF8E60072
:101094000000E6010100E602E000E60800FCE6F0DC
:1010A4000088E6F90100E6F80800F01870192D2F01
:1010B400A758A7A7E005DC0998282D29F032DC09F8
:1010C4009848AAF21DE0AAF20EF0F0347C330EF335
:1010D40006F300FDE0154C549150685BB853084189
:1010E40028213DF30DE5DC099838A758A7A7DC446F
:1010F400B9A30831184076F300C028217DF60DD835
:10110400A758A7A7B9A4084128217DFA0DD1E6F96B
:101114000100E6F80000A758A7A7E6030300DC09CE
:10112400A8282D3F08821890AAF22CF0F04266F20B
:10113400FF3F3D05E004DC09A82808821890DC097B
:10114400A838088218908AF406E0F6F306FEDC0953
:10115400A83808821890DC09A9A808811890B9A3B6
:1011640008318AF406E08AF304E00603010076F30A
:1011740000C0A758A7A728213DEE9AF8CC00088103
:1011840018900DC9C0435C1376F300FDE014F1A57B
:101194004C458AF203709140684B0D01784BB8437B
:1011A4000DBAD740E000F6FF6808E6FE5352D74078
:0A11B400E000F6FE6608FA0166F49A
:020000040001F9
:04F4C000EA00CCF49E
:04F4C400EA00CCF49A
:04F4C800EA00CCF496
:10F4CC00BE88E6A90000E6AA0000E6910000E692DC
:10F4DC000000E6930000E69400000FE01FE04FE808
:10F4EC005FE86FE87FEA1FEA3FEA2FE64FE60DFF81
:10CC7400ECFDECFEECFFF0DCF06B88A0F0E8F0F9E2
:04CC840006F0F2FFC5
:10CC8800F04066F4FF3FF2F504FE88508840E00C5F
:10CC9800F0B6E08AF08E06F84007F09FDA01C0B4DB
:10CCA8000804C4400600E108E48002000D05F48091
:10CCB80002000981E4800200F460020049649D0AD0
:10CCC800C066F04E0046F05FDC45F4845107C0852D
:10CCD800405D8DEDE6F40001E0058850F0C4E00AFF
:10CCE800E00BC062F04E0042F05FDC45F4245007D0
:10CCF800C026E007F04DE00520463057F0645C851B
:10CD08005C847C867056C029F06E0062F07FDC4738
:10CD1800F4C65107C0C62069E007DA013CF1F08487
:10CD2800F095DA017AB30802C4400800D4A00600DE
:10CD3800F4E00200C0EC5C3CA920C02BF02B002CD6
:10CD4800F04E0042F05FDC45F4845A07C089F04E8B
:10CD58000042F05FDC45F4845907C088DA0154B416
:10CD6800C4400A00D4A00600F4E00200C0EC5C3C19
:10CD7800A920C02BF02B002CF04E0042F05FDC45C0
:10CD8800F4846207C089F04E0042F05FDC45F48409
:10CD98006107C088DA0154B4C4400C00E044004084
:10CDA80066F4FF3FF2F504FE88508840E00CD4B0EA
:10CDB8001200E08AF08E06F88907F09FDA01C0B405
:10CDC8000804F0A4F4E00400C0E8F02E0028F03FC6
:10CDD800DC43F4829A07C089DC43F4829907C0884F
:10CDE800DA0154B4F0D4D4A00800D4900C00D48054
:10CDF8000A00DA0154B426F46400F054BCF5F06D6E
:10CE0800E007DA0192F0E6F66400E007DA01AAF03A
:06CE180006F4640018504E
:0CCE1E0006F01000FCFFFCFEFCFDDB0039
:10CE2A00ECFDECFEECFF88C0F0DBF01AF0E8F0F95C
:04CE3A0006F0FAFF05
:10CE3E00E6F47822E6F5E000B840C4500200D74090
:10CE4E00E000F2F49621C4400400D740E000F3F86D
:10CE5E00982149813D0CD4900200A880DC49A98814
:10CE6E0049823D0548102D0346F13200FD20E10CAC
:10CE7E00D4500200A840DC45E4C43700E6F6640056
:10CE8E00D4500200A840DC45C4643A00E6F66400C3
:10CE9E00D4500200A840DC45C4643800E10CD450E4
:10CEAE000200A840DC45E4C44E00EA00C8D0DC49CC
:10CEBE00F48837003D15D4600400DC49C4683C009A
:10CECE00E11CD4500200A840DC45E4C43700E00663
:10CEDE00D4500200A840DC45C4645200EA00C8D019
:10CEEE00E6F41027E0058850F0C4E6FAF0D8E6FB29
:10CEFE00FFFFDC49D4483C00F064E007D440060054
:10CF0E00E00520463057E6F66400E007DA0192F0BD
:10CF1E00F061E007DA013CF1F084F095DA017AB3C2
:10CF2E000802F064D4500200A840DC45C4645200EC
:10CF3E00D4500800D4400600DC45F4845607C08661
:10CF4E00D4B00200A8A0DC4BD44A52004046BD59D2
:10CF5E00DC4BF48A4E003D0CE11CDC4BE4CA4E0067
:10CF6E00D4500200A840DC55C4E44600C4F4480086
:10CF7E00D4500800D4400600DC45F4845807C08520
:10CF8E002851E0A41B54F2FB0CFEF2FA0EFED43034
:10CF9E000200A820DC53D4824600D4924800F06EE2
:10CFAE002068F07F3079206A307B8D32DC43D4529A
:10CFBE003C00E0A4F6F50EFE5B44F2FC0EFED450EF
:10CFCE000200A840DC45D4B45200F0ADD490080065
:10CFDE00D4800600DA0174CCF074D4900200A880DC
:10CFEE00DC49D458380040579D13DC49C4783A00C8
:10CFFE00D4500200A840DC55C4E44200C4F44400FE
:10D00E000D07E10CD4500200A840DC45E4C44E00EC
:10D01E00D4500200A840DC55D4644200D4744400BD
:10D02E0020E630F7D4900800D480060006F80A09EE
:10D03E00DA0104B3F064E007F04EF05F204630579B
:10D04E008D03E6F664000D2BD4900800D480060004
:10D05E0006F80A09DA0104B3F064E007206E307FA7
:10D06E00D4500200A840DC45D4443A0026F46400B3
:10D07E00E005DA0192F0F0E4F0F5D4900800D480E7
:10D08E00060006F80A09DA0104B3F064E007F04E70
:10D09E00F05FDA01AAF006F464001850F064D45080
:10D0AE000200A840DC45C4643800D4600400D450AB
:0AD0BE000200A840DC45C4643C00F9
:0CD0C80006F00800FCFFFCFEFCFDDB0095
:10C7E600E6F47822E6F5E000F0A4F0B5E6F496214A
:10C7F600E6F5E000F024F035DC43F4820A004981D6
:10C806002D06DC5BF4CA3400E4CA0800DB00DC4910
:10C81600F488E205D086DC43D45208004056CD05A4
:10C82600E11CDC4BE4CA0800DB00DC49F488E305C4
:0EC83600D0864056AD04E10CDC4BE4CA08008D
:02C84400DB0017
:10C84600ECFEECFFF0EAF0FB8890888006F0FCFF37
:10C85600E6F47822E6F5E000B840C4500200F08E17
:10C8660006F81009F09FDA0104B3F084D4B0020090
:10C87600A8A0DC4BF48A08003D0DE10CDC4BE4CAB1
:10C886000900E10CD4500200A840DC45E4C40400D1
:10C89600EA00B4C9DC4BF48A0400EA30B4C9D740D4
:10C8A600E000F3F8A02149813D1EDC4BF48A3400F8
:10C8B6002D1AD740E000F3F841263D15DC4BA98A36
:10C8C60049823D11D740E000F3F8E02249823D0B52
:10C8D600DC4FF48EC0082D07DC4BF4AA170049A3E1
:10C8E6002D0E49A22D0CE11CDC4BE4CA0400E10C20
:10C8F600D4500200A840DC45E4C409000D58DC4BC6
:10C90600F48A09003D18E11CDC4BE4CA0900D46036
:10C916000400D4700600D4500200A840DC55C4645C
:10C926001000C4741200D4B00200A8A0DC5BD46A64
:10C936004000C46A0C00D4700200A860DC47D456DC
:10C946000C004058FD03DC47C4860C00D740E000CD
:10C95600F3F8E6223D0CD4500200A840DC45D4543E
:10C966000C00D740E000F2F4EA2240459D12D45074
:10C976000200A840DC55D4641000D4741200D440E0
:10C986000400D45006002046305726F4F4013850EF
:10C996008D0EE11CD4500200A840DC45E4C404001E
:0EC9A600E10CD4500200A840DC45E4C40900B6
:0AC9B40006F00800FCFFFCFEDB00AB
:10C9BE00ECFDECFEECFF88C0F0EAF0FB889088807E
:04C9CE0006F0F8FF78
:10C9D200E6F47822E6F5E000B840C4500200E6F43E
:10C9E2009621E6F5E000C4400400C4500600E00DC4
:10C9F200D4B00E00D4A00C00D4800800D4900A0059
:10CA0200DA0146C8D4B00200A8A0DC4BF48A340094
:10CA12002D2BD740E000F3F841263D26D740E00019
:10CA2200F3F8CA202D21D740E000F3F840262D1C50
:10CA3200DC5BD44A2600D45A2800D4600800D470A3
:10CA42000A002046305728403850AD05DC4FF48E9E
:10CA52001A0049823D09D740E000F2F4282266F428
:10CA620020013D02E0140D01E004F1C8DC4BE4CAF0
:10CA72000500E10CD4500200A840DC45E4C40700E4
:10CA8200D4700E00D4600C00DC47F486D4059AF40E
:10CA92005040D4500200A840DC45A98449823D4957
:10CAA200D4900600D4800400DC49F4880600498151
:10CAB2003D40DC49F488020049813D3BDC49A848FD
:10CAC20046F46400BD3606F60E09F097F086DA01E8
:10CAD20004B3D4900600D4800400DC49D458040086
:10CAE20040549D27D740E000F2F428223D22D7404F
:10CAF200E000F2F43A223D1DE6F440048840DC49AD
:10CB0200A858E0A4F6F50EFE4B44F2FC0EFEDC4FF4
:10CB1200D4BE1400E6FA0003D4901000D4800E00B4
:10CB2200DA0184B70802D4700200A860DC47E48608
:10CB32000700D4700600D4600400DC47F4860A00C3
:10CB420049813D13E00CDC47D4B60800E6FAF00553
:10CB5200D4900E00D4800C00DA0122B7F064E6F51E
:10CB62006400F0452046F1C80D02E7FC6400D45091
:10CB72000200A840DC45E4C40600D4900E00D48034
:10CB82000C00DC49F4C800062D1ADC49F4881609A9
:10CB92009AF41500D740E000F3F842262D10D74052
:10CBA200E000F3F8CA202D0BD740E000F3F840264E
:10CBB2002D06D740E000F3F841263D0178D1D4504C
:10CBC2000200A840DC45A98449823D1CD4500600DD
:10CBD200D4400400DC45F484120049813D13D7405F
:10CBE200E000F3F841263D0E49C03D06DC49F488D9
:10CBF20016099AF4010078D1DC49F48816099AF4EE
:10CC0200011078D2DA01789449803D0FE10CD450BA
:10CC12000200A840DC45E4C40500E10CD450020047
:10CC2200A840DC45E4C40700E00DD740E000C2F4B0
:10CC320022268840F04DC08CD4700400D4600200DB
:10CC4200DC47F4860600C08BDC47F4860700C08A06
:10CC5200DC47F4860400C089DC47F4860500C088FE
:06CC6200DA01364A080267
:0CCC680006F00E00FCFFFCFEFCFDDB00F3
:020000040000FA
:08400A00FF8CDC64000046009D
:100FB000600480045005B405D405D505E405E505B5
:100FC0000006030605060706A107AF07B007B4072A
:100FD00000093E094009000CC8AF3075204EB036FC
:100FE0001027581B8813AC0DC40908071405B60355
:100FF000BC02080286012201030405060708090A4B
:101000000B0C0D1B272D3F4043451A4B4A4D5056A4
:041010005B61656853
:10630A00D740E000C2F5C820E6F4000C0B54F2F6C0
:0E631A000EFEE6F4C808E6F5E0000046DB00E3
:10632800E6FB0E18E00AE6F8C808E6F9E000DA002D
:04633800E2DFDB00C5
:08633C00DC49B8A8E108DB0010
:10634400ECFDECFEECFF88B088A0F0E8F0F906F074
:02635400F6FF52
:10635600DC4FF48E000947F84C003D0EDC4FF48EFE
:10636600010947F852003D08F08E06F80209F09F31
:10637600DA0104B348452D0AE6FA0009D4900C0068
:10638600D4800A00DA003C63EA004676E6F40004AC
:10639600C4400600EA00B464E004B8400D7DA8409D
:1063A6005C14D45006000045F08E0084F09FDA019C
:1063B60004B3C4400200D440060046F460043D34F1
:1063C600D4D00200C4D0080046FDD8FFCD05D44085
:1063D600080046F49600BD0DA8A05C1AD44006003D
:1063E60000A4D4900C00D4800A00DA003C63EA00D2
:1063F6004676A8402D4EA8405C14D45006000045B1
:10640600F08E0084F09F2882DA0104B3D45008008D
:106416004045CD3FD4A00600D4900C00D4800A009D
:10642600DA003C63EA004676D440060046F40004EF
:106436003D03E6F4E02E0D0AD440060046F420049F
:106446003D03E6F458020D02E6F46400C44004007D
:10645600D4500400D44002004045ED11A8402D1947
:10646600A8405C14D45006000045F08E0084F09FCE
:106476002882DA0104B3D450020040458D0AD4A024
:106486000600D4900C00D4800A00DA003C63EA00CF
:106496004676A8400841B840A84046F41000EA8075
:1064A600A463D440060006F42000C4400600D4408D
:1064B600060046F46004EAF09E63E004B8400D3D31
:1064C600A870F02E0027F03FDC43F482000147F865
:1064D6008C00FD0BF0A706FA0001D4900C00D480C6
:1064E6000A00DA003C63EA004676DC43F422000246
:1064F60047F246008D0347F2DC00FD0BF0A706FAD3
:106506000002D4900C00D4800A00DA003C63EA0052
:106516004676DC43F482000347F86400FD0BF0A7DF
:1065260006FA0003D4900C00D4800A00DA003C631B
:10653600EA004676A8400841B840A84046F4000163
:106546008DBFE004B840EA009C66A8405C14F08E5B
:106556000084F09F06F89004DA0104B346F4E803D9
:10656600ED22A860F04E0046F05FDC45F484B004EE
:1065760047F864008D18A8405C14F08E0084F09FE4
:1065860006F8D004DA0104B346F4F4018D0CA840F1
:106596005C14F08E0084F09F06F8D004DA0104B390
:1065A60046F4C409FD0AE6FA9004D4900C00D4809F
:1065B6000A00DA003C63EA004676F08E06F8100917
:1065C600F09FDA0104B3A850F06E0065F07FDC4757
:1065D600F4A6F004C0A54054ED24F08E06F8100988
:1065E600F09FDA0104B3A850F06E0065F07FDC4737
:1065F600F4A60005C0A54054ED14A860F04E004670
:10660600F05FDC45F484100547F83C00ED0AA8600D
:10661600F04E0046F05FDC45F484F00547F8640070
:10662600FD0AE6FAF004D4900C00D4800A00DA00E1
:106636003C63EA004676A8405C14F08E0084F09F26
:1066460006F89405DA0104B346F45802ED17A8409B
:106656002D1FA8405C14F08E0084F09F06F892056A
:10666600DA0104B3F0D4A8405C14F08E0084F09FE5
:1066760006F89405DA0104B3404D9D0AE6FA94053E
:10668600D4900C00D4800A00DA003C63EA00467617
:10669600A8400841B840A84046F41000EA8050657A
:1066A600E004B840EA004A68A8405C14F08E008412
:1066B600F09F06F83005DA0104B3C4400200A84092
:1066C6005C14F08E0084F09F06F84005DA0104B3EE
:1066D600C4400400D440020046F4F4018D0AD440BC
:1066E600020046F47017ED05D440040046F4881302
:1066F600FD0AE6FA3005D4900C00D4800A00DA00D0
:106706003C63EA004676A8405C14F08E0084F09F55
:0467160006F810066B
:10671A00DA0104B3C4400800D440080046F448F43F
:10672A00CD14D440080046F4B80BAD0FA8402D177D
:10673A00A8405C14F08E0084F09F06F80E06DA0179
:10674A0004B3D45008004045CD0AE6FA1006D490A6
:10675A000C00D4800A00DA003C63EA004676A8609E
:10676A00F04E0046F05FDC45F484200647F85000FE
:10677A00FD0AE6FA2006D4900C00D4800A00DA005A
:10678A003C63EA004676A8405C14F08E0084F09FD1
:10679A0006F84007DA0104B346F41027ED17A840BB
:1067AA002D1FA8405C14F08E0084F09F06F83E0767
:1067BA00DA0104B3F0D4A8405C14F08E0084F09F90
:1067CA0006F84007DA0104B3404DED0AE6FA40073D
:1067DA00D4900C00D4800A00DA003C63EA004676C2
:1067EA00A8405C14F08E0084F09F06F88907DA014D
:1067FA0004B346F4E02EED17A8402D1FA8405C1400
:10680A00F08E0084F09F06F88707DA0104B3F0D40B
:10681A00A8405C14F08E0084F09F06F88907DA011C
:10682A0004B3404DED0AE6FA8907D4900C00D480EF
:10683A000A00DA003C63EA004676A8400841B840FC
:10684A00A84046F40800EA80AE66E6F45005C44063
:10685A0006000D57D4400600F08E0084F09FDA013E
:10686A0004B348402D0AD4400600F08E0084F09FFD
:10687A00DA0104B346F4204EFD0AD4A00600D490EF
:10688A000C00D4800A00DA003C63EA004676E00491
:10689A00B8400D2DA8405C14D45006000045F08E77
:1068AA000084F09F0882DA0104B3F0D4C4D0020055
:1068BA0048D02D10A8402D18A8405C14D4500600CA
:1068CA000045F08E0084F09FDA0104B3D450020030
:1068DA004045ED0AD4A00600D4900C00D4800A00EA
:1068EA00DA003C63EA004676A8400841B840A8406E
:1068FA0046F410008DCFD440060006F42200C440AE
:10690A000600D440060046F47205FDA4E004B8402F
:10691A000D2EA8B0F02E002BF03FDC43F48228069F
:10692A0047F8F000FD0AE6FA2806D4900C00D48055
:10693A000A00DA003C63EA004676DC43F4C25007F8
:10694A0047FC6400ED0748B02D0FDC43F4E24F0723
:10695A0041CEED0AE6FA5007D4900C00D4800A0022
:10696A00DA003C63EA004676A8400841B840A840ED
:10697A0048468DCFE004B8400D18A870F04E004785
:10698A00F05FDC45F484590747F864009D0BF0A7D3
:10699A0006FA5907D4900C00D4800A00DA003C6346
:1069AA00EA004676A8400841B840A84046F43000BC
:1069BA008DE4DC4FF48ED40567F8C8003D0EDC4F39
:1069CA00F48ED8054982ED09DC4FF48EE4053D05C5
:1069DA00DC4FF48E00064981FD0AE6FAD405D4900C
:1069EA000C00D4800A00DA003C63EA004676DC4FE9
:1069FA00F4EEE20547FE4600CD0847FE7800AD05F5
:106A0A00DC4FF48EE305418ECD0AE6FAE205D49016
:106A1A000C00D4800A00DA003C63EA004676F08E65
:106A2A0006F8DB05F09FDA0104B3C4400200F08ED9
:106A3A0006F8DD05F09FDA0104B3C4400400D4402F
:106A4A00020046F4DC058D1B46F41027ED18D460CD
:106A5A00040046F6E8038D1340649D11F08E06F893
:106A6A00DF05F09FDA0104B346F4204EED08F08EFC
:106A7A0006F8DF05F09FDA0104B348403D0AE6FA5A
:106A8A00DB05D4900C00D4800A00DA003C63EA00EB
:106A9A004676F08E06F8B207F09FDA0104B3F0D416
:106AAA00F08E06F8B007F09FDA0104B3404D9D1A44
:106ABA00F08E06F8B207F09FDA0104B346F4FF033A
:106ACA00ED11F08E06F8B007F09FDA0104B3F0D4A6
:026ADA00F08E3C
:106ADC0006F8B207F09FDA0104B3204D46F46400C7
:106AEC009D0AE6FAB007D4900C00D4800A00DA00B4
:106AFC003C63EA004676DC4FF4AECF0847FA0A0056
:106B0C008D1447FA5F00ED11DC4FF48ED0084981EB
:106B1C00ED0CDC4FF48EE60547F81400ED06DC4F67
:106B2C00F48EEC0547F86400FD0AE6FACF08D49021
:106B3C000C00D4800A00DA003C63EA004676DC4F95
:106B4C00F4AE310747FA80008D1047FAC000ED0D06
:106B5C00DC4FF4AE320747FA8000ED0747FA4000ED
:106B6C008D04DC4FF48E30073D0AE6FA3007D490E2
:106B7C000C00D4800A00DA003C63EA004676DC5F45
:106B8C00F4AEC408F48EC308418A9D1147FAC800BC
:106B9C00ED0EDC4FF4AEC2082D0A47FA1000ED07DB
:106BAC00DC5FF4CEC908F48EC808418CFD0AE6FA05
:106BBC00C308D4900C00D4800A00DA003C63EA00CD
:106BCC004676DC4FF4AE010647FA32008D08DC4FF6
:106BDC00F4CE020647FCFA00ED0241AC8D0AE6FA4F
:106BEC000106D4900C00D4800A00DA003C63EA0061
:106BFC004676F08E06F83006F09FDA0104B346F4C0
:106C0C001027ED11F08E06F83206F09FDA0104B36E
:106C1C0046F41027ED08F08E06F83406F09FDA01E2
:106C2C0004B348402D0AE6FA3006D4900C00D48008
:106C3C000A00DA003C63EA004676F08E06F8060994
:106C4C00F09FDA0104B346F464008D18F08E06F858
:106C5C000609F09FDA0104B3F0D4F08E06F80409AB
:106C6C00F09FDA0104B3404DFD09F08E06F80409DB
:106C7C00F09FDA0104B346F4D007FD0AE6FA0409E2
:106C8C00D4900C00D4800A00DA003C63EA0046760B
:106C9C00F08E06F80809F09FDA0104B346F464009C
:106CAC008D09F08E06F80809F09FDA0104B346F45A
:106CBC008813FD0AE6FA0809D4900C00D4800A0067
:106CCC00DA003C63EA004676F08E06F80A09F09F7B
:106CDC00DA0104B346F40A008D12F08E06F80A09A4
:106CEC00F09FDA0104B346F48813ED09F08E06F830
:106CFC000C09F09FDA0104B346F4D007FD0AE6FA5A
:106D0C000A09D4900C00D4800A00DA003C63EA0033
:106D1C004676F08E06F80E09F09FDA0104B346F4BD
:106D2C0064008D1AF08E06F80E09F09FDA0104B398
:106D3C0046F45802ED11F08E06F81009F09FDA01B6
:106D4C0004B348402D09F08E06F81009F09FDA01C3
:106D5C0004B346F4DC00FD0AE6FA0E09D4900C00EC
:106D6C00D4800A00DA003C63EA004676F08E06F81E
:106D7C001209F09FDA0104B346F446008D1AF08E26
:106D8C0006F81209F09FDA0104B346F4DC00ED11A9
:106D9C00F08E06F81409F09FDA0104B348402D096F
:106DAC00F08E06F81409F09FDA0104B346F464007F
:106DBC00FD0AE6FA1209D4900C00D4800A00DA001D
:106DCC003C63EA004676DC4FF48E160967F8FC004B
:106DDC003D23F08E06F80506F09FDA0104B346F465
:106DEC000F0EED1AF08E06F81809F09FDA0104B3B5
:106DFC0046F45406ED11F08E06F81809F09FDA01EE
:106E0C0004B3E6F53C00F6F40EFE5B55F2F40CFE12
:106E1C00F2F60EFE48402D0AE6FA1809D4900C0042
:106E2C00D4800A00DA003C63EA004676DC4FF48E2C
:106E3C003A094981FD0AE6FA3A09D4900C00D4804B
:106E4C000A00DA003C63EA004676F08E06F81A096E
:066E5C00F09FDA0104B30F
:106E620046F49CFFCD1BF08E06F81A09F09FDA015A
:106E720004B346F4C800AD12F08E06F81C09F09F68
:106E8200DA0104B346F4B80B8D09F08E06F81C093A
:106E9200F09FDA0104B346F41027FD0AE6FA1C0952
:106EA200D4900C00D4800A00DA003C63EA004676F3
:106EB200F08E06F81E09F09FDA0104B346F4881337
:106EC2008D2DF08E06F81E09F09FDA0104B346F408
:106ED200E02EED24F08E06F82009F09FDA0104B3CB
:106EE20046F414008D1BF08E06F82009F09FDA019B
:106EF20004B346F46400ED12F08E06F82209F09F06
:106F0200DA0104B346F414008D09F08E06F8220962
:106F1200F09FDA0104B346F43200FD0AE6FA1E09D4
:106F2200D4900C00D4800A00DA003C63EA00467672
:106F3200DC4FF48EB70747F86400ED19F08E06F8BF
:106F4200DB05F09FDA0104B3F0D4F08E06F8B50742
:106F5200F09FDA0104B3404D9D0ADC4FF4CEB40732
:106F62009AF60F70F1AC67FA4000C0A43D0AE6FA47
:106F7200B407D4900C00D4800A00DA003C63EA0023
:106F820046769AF64360DC4FF48ED4056984C08459
:106F92002D33F08E06F83009F09FDA0104B3484031
:106FA2002D2BF08E06F83609F09FDA0104B346F471
:106FB20064008D22F08E06F83609F09FDA0104B3E0
:106FC20046F4B80BED19DC4FF4AE380947FA3C0031
:106FD2008D1347FA6E00ED10DC4FF48E390947F835
:106FE2005000ED0ADC4FF48EB80747F88C00ED0430
:106FF200DC4FF48EB9073D0AE6FA3609D4900C004C
:10700200D4800A00DA003C63EA004676F08E06F885
:10701200BC07F09FDA0104B3F0D4F08E06F8BA0789
:10702200F09FDA0104B3404DED15F08E06F8BC076F
:10703200F09FDA0104B346F4E02EED0CDC4FF48E3F
:10704200BF0747F86400ED06DC4FF48EC50847F829
:107052006400FD0AE6FABA07D4900C00D4800A0054
:10706200DA003C63EA004676DC4FF48ED4059AF4EB
:107072002620DC4FF48EAF072D18F08E06F8E705B8
:10708200F09FDA0104B346F4DC058D0FF08E06F8AA
:10709200DB05F09FDA0104B3F0D4F08E06F8E705C1
:1070A200F09FDA0104B3404DFD0AE6FAE705D490F9
:1070B2000C00D4800A00DA003C63EA004676F08EC7
:1070C20006F8E905F09FDA0104B346F41027ED0B48
:1070D200DC4FF4AE58072D0747FA3200ED04DC4FBF
:1070E200F48E57072D0AE6FAE905D4900C00D480F5
:1070F2000A00DA003C63EA004676F08E06F83E09A2
:10710200F09FDA0104B346F4D007FD0AE6FA3E091D
:10711200D4900C00D4800A00DA003C63EA00467680
:10712200DC4FF48ED90549853D05DC4FF48EDA0536
:1071320049862D0AE6FAD905D4900C00D4800A00BB
:10714200DA003C63EA004676F08E06F82409F09FE6
:10715200DA0104B346F414008D09F08E06F824090E
:10716200F09FDA0104B346F4E803FD0AE6FA2409C3
:10717200D4900C00D4800A00DA003C63EA00467620
:10718200F08E06F83C09F09FDA0104B3F054C450C3
:10719200020048502D17F08E06F81009F09FDA0110
:1071A20004B3D45002004045ED0346F52003FD0A26
:1071B200E6FA3C09D4900C00D4800A00DA003C6361
:1071C200EA004676F08E06F81C09F09FDA0104B355
:1071D200F064E007D44002002D03D45002000D02F7
:1071E200E6F5FA00E0C41B54F2F50CFEF2F40EFED2
:1071F20020463057FD0AE6FA3C09D4900C00D480B0
:067202000A00DA003C6303
:10720800EA004676DC4FF4AE260949A1ED04DC4FCE
:10721800F48E27092D0AE6FA2609D4900C00D480AA
:107228000A00DA003C63EA004676DC4FF48E00067A
:107238002D10DC4FF48E16096981C0843D0AE6FAE8
:107248001609D4900C00D4800A00DA003C63EA00E6
:10725800467649A02D4FF08E06F82809F09FDA01EE
:1072680004B346F410278D3CF08E06F82809F09FE9
:10727800DA0104B346F460EAED33F08E06F82A0921
:10728800F09FDA0104B346F4F4018D2AF08E06F873
:107298002A09F09FDA0104B346F41027ED21F08E95
:1072A80006F82C09F09FDA0104B346F40A008D1899
:1072B800F08E06F82E09F09FDA0104B346F47E1327
:1072C800ED0FF08E06F82E09F09FDA0104B3F0D422
:1072D800F08E06F82C09F09FDA0104B3404D8D0AB0
:1072E800E6FA2809D4900C00D4800A00DA003C633E
:1072F800EA004676F08E06F83009F09FDA0104B30A
:1073080046F43075ED37F08E06F83009F09FDA0153
:1073180004B348402D09F08E06F83009F09FDA01D1
:1073280004B346F4E8038D26DC4FF48E340947F89D
:107338006400ED20F08E06F83209F09FDA0104B3FC
:1073480048402D22F08E06F83209F09FDA0104B386
:1073580046F4E8038D0FF08E06F8E705F09FDA0192
:1073680004B3F0D4F08E06F83209F09FDA0104B3C2
:10737800404D8D0AE6FA3009D4900C00D4800A00FA
:10738800DA003C63EA004676DC4FF48E4D0967F874
:10739800F8003D7ADC4FF48E4E0947F86400ED742E
:1073A800DC4FF48E4F0947F86400ED6EF08E06F856
:1073B8005009F09FDA0104B348402D12F08E06F808
:1073C8005009F09FDA0104B346F4E8038D5DF08EAE
:1073D80006F85009F09FDA0104B346F460EAED5468
:1073E800F08E06F85209F09FDA0104B348402D12D6
:1073F800F08E06F85209F09FDA0104B346F4E80368
:107408008D43F08E06F85209F09FDA0104B346F472
:107418003075ED3AF08E06F85409F09FDA0104B39E
:1074280048402D12F08E06F85409F09FDA0104B393
:1074380046F464008D29F08E06F85409F09FDA01AD
:1074480004B346F41027ED20DC4FF48E560947F8B4
:107458006400ED1ADC4FF48E570947F86400ED1408
:10746800F08E06F85809F09FDA0104B346F41027A5
:10747800ED0BDC4FF48E5A0947F86400ED05DC4F3C
:10748800F48E62094981FD0AE6FA4009D4900C009D
:10749800D4800A00DA003C63EA004676E004B8408B
:1074A8000D18A870F04E0047F05FDC45F4848009A1
:1074B80067F8F0002D0BF0A706FA8009D4900C00AD
:1074C800D4800A00DA003C63EA004676A840084106
:1074D800B840A84046F46B008DE4F08E06F85C09CD
:1074E800F09FDA0104B348403D10F08E06F85E09BB
:1074F800F09FDA0104B348403D08F08E06F86009B1
:10750800F09FDA0104B348402D2FF08E06F85E098B
:10751800F09FDA0104B3F0D4F08E06F85C09F09F0E
:10752800DA0104B3404D9D17F08E06F86009F09F0C
:10753800DA0104B348402D0FF08E06F85E09F09F7B
:10754800DA0104B3F0D4F08E06F86009F09FDA018E
:1075580004B3404D8D09E6FA5C09D4900C00D48040
:107568000A00DA003C630D6BE004B8400D24A84023
:107578005C14F08E0084F09F06F8A307DA0104B3C8
:1075880046F40A008D0CA8405C14F08E0084F09F2D
:1075980006F8A307DA0104B346F4E803FD09E6FA9E
:1075A800A307D4900C00D4800A00DA003C630D478E
:1075B800A8400841B840A84048458DD9F08E06F843
:1075C800A107F09FDA0104B346F40A008D1BF08E80
:1075D80006F8A107F09FDA0104B346F4E803ED12B8
:1075E800F08E06F8AD07F09FDA0104B346F4F40113
:1075F8008D09F08E06F8AD07F09FDA0104B346F462
:10760800A00FFD09E6FAA107D4900C00D4800A0067
:10761800DA003C630D14D4B00C00D4A00A00F09F2B
:10762800F08EDA0052BC49803D02E1080D08E007FF
:0E763800D4500C00D4400A00DC45B874E118B0
:0C76460006F00E00FCFFFCFEFCFDDB006B
:10765200DA01F249F064D770E000F2F42826F2F57C
:107662002A26F6F4D220F6F5D420F086DA01144A5E
:02767200DB003B
:10767400D740E000F3F8C9203D05D740E000F3F817
:1076840048242D02E108DB00DA000A63F0A4F0B517
:10769400E6FC000CD740E000F3F8C8205981C0850F
:1076A400E6F4000C1B54F2F40EFEE6F8C808E6F902
:1076B400E0000084DA00EA3FE118D740E000F7F880
:0A76C400C920DA005276E118DB005D
:1076CE00F069F07AD740E000F3F8C9202D11F04BA5
:1076DE0049802D0EF04B47F82000ED0A46F8000CBD
:1076EE00ED07E6F5000C2058F04BC08C40C5FD02AE
:1076FE00E108DB00F0B7F0A6D740E000F3F8C820B1
:10770E005981C085E6F4000C1B54F2F40EFE0048BD
:10771E00E6F8C808E6F9E0000084DA00EA3FDA008D
:06772E005276E118DB00B9
:10773400D740E000F3F8C9203D02E108DB00E6FA97
:10774400CE20E6FBE000D740E000F3F8C8205981E2
:10775400C085E6F4000C1B54F2F40EFEE6F8C808EB
:10776400E6F9E0000084DA00446349803D0CD75018
:10777400E000F2FA2826F2FB2A26E029E008DA01E2
:0A7784007C20E108DB00E118DB00C7
:10778E00ECFDF0D8DA00347749802D08F04DC08832
:10779E00DA00B07749802D02E0140D01E004FCFD03
:0277AE00DB00FE
:0477B000ECFDECFE02
:1077B400E00DDA000A63F024F035D740E000F3F876
:1077C400C8205981C085E6F4000C1B54F2F60EFE65
:1077D400E6F4C808E6F5E0000046F0A4F0B5D740AA
:1077E400E000F3F8C9203D03E108EA004A79E00625
:1077F4000D28F0465C24D7400000D494B00F0D1837
:10780400F0420049F053DC45A9E4F04A0049F05B3A
:10781400DC45A984418E2D0BE01DF04849803D07CD
:10782400D740E000F6F9CE20E108EA004A79089151
:10783400F0465C24D7400000D454B20F4059EDE028
:10784400086146F60A008DD5DA01F249F0E4F04DFC
:1078540049802D1AD740E000F3F8E02249812D0F2A
:10786400D740E000F3F878223D0AD740E000F3F86F
:1078740026222D0AD740E000F3F824222D05F08EAD
:10788400DA01144AE1080D5FD740E000F3F8C8209C
:107894005981D750E000F7F8C820F2F4CC20084111
:1078A400D740E000F6F4CC20E118D750E000F7F818
:1078B400CA20F78EC920E118D740E000F7F8CB20A2
:1078C400F08EDA01144AD750E000F2FA2826F2FBCF
:1078D4002A26E009E008DA017C20F04D49802D32A7
:1078E400E6FB7400E00AE6F89621E6F9E000DA0027
:1078F400E2DFD740E000F78EAF22E6F46400D74021
:10790400E000F6F4B222E6F46400D740E000F6F4B6
:10791400B022E7F86400D740E000F7F88D22E015C4
:10792400D750E000F68ECE22F6F5D022E6F400041D
:10793400D760E000F6F4D622F78EAE22F78EAD22A1
:06794400DA010EA9E118B2
:06794A00FCFEFCFDDB0069
:0E795000ECFDECFEECFFF0DB88A08890F0E888
:10795E00F04E7C84F128D740E000F3F8CA202D1DAC
:10796E00D740E000F3F8C9203D18D740E000F3F807
:10797E0048243D13F04D49802D10F04D47F810006E
:10798E00ED0C46FE00049D09F05E66F5FF00F04D1D
:10799E00C084004546F40001FD02E1080D47E10EEA
:1079AE000D17C0EAD4900200A880F028002AF03902
:1079BE00DC43A9A2C026F4860E40418AED06DC43C4
:1079CE00A9A2F4860A40418A9D02E1080D2F09E121
:1079DE00F05D41EA8DE6DA01F249F0F4F04DC08C2B
:1079EE00D4B00200A8A0D740E000C2F5C820E6F44B
:1079FE00000C0B54F2F40EFE004EE6F8C808E6F941
:107A0E00E0000084DA00EA3FD740E000F2F4D02034
:107A1E000841D740E000F6F4D020E118D740E0004E
:0C7A2E00F7F8CB20F08FDA01144AE118C1
:0A7A3A000804FCFFFCFEFCFDDB006D
:0A7A4400D740E000F78EC920DB00F8
:107A4E00D740E000F3F8C9202D10D750E000F2F631
:107A5E00D220F2F7D420F0482046F059305726F4C1
:0C7A6E00881338508D02DA00447ADB00E7
:0A7A7A00ECFDECFEECFFF0E8F0F983
:107A8400E6FB000CE00AF09FF08EDA00E2DFE00D86
:107A94000D18E7FE3C00F04E004DF05FDC45B9E404
:107AA400E7FE3C00F04E004DF05FDC45E4E40001ED
:107AB400E7FE9300F04E004DF05FDC45E4E4000285
:107AC40008D146FD00018DE5E00DEA00387CE6F4BE
:107AD400F4011BD4F2FA0EFEF04D5C14F08E008417
:107AE400F09F06F80004DA0118B3E6F414001BD47E
:107AF400F2FA0EFE06FA1400F04D5C14F08E0084C7
:107B0400F09F06F82004DA0118B3E6F464001BD4ED
:107B1400E0F45B44F2FA0EFEF04D5C14F08E008447
:107B2400F09F06F84004DA0118B3E0A40BD4F2FA8B
:107B34000EFE06FAE2FFF04D5C14F08E0084F09F16
:107B440006F86004DA0118B3E7FE6400F04E004D55
:107B5400F05FDC45E4E48004E6FAC800F04D5C1410
:107B6400F08E0084F09F06F89004DA0118B3E7FE63
:107B74006E00F04E004DF05FDC45E4E4B004E7FE37
:107B84001E00F04E004DF05FDC45E4E4C004E6FA6C
:107B9400B603F04D5C14F08E0084F09F06F8D00418
:107BA400DA0118B3E7FE1E00F04E004DF05FDC452D
:107BB400E4E4F004E7FE2800F04E004DF05FDC45FD
:107BC400E4E40005E0541BD4F2F40EFEF1E8F04EB8
:107BD400004DF05FDC45E4E4F005F04D5C14D74063
:107BE4000000D4A4D80FF04D5C14F08E0084F09FF4
:107BF40006F85205DA0118B3F04D5C14D7400000C2
:107C0400D4A4D80FF04D5C14F08E0084F09F06F8D5
:107C14007405DA0118B3E6F414001BD4F2FA0EFE6C
:107C2400F04D5C14F08E0084F09F06F89405DA01A0
:107C340018B308D146FD1000EA80D27AE6FABA09F0
:107C4400F08E06F85005F09FDA0118B3E6FABA0987
:107C5400F08E06F87205F09FDA0118B3E00D0D5AA4
:107C6400E6FAB80BF04D5C14F08E0084F09F06F831
:107C74003005DA0118B3E6FA5203F04D5C14F08EC5
:107C84000084F09F06F84005DA0118B3E6F4C80052
:107C94000BD4F2FA0EFE06FA44FDF04D5C14F08E9D
:107CA4000084F09F06F81006DA0118B3F04D5C2446
:107CB40006F41A00F1E8F04E004DF05FDC45E4E410
:107CC4002006E6F4C8001BD4F2FA0EFE06FA3200CF
:107CD400F04D5C14F08E0084F09F06F84007DA0142
:107CE40018B3E6F4E8031BD4F2FA0EFE06FAF40124
:107CF400F04D5C14F08E0084F09F06F88907DA01D9
:107D040018B3E7FE3200F04E004DF05FDC45E4E4CA
:107D1400990708D146FD08008DA3E00D0D15E6F482
:107D240014001BD4F2F40EFEF1E8F04E004DF05FA7
:107D3400DC45E4E45007E7FE4000F04E004DF05F00
:107D4400DC45E4E4280608D148D68DE9E00DE7FED9
:107D540064000D07F04E004DF05FDC45E4E4590784
:107D640008D146FD30008DF6E11CDC4FE4CED80589
:107D7400E15CDC4FE4CED905E16CDC4FE4CEDA05FE
:107D8400E6FA6419F08E06F8DB05F09FDA0118B301
:107D9400E6FA3818F08E06F8DD05F09FDA0118B31C
:107DA400E6FA8813F08E06F8DF05F09FDA0118B3BF
:107DB400E7FC5F00DC4FE4CEE205E7FC5A00DC4F51
:107DC400E4CEE305E12CDC4FE4CEE505E12CDC4F09
:107DD400E4CEE605E7FC1400DC4FE4CEEC05E7FC5A
:107DE4003200DC4FE4CEEE05E6FAAC0DF08E06F878
:107DF400E705F09FDA0118B3E6FA0807F08E06F8F3
:107E0400E905F09FDA0118B3E11CDC4FE4CE030668
:107E1400E7FC1E00DC4FE4CE0406E7FC6400DC4F04
:107E2400E4CE0106E7FCC800DC4FE4CE0206E6FA25
:107E3400D007F08E06F83006F09FDA0118B3E6FAA0
:027E4400F40147
:107E4600F08E06F83206F09FDA0118B3E7FC32002E
:107E5600DC4FE4CE3007E7FC8D00DC4FE4CE310783
:107E6600E7FC7300DC4FE4CE3207E7FC2800DC4F6A
:107E7600E4CE5607E12CDC4FE4CE5807E6FA8A0139
:107E8600F08E06F8A107F09FDA0118B3E00D0D1287
:107E9600E6F43C001BD4F2F40EFEE6FA5B0120A4E5
:107EA600F04D5C14F08E0084F09F06F8A307DA010B
:107EB60018B308D148D58DECE6FAF406F08E06F82C
:107EC600AD07F09FDA0118B3E6FA3200F08E06F835
:107ED600B007F09FDA0118B3E6FAB603F08E06F89B
:107EE600B207F09FDA0118B3E6FA5802F08E06F8E8
:107EF600BA07F09FDA0118B3E6FA7C15F08E06F899
:107F0600BC07F09FDA0118B3E7FC3C00DC4FE4CE77
:107F1600BE07E14CDC4FE4CEC008E11CDC4FE4CEEA
:107F2600C208E7FC5000DC4FE4CEC308E7FC64005F
:107F3600DC4FE4CEC408E7FC4E00DC4FE4CEC508B7
:107F4600E1ACDC4FE4CEC708E7FC9100DC4FE4CEA1
:107F5600C808E7FC9500DC4FE4CEC908E7FC5500ED
:107F6600DC4FE4CECF08E11CDC4FE4CED008E7FCC2
:107F76004C00DC4FE4CE0009E7FC5200DC4FE4CEB7
:107F86000109E05AF08E06F80209F09FDA0118B3EB
:107F9600E6FA8A02F08E06F80409F09FDA0118B3B1
:107FA600E6FAC201F08E06F80609F09FDA0118B368
:107FB600E6FA2C01F08E06F80809F09FDA0118B3EC
:107FC600E6FAF401F08E06F80A09F09FDA0118B312
:107FD600E6FA6400F08E06F80C09F09FDA0118B391
:107FE600E6FAFA00F08E06F80E09F09FDA0118B3E9
:107FF600E6FAB400F08E06F81009F09FDA0118B31D
:10800600E6FA9300F08E06F81209F09FDA0118B32B
:10801600E05AF08E06F81409F09FDA0118B3E6FA72
:108026005406F08E06F81809F09FDA0118B3E6FA3E
:108036006400F08E06F81A09F09FDA0118B3E6FA22
:10804600A00FF08E06F81C09F09FDA0118B3E6FAC5
:108056007017F08E06F81E09F09FDA0118B3E6FADB
:108066003200F08E06F82009F09FDA0118B3E6FA1E
:108076001E00F08E06F82209F09FDA0118B3E6FA20
:108086003C00F08E06F82409F09FDA0118B3E6FAF0
:10809600C800F08E06F83E09F09FDA0118B3E00D2D
:1080A6000D22D7400000F42DF80FF1A269A7E014C5
:1080B6004C45F1A8C0247C34F06E0064F07FDC47A8
:1080C600F4864009718ADC47E4864009E1FED74020
:1080D6000000F48DF80FC086F04E0046F05FDC45D8
:1080E600E4E4800908D146FD1C008DDBE13CDC4F51
:1080F600E4CE4E09E13CDC4FE4CE4F09E6FA102708
:10810600F08E06F85009F09FDA0118B3E6FA8813E4
:10811600F08E06F85209F09FDA0118B3E6FADC058C
:10812600F08E06F85409F09FDA0118B3E7FC230035
:10813600DC4FE4CE5609E14CDC4FE4CE5709E6FAB3
:10814600D007F08E06F85809F09FDA0118B3E15C03
:10815600DC4FE4CE5A09E7FCFA00DC4FE4CE5B09BB
:10816600E6FA4200F08E06F85C09F09FDA0118B3D1
:10817600E6FAA800F08E06F85E09F09FDA0118B359
:10818600E6FA1200F08E06F86009F09FDA0118B3DD
:10819600E10CDC4FE4CE6209E6FA3075F08E06F8A3
:1081A6006409F09FDA0118B3E6FAB80BF08E06F808
:1081B6006609F09FDA0118B3E6FA6400F08E06F855
:1081C6006809F09FDA0118B3E6FA50C3F08E06F894
:1081D6006A09F09FDA0118B3F09FF08EDA003CBC12
:0881E600FCFFFCFEFCFDDB00C8
:04401E000406050788
:0800A4000000FFFFAA5555AA58
:10402800D740E000F3F86E342D05E118D740E000E2
:10403800F7F87034D750E000F6F85C34F6F95E34DF
:10404800D750E000F2F42826F2F52A26D760E000DF
:10405800F6F46034F6F56234F6FA6C34F04BD75067
:10406800E000F7F87134F78E6F34E118D740E000BC
:06407800F7F86E34DB00D6
:10407E00D740E000F3F86E342D1BD770E000F6F851
:10408E006434F6F96634F2F65C34F2F75E34F048D6
:10409E002046F0593057D750E000F6F46834F6F564
:1040AE006A34E118D750E000F7F86F34F78E6E34AB
:0240BE00DB0025
:1040C000D740E000F3F8782249823D20D740E00055
:1040D000F2F428223D1BD740E000F2F43A223D16CC
:1040E000D740E000F2F43C223D11D740E000F3F865
:1040F0004E223D0CD740E000F3F84F223D07D74059
:10410000E000F3F87A223D02E0140D01E004DB0048
:0A411000D740E000F78EE534DB0035
:10411A00DA00C040F128A9803D05D740E000F78EBB
:10412A00DD34DB0049203D04D740E000F78EE5345A
:10413A00F04B47F81E002D04F04C4980EA206C42EF
:10414A00D740E000F3F8DD343D0ED750E000F6F832
:10415A00DE34F6F9E034E118D750E000F7F8DD3440
:10416A00F7F2E534DB00D740E000C2F4DA34084164
:10417A006847F148D740E000F3FADB3441A43D0D2B
:10418A00E118D750E000F7F8DC34C2F4DB34084118
:10419A006847D740E000F7F8DB34D750E000F2F484
:1041AA00DE34F2F5E034F0682064F0793075D740F7
:1041BA00E000C2F4DA345C24D760E000C4647234EC
:1041CA00C4747434C2F4DA345C14D740E000C4A472
:1041DA009234F04C49802D02E11A0D01E10AD750C0
:1041EA00E000C2F4DA34E4A4C234D750E000F2F6B4
:1041FA002826F2F72A26D740E000C2F4DA345C24F3
:10420A00D750E000C464A234C474A43449202D07F2
:10421A00D740E000F3F8E5342D02E0140D01E00484
:10422A00F1A8D760E000C2F4DA34E4A4D234F2F49C
:10423A00E234404A3D05D740E000F3FAE4340D0188
:10424A00E10AD770E000C2F4DA34E4A4CA34F7F41D
:10425A00DA34F6F8DE34D750E000F6F9E034F7F253
:02426A00E53439
:02426C00DB0075
:10426E00ECFDECFEECFFF0E9F0FAF0D806F0FEFF04
:10427E00DA01F249F074F04DC086E0C40B64F2F539
:10428E000EFED740E000D445D620B840D740E0001F
:10429E00F4C5E020DC4FB9CEF087DA01144AA8400D
:0A42AE000802FCFFFCFEFCFDDB0033
:1042B800F04A47F86B008D02E108DB00F04AC0863F
:1042C8007C36F0480046F059DC45F4844009C08447
:0A42D800F05A69A76C456981DB000C
:1042E200F04A47F86B008D02E108DB00F04AC08615
:1042F200F0480046F059DC45F4C4800967FC0F0021
:1043020049C03D01E1FCF04B49813D02E11E0D1126
:10431200F04B49823D02E12E0D0CF04B49843D02E7
:10432200E14E0D07F04B47F808003D02E18E0D010A
:10433200E10E49E02D05F18C618E2D02E0140D0194
:02434200E00495
:02434400DB009C
:0A434600ECFDECFEECFFF0E8F0F9EE
:10435000E6FBAA01E00AF09FF08EDA00E2DFDA0164
:10436000F249F0D4E6FB1600E00AE6F85C34E6F920
:10437000E000DA00E2DFE6FB7400E00AE6F87234FF
:10438000E6F9E000DA00E2DFF08DDA01144AE11C20
:06439000DC4FE4CEA401A5
:08439600FCFFFCFEFCFDDB0056
:10439E00ECFDECFEECFF88C088B088A0F0E8F0F9E8
:0443AE0006F0CCFF4A
:1043B200E6F81600008066F8FF3FF2F904FEDA0123
:1043C2004A40DC4FD45E4601D4402C0040452D0DBE
:1043D200E10CDC4FE4CEA301E10CDC4FE4CEA601FC
:1043E200D4602C00DC4FC46E4601DA01F249F0843D
:1043F200B880D740E000F3F86F34E4800800D7407B
:10440200E000F3F86E34E4800A00D740E000F3F8ED
:104412007034E4800C00D750E000F2F46834F2F516
:104422006A34C4401200C4501400D740E000F2F4D1
:104432006C34C4400200D750E000F2F46034F2F56C
:104442006234C4400E00C4501000D750E000F78E12
:104452006F34F78E7034DA01144AD4903A00D48063
:10446200380006F85C09DA0104B3C4400400D490B1
:104472003A00D480380006F85E09DA0104B3C44079
:104482000600D4903A00D480380006F86009DA01B8
:1044920004B3F0D4D44004003D04E6F44200C44026
:1044A2000400D44006003D04E6F4A800C44006001F
:1044B20048D03D02E6FD1200F4800800EA205E4684
:1044C200D4502C00D440020040453D18F480300006
:1044D20049823D14D4400400F064E007D480120005
:1044E200D4901400F048F059204630578D07D4403C
:1044F2000600F064E00720863097FD21E10CDC4FD6
:10450200E4CEA301E10CDC4FE4CEA601E014884026
:10451200E0248840E6F44B008840D4504000D44068
:104522003E008850F0C4D4B03E00D4A03C00F09FBE
:10453200F08EDA00644806F00800EA00BC47DC4F5F
:10454200F48EA3012D40DC4FD4AE5601F02AE003D5
:10455200D4401200D450140020423053FD09D440FC
:104562001200D45014002042F0243053F0350D06CE
:10457200D4401200D450140020243035F082F0933D
:10458200F06DE007208630978D1EF06AE007D44078
:104592001200D450140020463057FD02E0160D01DF
:1045A200E006D4503A00D4403800DC45F484620975
:1045B2006981C0845046F1C8DC4FE4CEA701E11CFA
:1045C200DC4FE4CEA601D4401200D4501400F064B3
:1045D200DC4FC46E5601D4603C00D4703E00DC5FF8
:1045E200C46E6E01C47E7001E11CDC4FE4CEA301F7
:1045F200E0048840E0148840E6F41A008840D45071
:104602004000D4403E008850F0C4D4B03E00D4A054
:104612003C00F09FF08EDA00644806F00800E004E7
:104622008840DC4FF48EA6012D02E0140D01E00457
:104632008840E6F44B008840D4504000D4403E000D
:104642008850F0C4D4B03E00D4A03C00F09FF08E5D
:10465200DA00644806F00800EA00BC47F4800C0067
:104662002D21E10CDC4FE4CEA301E10CDC4FE4CEC2
:10467200A601E0148840E0248840E6F41A0088404D
:10468200D4504000D4403E008850F0C4D4B03E0024
:10469200D4A03C00F09FF08EDA00644806F00800D7
:1046A200EA00BC47D740E000F3F8782249823D494E
:1046B200F4800A002D46D4903A00D480380006F8DF
:1046C2005809DA0104B348402D09D4903A00D48045
:1046D200380006F85809DA0104B30D02E6F4D007EF
:1046E200F084E009D4600E00D4701000D4403C0085
:1046F200D4503E002046305720483059FD22DA017E
:10470200A649E10CDC4FE4CEA301E10CDC4FE4CE80
:10471200A601E0148840E0248840E6F41A008840AC
:10472200D4504000D4403E008850F0C4D4B03E0083
:10473200D4A03C00F09FF08EDA00644806F0080036
:104742000D3CD740E000F3F8782249822D36E10C87
:10475200DC4FE4CEA301E10CDC4FE4CEA601E00481
:104762008840E0048840E6F41A008840D4504000B3
:04477200D4403E00F1
:104776008850F0C4D4B03E00D4A03C00F09FF08E28
:10478600DA00644806F00800E0048840E004884047
:10479600E6F44B008840D4504000D4403E00885098
:1047A600F0C4D4B03E00D4A03C00F09FF08EDA00F6
:1047B600644806F00800DC4FF48EA3012D2DD4903A
:1047C6003A00D480380006F85809DA0104B34840A4
:1047D6002D09D4903A00D480380006F85809DA0139
:1047E60004B30D02E6F4D007F084E009DC5FD46E72
:1047F6006E01D47E7001D4403C00D4503E00204669
:10480600305720483059FD08E10CDC4FE4CEA301B7
:10481600E10CDC4FE4CEA601DA01F249B840D440FF
:104826002C00D740E000F6F4E234DC4FF48EA6010B
:104836002D08DC4FF48EA7012D02E0240D01E014B3
:104846000D01E108D740E000F7F8E434A880DA016A
:02485600144A02
:0C48580006F03A00FCFFFCFEFCFDDB005B
:10486400ECFEECFF88C088B088A0F0E8F0F906F010
:02487400FEFF45
:10487600F4A00A0047FA6B00EA90164BC0AAD4903F
:104886000800D4800600DA00B84249803D47E10AB4
:10489600F4C00A00C0C8D740E000E4A8A025E10E95
:1048A600F04E0048F05FDC45E4E46B00E10EF48076
:1048B6000A00C086F04E0046F05FDC45B9E4F4C05D
:1048C6000A00C0C8F04E0048F05FDC45F484D6000C
:1048D6002D195C18D4500400D44002000048DC4571
:1048E600D444EA019AF40E00E024B840F0B066FB26
:1048F600FF3FF2FC04FEC0CAD4900400D48002003C
:10490600DA0036ADE10EF4800A00C086F04E0046AD
:10491600F05FDC45E4E4D600EA00164BE11EF480C5
:104926000A00C086F04E0046F05FDC45E4E4D6009F
:10493600E11AF4C00A00C0C4D740E000E4A4A025F0
:10494600F4A00C00EA20164B49A23D3FF4800E006D
:10495600C08BC0CAD4900800D4800600DA00E242B8
:1049660049803D33E024B840E10EF4800A00C08659
:10497600F04E0046F05FDC45E4E46B00E10EF480A7
:104986000A00C086F04E0046F05FDC45B9E4F4E06C
:104996000A00C0E65C16D4300400D4200200F042BF
:1049A6000046F053DC45D444EA018AF40200EA00EA
:1049B600164BF0B066FBFF3FF2FC04FEC0EAF09334
:1049C600F082DA0036ADEA00164BF4600A0049635D
:1049D6008D0547F60C00ED02E1140D0DD4700800AC
:1049E600D4600600DC47F4864E092D04DC47F44605
:1049F6004E090D01E134D4700800D4600600DC478E
:104A0600F4864F092D04DC47F4264F090D01E132E7
:104A1600F4800C0049823D28E10EC066F04E004647
:104A2600F05FDC45E4E46B00F4E00A00C0E8F0AEB9
:104A360000A8F0BFDC4BA9AA41A49D05DC4BA98ABE
:104A46000981DC4BB98AF4800A00C086F04E004624
:104A5600F05FDC45A9A441A48D5BF4800E00C08400
:104A66005C847843B8400D25E10EF4800A00C086C8
:104A7600F04E0046F05FDC45B9E4F4E00A00C0E819
:104A8600F0AE00A8F0BFDC4BF4CA6B0041C29D0437
:104A960009C1DC4BE4CA6B00F4800A00C086F04E04
:104AA6000046F05FDC45F4A46B0041A28D31E024A2
:104AB600B840F4C00A00F1AC69A7E0144C45F1A86F
:104AC600C0C47C34F06E0064F07FDC47F4867E015F
:104AD600718ADC47E4867E01F4E00A00C0E65C16D3
:104AE600D4500400D44002000046DC45D444EA0118
:104AF60066F400107848B840F0B066FBFF3FF2FC61
:104B060004FEC0EAD4900400D4800200DA0036AD78
:0A4B160006F00800FCFFFCFEDB00C7
:0A4B2000F01CF02AF03B06F0FEFF47
:104B2A00E024B840E10AC02AD740E000E4AAA02560
:104B3A00E10EF048004AF059DC45E4E46B00E10E6E
:104B4A00C026F0480046F059DC45B9E4C0265C1698
:104B5A00F0420046F053DC45D444EA019AF40A00D4
:104B6A00F0B066FBFF3FF2FC04FEC02AF093F0822D
:044B7A00DA0036AD7A
:044B7E000802DB004E
:104B8200ECFDECFEECFF88C0F0EAF0FB8890888038
:044B920006F0FCFF2E
:104B9600F09066F9FF3FF2FA04FEF4800E00C0883A
:104BA600DA006E42C4400200F480100049813D22C2
:104BB600F4A012002D02E0840D01E004884049A013
:104BC6002D02E0240D01E0148840F4801000C0841A
:104BD6008840D4501000D4400E008850F0C4F0BF76
:104BE600F0AED4900E00D4800C00DA00644806F0D3
:104BF60008000D37F480100047F808003D02E04D2C
:104C06000D17A9802D04F480100049823D09F48017
:104C16000C0047F843003D02E04D0D01E04D0D0844
:104C2600D440020046F400028D02E01D0D01E02D85
:104C3600F04DC0848840E0248840F4801000C08491
:104C46008840D4501000D4400E008850F0C4F0BF05
:104C5600F0AED4900E00D4800C00DA00644806F062
:024C6600080044
:0C4C680006F00A00FCFFFCFEFCFDDB0077
:104C7400ECFDECFEECFF88C0F0EAF0FB8890888045
:044C840006F0FCFF3B
:104C8800F09066F9FF3FF2FA04FEE058DA006E424F
:104C9800C4400200D740E000F3F8A82149813D2133
:104CA800F4A00C002D02E0840D01E004884049A026
:104CB8002D02E0240D01E0148840E6F465008840E8
:104CC800D4501000D4400E008850F0C4F0BFF0AEAD
:104CD800D4900E00D4800C00DA00644806F0080076
:104CE8000D2AA9802D06D740E000F3F8A8214982B3
:104CF8003D02E04D0D08D440020046F400028D024A
:104D0800E01D0D01E02DF04DC0848840E02488406E
:104D1800E6F465008840D4501000D4400E00885056
:104D2800F0C4F0BFF0AED4900E00D4800C00DA00CE
:064D3800644806F00800CB
:0C4D3E0006F00A00FCFFFCFEFCFDDB00A0
:104D4A004089CD03F04820490D02F0492048F0245B
:104D5A00E003F04B704C2D06F04BF05C26F4E803B0
:104D6A003850FD02E108DB00F04AE005F06BF07C08
:104D7A00DA0192F0F084F095E6F6E803E007F042F3
:104D8A00F053DA0192F020483059FD020FF40D0178
:044D9A000EF4698129
:024D9E00DB0038
:104DA000ECFDECFEECFF88C088B088A0F0E8F0F9DC
:044DB00006F0F2FF18
:104DB400D740E000F2F4FE21B840DA01F249F06491
:104DC400D750E000F2F43C26F2F53E26C44002003F
:104DD400C4500400D750E000F2F42826F2F52A2645
:104DE400C4400600C4500800D4901400D4801200BB
:104DF400DC49F4885B092D04DC49F4885B090D0265
:104E0400E7F8FA00E4800A00E01DE108E4800C0001
:104E1400F086DA01144AD740E000F3F842263D094F
:104E2400E10CDC4FE4CEA201E10CDC4FE4CEA101A5
:104E34000D1CD740E000F3F804222D17E10CDC4FE1
:104E4400E4CEA201A84046F41400FD02E11C0D01C9
:104E5400E10CDC4FE4CEA101D4600600D47008005C
:104E6400DC5FC46E4E01C47E5001DC4FF48EA101A0
:104E74002D24D740E000F3F804223D1FD460020043
:104E8400D4700400D4800600D4900800F048204672
:104E9400F059305726F4DC053850FD0FDC5FD46E32
:104EA4004E01D47E50012086309726F8881338901E
:104EB400ED04E11CDC4FE4CEA201DC5FD46E4E01B4
:104EC400D47E5001D4400600D45008002046305708
:104ED40026F488133850FD04E10CDC4FE4CEA10124
:104EE400F4800A00C085A86040569D05E02DE118B5
:104EF400E4800C000D1EDC4FF48EA2012D05E02D84
:104F0400E128E4800C000D15DC4FD47E4401F057F9
:104F140006F5500040569D05E02DE188E4800C0024
:104F24000D08D740E000F3F804223D0348703D012A
:104F3400E00DF4800C00C0848840F04DC0848840AB
:104F4400E6F468008840D4501A00D4401800885011
:104F5400F0C4D4B01800D4A01600F09FF08EDA008C
:0E4F6400644806F00800A860DC4FC46E4401EB
:0C4F720006F01400FCFFFCFEFCFDDB0060
:104F7E00ECFDECFEECFF88C088B088A0F0E8F0F9FC
:044F8E0006F0E0FF4A
:104F9200F08066F8FF3FF2F904FEDA014A40DC4F86
:104FA200F42E9E012D0EDC5FD46E4A01D47E4C019C
:104FB200D4401000D4501200204630572D02E01485
:104FC2000D01E004E4801E0049202D09DC4FD45E6F
:104FD2004201D440160040452D02E0140D01E004C8
:104FE200F0D4D740E000F3F842263D37E10CDC4F25
:104FF200E4CE9F01E10CDC4FE4CEA001E004884046
:10500200E0048840E0D48840D4502C00D4402A00E8
:105012008850F0C4D4B02A00D4A02800F09FF08EAB
:10502200DA00644806F00800E0048840E0048840A2
:10503200E6F44A008840D4502C00D4402A0088501C
:10504200F0C4D4B02A00D4A02800F09FF08EDA0079
:10505200644806F00800EA005E51F4801E003D0B31
:10506200F04D49802D18DC4FF48E9F012D14F480F1
:105072001A0049822D10D4702600D4602400DC4727
:10508200F4864E092D04DC47F4C64E090D01E13CBD
:10509200DC4FE4CEA001DC4FF48EA0013D08DC4FD2
:1050A200F48E9F012D06F4801A0049822D02E0142D
:1050B2000D01E004F0D4E0448840F04D49802D0217
:1050C200E0240D07F4801C0049823D02E0140D012A
:1050D200E0048840E0D48840D4502C00D4402A0018
:1050E2008850F0C4D4B02A00D4A02800F09FF08EDB
:1050F200DA00644806F00800E0848840F04D4980F8
:105102002D02E0240D07F4801C0049823D02E014C8
:105112000D01E0048840E6F44A008840D4502C0097
:10512200D4402A008850F0C4D4B02A00D4A0280069
:10513200F09FF08EDA00644806F00800DC4FF4AE0F
:10514200A0012D0429A1DC4FE4AEA001F4801A00D5
:1051520049823D04E11CDC4FE4CE9F01D460100083
:10516200D4701200DC5FC46E4A01C47E4C01D4606C
:105172001600DC4FC46E4201E11CDC4FE4CE9E01FE
:0C51820006F02600FCFFFCFEFCFDDB003C
:10518E00ECFDECFEECFF88C0F0EAF0FB8890888026
:10519E00E03D0D18E0048840E0048840F04DC084E6
:1051AE008840D4500C00D4400A008850F0C4F0BFA0
:1051BE00F0AED4900A00D4800800DA00644806F0FD
:0C51CE00080008D1F04D47F80C00FDE48B
:0A51DA000806FCFFFCFEFCFDDB00F4
:1051E400E10CDC49E4C89D01E10CDC49E4C89B0105
:1051F400E10CDC49E4C89A01E006E007DC59C46824
:105204007A01C4787C01E006E007DC59C4687601C1
:10521400C4787801E0ABE00A06F89001DA00E2DF36
:02522400DB00AD
:10522600ECFDECFEECFF88C088B088A0F0E8F0F951
:0452360006F0D6FFA9
:10523A00D740E000F3F8782249823D3ED740E000AB
:10524A00F3F8242249823D38D740E000F2F42822BC
:10525A003D33D740E000F3F87A223D2ED740E000F4
:10526A00F2F43A223D29D740E000F2F43C223D24F0
:10527A00D740E000F3F84E223D1FD740E000F3F894
:10528A004F223D1AD740E000F2F41E2246F4F40100
:10529A008D13D740E000F2F41E2246F4581BED0CA1
:1052AA00D740E000F2F5CA2246F5B0FFBD0546F543
:1052BA005000DD02E0140D01E004F0D4E10CDC4FF3
:1052CA00E4CE9C01DA01F249C4401600F04D49804F
:1052DA002D05D740E000F3F8DC342D0BD770E00041
:1052EA00F3F8DA34F7F8DB34F78EDC34F78EDD3492
:1052FA00E00DD4801600DA01144AF04D49803D15BC
:10530A00F09FF08EDA00E451D4503000D4402E00E1
:10531A008850F0C4D4B02E00D4A02C00F09FF08E98
:10532A00DA008E510802EA006C57DA01F249C440E9
:10533A001600D740E000F3F8DB34F0D4D740E000A1
:10534A00F3FADA34F04D41A83D06D4801600DA01AA
:10535A00144AEA006C57F04DC0865C26D750E0002C
:10536A00D4467234D4567434B840C4500200F04D56
:10537A00C0845C14D740E000D4449234C440140082
:10538A00F04DC084D740E000F484C234E4801800B1
:10539A00F04DC084D740E000F484CA34E48022008F
:1053AA00F04DC084D740E000F484D234E480240075
:1053BA00F04DC0865C26D750E000D446A234D456BD
:1053CA00A434C4400C00C4500E00D750E000F2F4DC
:1053DA002826F2F52A26C4401000C4501200F04DC7
:1053EA00C08408416847D740E000F7F8DB34D4802E
:1053FA001600DA01144AD740E000F2F52022D4D090
:10540A001400405D3D25F48024002D22A840D4508C
:10541A00020070452D1DA840D450020026F490D0F9
:10542A003853ED16D4600C00D4700E00D44010002E
:10543A00D45012002046305726F4FA003850ED08AE
:10544A00F48018004981ED04F48022004982FD06A7
:10545A00F09FF08EDA00E451EA003453DC4FD45E58
:10546A004801405D3D0BDC4FF48E9A012D0BDC4F59
:10547A00F4AE8D01F480180041A83D04F09FF08E2F
:10548A00DA00E451D4601400DC5FC46E4801F48E83
:10549A009A014982EA800E57DC5FD44E7601D45EC7
:1054AA007801A860D4700200004610577C144AF5AF
:1054BA00F40F7C15C4400400C4500600DC5FD44ECF
:1054CA007A01D45E7C01C4400800C4500A00D4505A
:1054DA003000D4402E00DC45F48456092D08D450FF
:1054EA003000D4402E00DC45F48456090D02E7F85A
:1054FA002300E4801A00F4801A00C086E007D44032
:10550A000400D4500600DA0192F0E6F66400E007DF
:10551A00DA01AAF0F064F075D4800400D490060091
:10552A0000681079D4400800D4500A002046305749
:10553A00FD02E1180D01E108E4801C00F4801A0064
:10554A00C0845C14F064E007D4400400D450060020
:10555A00DA0192F0E6F66400E007DA01AAF0F064F4
:10556A00F075D4800400D490060000681079D44005
:10557A000800D4500A0020463057FD02E1180D01F8
:10558A00E108E4801E00F4A01C00DC4FF48E9001B8
:10559A00018ADC4FE48E9001F4A01E00DC4FF48EE9
:1055AA009501018ADC5FE48E9501F48E8F012D311D
:1055BA00DC4FF48E8D01C0865C16DC4FF48E8F01B1
:1055CA0049823D02E0040D01E0140046F4841E40C5
:1055DA00E4802000F4A01C00F4802000C084F06E57
:1055EA000064F07FDC47F4868D01018ADC47E4869B
:0255FA008D0121
:1055FC00F4A01E00F4802000C084F06E0064F07FE4
:10560C00DC47F4869201018ADC47E48692010D04A2
:10561C00E11CDC4FE4CE9D01DC4FF48E9B01098133
:10562C00DC4FE48E9B0147F880008D6BD45030002A
:10563C00D4402E00DC45F48457092D08D45030009A
:10564C00D4402E00DC45F48457090D01E148E48078
:10565C002800E138E48026000D3BE0148840F480FB
:10566C00280049832D0BF480280047F808002D06EC
:10567C00DC4FF48E9D012D02E0040D10F480280007
:10568C00C086F04E0046F05FDC45F4A48D01F4803A
:10569C002A0041A88D02E0240D01E0148840F4801A
:1056AC002A00C0848840D4503600D440340088503E
:1056BC00F0C4D4B03400D4A03200F09FF08EDA00E5
:1056CC00644806F00800F48026000981E480260076
:1056DC00F480260047F80C00FDC0E10CDC4FE4CE52
:1056EC009D01E10CDC4FE4CE9B01E0ABE00AF08EB7
:1056FC0006F89001F09FDA00E2DFE11CDC4FE4CE0B
:10570C009C01DC7FD46E7A01D47E7C01C46E760160
:10571C00C47E7801A860D4700200DC7FC46E7A016C
:10572C00C47E7C01F4CE8D01E4CE8C01F4C0180053
:10573C00DC6FE4CE8D01F4CE8F01E4CE8E01F4C08B
:10574C002200DC5FE4CE8F01F4AE9A0149A2EA900C
:10575C003453F18A0981DC4FE48E9A01EA00345308
:0C576C0006F03000FCFFFCFEFCFDDB0042
:10577800ECFDECFEECFF88C088B088A0F0E8F0F9FA
:0457880006F0FAFF2E
:10578C00D4900C00D4800A0006F85009DA0104B356
:10579C00F084E009B880C4900200D4700C00D4608E
:1057AC000A00DC47F4863207C0845C34C440040031
:1057BC00DC47F4863107C08D5C3D70893D06E6F40C
:1057CC001027E005B840C4500200D740E000F3F8C1
:1057DC00AE223D1FE006E007DC5FC46E6201C47EB2
:1057EC006401E0048840E0048840E6F42700884027
:1057FC00D4501200D44010008850F0C4D4B0100023
:10580C00D4A00E00F09FF08EDA00644806F0080079
:10581C000D72D740E000F2F6D622406D8D02E01DED
:10582C000D01E00DD45004004065ED02E11A0D01AC
:10583C00E10AF04D49803D2149A03D1FE006E007FB
:10584C00DC5FC46E6201C47E6401E0048840E01435
:10585C008840E6F427008840D4501200D440100051
:10586C008850F0C4D4B01000D4A00E00F09FF08E7D
:10587C00DA00644806F008000D3EDC5FD44E62018D
:10588C00D45E640170453D09D4600E00D4701000E4
:10589C00DC5FC46E6201C47E6401DC5FD46E6201A5
:1058AC00D47E6401D4400E00D450100020463057F2
:1058BC00A860D4700200204630578D1DF04D4980F1
:1058CC002D02E1180D01E128C0848840E0248840B5
:1058DC00E6F427008840D4501200D44010008850C1
:1058EC00F0C4D4B01000D4A00E00F09FF08EDA00FB
:0658FC00644806F00800FC
:0C59020006F00C00FCFFFCFEFCFDDB00CE
:10590E00ECFDECFEECFF88C088B088A0F0E8F0F962
:04591E0006F0F8FF98
:10592200D740E000F2F40022B840D4900E00D480B8
:105932000C0006F85209DA0104B3C4400200D49004
:105942000E00D4800C0006F85409DA0104B3C440F6
:105952000400D4500E00D4400C00DC45F484000650
:105962002D2AE6FC2D00D4B00A00D4A00800F09F36
:10597200F08EDA00204BE6FC3F00D4B00A00D4A03F
:105982000800F09FF08EDA00204BE6FC4000D4B015
:105992000A00D4A00800F09FF08EDA00204BE6FC4B
:1059A2004500D4B00A00D4A00800F09FF08EDA00BF
:1059B200204BEA00685CD44002003D04E6F4881300
:1059C200C4400200D44004003D04E6F4DC05C440B7
:0E59D2000400D740E000F3FAAC2149A12D3BC0
:1059E00049A43D08A84046F4C4098D02E1180D0100
:1059F000E1280D01E188C0848840E0248840E6F475
:105A000045008840D4501400D44012008850F0C49F
:105A1000D4B01200D4A01000F09FF08EDA006448D9
:105A200006F00800E0148840E0248840E6F42D00E9
:105A30008840D4501400D44012008850F0C4D4B030
:105A40001200D4A01000F09FF08EDA00644806F037
:065A50000800EA00685C9A
:105A5600D4500E00D4400C00DC45F484C408C08544
:105A6600E0541B54F2F50EFEA86040569D02E02D50
:105A76000D14D4500E00D4400C00DC45F484C30849
:105A8600C085E0541B54F2F50EFE4056FD02E118A7
:105A96000D03DC4FF48EA501F0D4D740E000F3F8F7
:105AA600AE222D08D740E000F3F8782249823D0265
:105AB600E0140D01E004E4800600F04D49802D500D
:105AC600DC4FF4AEA501F04D41A82D4ADC5FD4AE03
:0C5AD6006A01D4BE6C01F04A704B2D2F09
:105AE200D4801000D4901200208A309BE0148840A9
:105AF200F48008002D09D4400600F064E0072086F7
:105B02003097FD02E0240D01E0148840F04D4982F7
:105B12003D03E6F43F000D02E6F440008840D45015
:105B22001400D44012008850F0C4D4B01200D4A0A3
:0E5B32001000F09FF08EDA00644806F00800C4
:105B4000D4601000D4701200DC6FC46E6A01C47E91
:105B50006C01D44E52010841DC4FC44E5201F06D2D
:105B6000DC4FE4CEA501DC5FD44E6601D45E680153
:105B700070453D09D4601000D4701200DC5FC46E23
:105B80006601C47E6801F48006002D5ADC5FD44EA5
:105B90006601D45E6801D4801000D4901200208485
:105BA0003095D4400200F064E007208630978D489D
:105BB000E0448840DC4FD44E52012D02E0140D0128
:105BC000E0248840E6F445008840D4501400D440D6
:105BD00012008850F0C4D4B01200D4A01000F09F7E
:105BE000F08EDA00644806F00800E0148840DC4FCC
:105BF000D44E52012D02E0140D01E0248840E6F459
:105C00002D008840D4501400D44012008850F0C4B5
:105C1000D4B01200D4A01000F09FF08EDA006448D7
:105C200006F00800E006DC4FC46E5201D46010009C
:105C3000D4701200DC5FC46E6601C47E68010D1072
:105C4000F48006003D0DE006DC4FC46E5201D460C6
:105C50001000D4701200DC5FC46E6601C47E68015F
:085C6000A860DC4FC46E540182
:0C5C680006F00E00FCFFFCFEFCFDDB0063
:105C7400ECFDECFEECFF88C0F0EAF0FB8890888035
:045C840006F0FCFF2B
:105C8800D740E000F3FAE422B9A0E7F85600E48030
:105C98000200E01D49A03D2FE0048840E014884040
:105CA800E6F44D008840D4501000D4400E008850CF
:105CB800F0C4F0BFF0AED4900E00D4800C00DA002F
:105CC800644806F00800E0048840E0148840E6F4E0
:105CD80056008840D4501000D4400E008850F0C4BC
:105CE800F0BFF0AED4900E00D4800C00DA00644807
:105CF80006F008000D32A98049823D02E02D0D14FE
:105D0800A98049833D02E04D0D0FA98049843D02D9
:105D1800E08D0D0AE7F84D00E4800200A98049856E
:105D28003D02E04D0D01E08DF04DC0848840E02437
:105D38008840F4800600C0848840D4501000D440C5
:105D48000E008850F0C4F0BFF0AED4900E00D4809E
:0A5D58000C00DA00644806F00800B1
:0C5D620006F00A00FCFFFCFEFCFDDB006C
:045D6E0006F0F4FF48
:105D7200E6F45713C4400800E6F46824C4400A005D
:105D8200E10E0D0AC0E95C19D7400000D469A400F5
:105D9200F0400049B86409E149E48DF4E10E0D0DCB
:105DA200C0E85C18D7400000D458A400F0100018D6
:105DB20048592D02E1080D3309E149E48DF1D4502F
:105DC2000A00D4400800004546F4BF373D19D450BC
:105DD2000800D4400A00204546F411113D11D45068
:105DE2000A00D4400800504546F43F373D09D450DC
:105DF2000800E0341B54F2F40EFE46F4053A2D027C
:105E0200E1080D0DE10E0D08E0144C4766F40F0099
:0E5E12003D02E1080D0409E149E48DF6E118B6
:065E200006F00C00DB009F
:105E2600ECFEECFF88C0F0EAF0FBF028F039DC432A
:105E3600F482A8013D0ADA006E5D49802D02E11C5C
:105E46000D01E12CDC43E4C2A801E0148840DC43E8
:105E5600F482A80149813D02E0140D01E024884046
:105E6600E6F450008840D4500800D440060088501C
:105E7600F0C4F0BFF0AEF093F082DA00644806F0AA
:0A5E860008000802FCFFFCFEDB0030
:105E9000ECFDECFEECFF88C088B088A0F0E8F0F9DB
:045EA00006F0F4FF15
:105EA400E108E4800400E108E4800600E108E480FD
:105EB4000800E108E4800A00E00DDC4FF48EA40140
:105EC4003D04F09FF08EDA004643E0EBE00AF08EEA
:105ED40006F87E01F09FDA00E2DFDC5FD46E720127
:105EE400D47E7401D4401000D450120020463057A0
:105EF400B840C4500200DC4FF48EA901EA20766059
:105F0400D4901600D480140006F86409DA0104B3AE
:105F140048402D0AD4901600D480140006F8640971
:105F2400DA0104B3F0A40D02E6FA3075A8B0D4C0C7
:105F34000200DC4FD49E5801D740E000F2F89621CD
:105F4400DA004A4DE4800400D4901600D480140092
:105F540006F86609DA0104B348402D0AD490160005
:105F6400D480140006F86609DA0104B3F0A40D0223
:105F7400E6FAB80BA8B0D4C00200DC4FD49E5A0194
:105F8400D740E000F2F89A21DA004A4DE480060096
:105F9400D4901600D480140006F86809DA0104B31A
:105FA40048402D0AD4901600D480140006F86809DD
:105FB400DA0104B3F0A40D02E6FA6400A8B0D4C078
:105FC4000200DC4FD49E5C01D740E000F2F8A2212D
:105FD400DA004A4DE4800800D4901600D4801400FE
:105FE40006F86809DA0104B348402D0AD490160073
:105FF400D480140006F86809DA0104B3F0A40D0291
:10600400E6FA6400A8B0D4C00200DC4FD49E5E015E
:10601400D740E000F2F89E21DA004A4DE4800A00FD
:10602400D740E000F3F8782249823D23D49016004B
:10603400D480140006F86A09DA0104B348402D0A32
:10604400D4901600D480140006F86A09DA0104B367
:10605400F0A40D02E6FA50C3A8B0D4C00200DC4F8D
:10606400D49E6001D740E000F2F8A621DA004A4D40
:10607400F0D4D4601000D4701200DC5FC46E7201DE
:10608400C47E7401F4800400C0848840D740E000DA
:10609400C2F498218840E0848840E6F41B008840DC
:1060A400D4501E00D4401C008850F0C4D4B0180052
:1060B400D4A01600F09FF08EDA00824B06F00A009E
:1060C400F4800600C0848840D740E000C2F49C21DC
:1060D4008840E0048840E6F443008840D4501E0021
:1060E400D4401C008850F0C4D4B01800D4A01600CA
:1060F400F09FF08EDA00824B06F00A00F48008006C
:10610400C0848840D740E000C2F4A4218840E0B4B1
:106114008840E6F45B008840D4501E00D4401C0044
:106124008850F0C4D4B01800D4A01600F09FF08EAC
:10613400DA00824B06F00A00F4800A00C08488402A
:10614400D740E000C2F4A0218840E0A48840E6F4EF
:1061540061008840D4501E00D4401C008850F0C414
:10616400D4B01800D4A01600F09FF08EDA00824B51
:1061740006F00A00F04DC0848840D4501800D44082
:1061840016008850F0C4D4B01200D4A01000F09FC0
:10619400F08EDA00744C0804D4501600D440140075
:1061A4008850F0C4D4B01000D4A00E00F09FF08E3C
:1061B400DA00A04D0802D4501600D44014008850D0
:1061C400F0C4D4B01000D4A00E00F09FF08EDA001A
:1061D4007E4F0802D4401000D450120088508840EA
:1061E400D4501A00D44018008850F0C4D4B014001D
:1061F400D4A01200F09FF08EDA009E430806D4501B
:106204001600D44014008850F0C4D4B01000D4A0B8
:106214000E00F09FF08EDA0026520802D4401000DF
:10622400D450120088508840D4501A00D44018002A
:106234008850F0C4D4B01400D4A01200F09FF08EA3
:10624400DA0078570806D4401000D4501200885061
:106254008840D4501A00D44018008850F0C4D4B0F8
:02626400140024
:10626600D4A01200F09FF08EDA000E590806D45022
:106276001600D44014008850F0C4D4B01000D4A046
:106286000E00F09FF08EDA00745C0802D4501600FF
:10629600D44014008850F0C4D4B01000D4A00E002E
:1062A600F09FF08EDA00265E0802D740E000F2F694
:1062B6009621DC4FC46E5801D740E000F2F69A21D1
:1062C600DC4FC46E5A01D740E000F2F6A221DC4F43
:1062D600C46E5C01D740E000F2F69E21DC4FC46E2E
:1062E6005E01D740E000F2F6A621DC4FC46E6001E5
:0862F600E11CDC4FE4CEA9011C
:0C62FE0006F01200FCFFFCFEFCFDDB00C3
:020000040001F9
:105A0200ECFEECFF88C088B088A0F0E8F0F906F060
:025A1200FCFF97
:105A1400E6F47822E6F5E000B840C4500200D7402E
:105A2400E000F3F8982149813D14D4500A00D44091
:105A34000800DC45F484E605C085E0A40B54F2F5C7
:105A44000EFED740E000F2F496214045AD02E0148A
:105A54000D01E004F1C8D4500200A840DC45E4C4C0
:105A64000A00E01CD740E000F2FB9E21E6FAD004D5
:105A7400D4900A00D4800800DA0122B7D47002005E
:105A8400A860DC47C4463E00D4900200A880DC49EC
:105A9400F48834002D09D4500600D4400400DC45B9
:105AA400F4841A0049822D14E10CDC49B9C8E10CD4
:105AB400D4500200A840DC45E4C43200D4500200B3
:105AC400A840DC55C4E41E00C4F42000EA00E65BF0
:105AD400DC49A9883D03E11CDC49B9C8D450020063
:105AE400A840DC45A98449823D1ED4900A00D48094
:105AF400080006F80609DA0104B3D4700600D4607D
:105B04000400DC47D456140040549D0DE11CD450CD
:105B14000200A840DC45B9C4E10CD4500200A840FE
:105B2400DC45E4C43200D4500200A840DC45A9841A
:105B340049813D57D4900A00D480080006F804092E
:105B4400DA0104B3D4700600D4600400DC47D456F0
:105B5400140040548D3FD4900200A880DC49F4889E
:105B640032003D0CE11CDC49E4C83200D450020090
:105B7400A840DC55C4E41A00C4F41C00D4900A0004
:105B8400D480080006F80809DA0104B3F084E009B7
:105B9400D4B00200A8A0DC5BD46A1A00D47A1C003A
:105BA400F04E2046F05F3057204830598D1AE12CD2
:105BB400DC4BB9CAD4500200A840DC55C4E41E0032
:105BC400C4F42000E10CD4500200A840DC45E4C435
:105BD40032000D07E10CD4500200A840DC45E4C4B7
:025BE40032008D
:0A5BE60006F00A00FCFFFCFEDB00E5
:105BF000ECFDECFEECFF88C0F0EAF0FB88908880BA
:045C000006F0F6FFB5
:105C0400E6F47822E6F5E000B840C4500200E6F479
:105C14009621E6F5E000C4400400C4500600E00606
:105C2400D4501400D4401200DC45C4640600E006DD
:105C3400D4501400D4401200DC45C4640400E10CC8
:105C4400D4501400D4401200DC45E4C41900E10C23
:105C5400D4501400D4401200DC45E4C41800D4909D
:105C64001000D4800E0006F8DB05DA0104B3DC4F23
:105C7400D45E140040548D08E11CD4500200A840A6
:105C8400DC45E4C401000D14D4901000D4800E004F
:105C940006F8DD05DA0104B3DC4FD45E1400405489
:105CA400ED07E10CD4500200A840DC45E4C4010037
:105CB400D4501000D4400E00DC45F484B407C084F2
:105CC4007C14F0D468D3D4500200A840DC45F4849A
:105CD40001002D1CF04D49822D0BD4701400D460AA
:105CE4001200DC47D44604007841DC47C446040073
:105CF400F04D49812D0BD4701400D4601200DC47A0
:105D0400D44606007841DC47C4460600D49010000F
:105D1400D4800E0006F8B507DA0104B3C4400800C5
:105D2400D4901000D4800E00DC49F488B4079AF4AF
:105D34004400D46008002D41DC4FD45E140040566A
:025D44008D3C94
:105D460006F8DB05DA0104B3F074D44008002074C9
:105D5600DC4FD46E14002064D4501000D4400E00E2
:105D6600DC45F484B707C0841B64F2F50CFEF2F43C
:105D76000EFEF6F40EFEF6F50CFE7B77F2F40EFE42
:105D8600F07446F76400FD02E6F76400F04D4982C0
:105D96002D08F1CED4501400D4401200DC45E4C4E2
:105DA6001800F04D49812D08F1CED4501400D4408E
:085DB6001200DC45E4C41900F1
:105DBE00D4501400D4401200DC45F4841800D7509F
:105DCE00E000F7F8B935F78EBA35D4800A00D490D2
:105DDE000C00DA01C88A49802D1DD4501000D44021
:105DEE000E00DC45F484C508C085E0A40B54F2F621
:105DFE000EFED4500600D4400400DC45A8444046B4
:105E0E00CD09D4500200A840DC45A98449823D0248
:105E1E00E0140D01E004F1C8D4500200A840DC45A6
:105E2E00E4C40300D4500200A840DC45F48403000F
:105E3E002D34D4901000D4800E0006F8E705DA0158
:105E4E0004B3DC4FD45E140040548D27D4501000A0
:105E5E00D4400E00DC45F484B407C0847C44F0D4F6
:105E6E0068D3F04D49822D0BD4701400D46012000B
:105E7E00DC47D44604003FF4DC47C4460400F04D32
:105E8E0049812D0BD4701400D4601200DC47D44627
:105E9E0006003FF4DC47C4460600D4901000D480C0
:105EAE000E0006F83209DA0104B3C4400800D450DB
:105EBE000200A840DC45F48403002D74D490100039
:105ECE00D4800E00DC49F488B4079AF46B30D460A9
:0E5EDE0008002D68DC4FD45E140040568D6322
:105EEC0006F8E705DA0104B3D45008002045F06445
:105EFC00E007DC4FD48E14002085D4B01000D4A061
:105F0C000E00DC4BF48A3409C0841B84F2F50CFEC1
:105F1C00F2F40EFEDA01AAF0F084F095DC4BF48A70
:105F2C00B407C0847C44F0D468D3D4501000D4405F
:105F3C000E00DC45F4843409C08AE00BF048F059BB
:105F4C00204A305BFD02F08AF09BF018D740E0004D
:105F5C00F7F2BA35F04D49822D11D4B01400D4A00B
:105F6C001200DC4BF48A1800C086E007F048F059A8
:105F7C0020463057FD03DC4BE42A1800F04D4981D4
:105F8C002D12D4B01400D4A01200DC4BF48A1900EA
:105F9C00C086E007F048F05920463057FD04F06801
:065FAC00DC4BE4CA190001
:105FB200D4901000D4800E0006F83E09DA0104B332
:105FC200F064D4300200A820DC43D4523E00486082
:105FD2002D02F0460D02E6F4C800F0640065D4B06C
:105FE2001000D4A00E00DC4BF48AD4059AF42D10D4
:105FF200DC43A98249823D29DC43F4820A002D2533
:10600200D4900600D4800400DC49F4880A00498157
:106012003D1CDC49D448080046F43C00CD16DC4F58
:10602200D45E14004056FD11DC43F48202003D0BA5
:1060320006FAE905F09BF08ADA0104B3DC4FD45E7C
:1060420014004054FD02E0140D01E004F1A849A03F
:106052003D0FE10CD4500200A840DC45E4C402002C
:10606200E10CD4500200A840DC45E4C433000D3BEF
:10607200D4900200A880DC49F48833003D10E11C72
:10608200DC49E4C83300D4600A00D4700C00D45058
:106092000200A840DC55C4642200C4742400D45019
:1060A2001000D4400E00DC45F4840306C085E6F4FB
:1060B20064001B54F2FB0CFEF2FA0EFED430020016
:1060C200A820DC53D4822200D4922400D4600A0097
:1060D200D4700C0020683079206A307B8D04E11C7A
:1060E200DC43E4C20200D4500200A840DC45F48440
:1060F20002002D0BD4701400D4601200DC47D44689
:1061020004007842DC47C4460400D4500200A84090
:10611200DC45A98449813D19D4700600D46004008D
:10612200DC47F486020049813D10DC47A84646F46C
:106132008403CD0BD4701400D4601200DC47D44623
:1061420004007844DC47C4460400D4500600D4401E
:106152000400DC45F484060049813D27D4901000F8
:10616200D4800E0006F80E09DA0104B3D4700600DA
:10617200D4600400DC47D45604004054FD16D470A9
:106182001400D4601200DC47D44604004FF4DC470C
:10619200C4460400D4701400D4601200DC47D44614
:1061A20006004FF4DC47C4460600D4501400D44025
:1061B20012008850F0C4F0BFF0AED4800C00D4902E
:0861C2000E00DA01D08808028A
:0C61CA0006F01000FCFFFCFEFCFDDB00FA
:020000040000FA
:050039004C52463100AD
:020000040001F9
:10206800E6FBE000E00AE6F87C33E6F9E000DA0097
:04207800E2DFDB00C8
:10207C00F04849869D65E0174C78F04949803D0C45
:10208C00F0579150D740E000F2F4C4336045D7408C
:10209C00E000F6F4C433DB00F048C085E0C40B5418
:1020AC00F2F60EFEE6F47C33E6F5E0000046F02492
:1020BC00F035D740E000F2F4C43360472D05DC4323
:1020CC00A9A2F04941A82D33D740E000F2F4C63361
:1020DC0060473D05DC53C4A20400C4B20600DC43D7
:1020EC00D452020046F5FFFF9D040851DC43C45254
:1020FC000200DC53C4A20800C4B20A00F069DC433D
:10210C00B9C2D740E000F2F4C6337047D740E000C4
:10211C00F6F4C633E118D750E000F7F8C833F3F8FB
:10212C00CE332D05E118D740E000F7F8C933D7407E
:10213C00E000F2F4C4337047D740E000F6F4C43347
:02214C00DB00B6
:10214E00F06BF07CF05AD740E000F3F842262D14E5
:10215E00F0A6F0B7A9802D0CDC49F4880200498165
:10216E002D0749802D02C0840D01E024F0940D014D
:0A217E00E009C0A8DA017C20DB00B4
:0C218800ECFEECFFF0E8F0F906F0FCFFC4
:10219400E6F49621E6F5E000B840C4500200E014ED
:1021A4008840F0BEF0CFE01AE6F89621E6F9E000A8
:1021B400DA014E210802E0148840F0BEF0CFE02A94
:1021C400D4900400D480020006F80800DA014E21FD
:1021D4000802E0148840F0BEF0CFE03AD490040046
:1021E400D480020006F80C00DA014E210802E01443
:1021F4008840F0BEF0CFE04AD4900400D4800200BE
:1022040006F81000DA014E210802DA000A63DC4500
:10221400F484D4056981C0843D02E0140D01E00416
:10222400C0848840F0BEF0CFE05AD4900400D4803B
:0A22340002000884DA014E210802BE
:08223E000804FCFFFCFEDB00BC
:10224600F04849802D03E6F480030D02E6F42003EE
:02225600DB00AB
:0E225800ECFDECFEECFFF0E8F0F906F0FCFF08
:10226600E04CE6FA3900E6FB0000F09FF08EDA015A
:10227600FCF448403D3EDC4FF48E040049813D3974
:10228600DC4FF48E050049863D34DC4FF48E0600A3
:102296003D30DC4FF48E07003D2CDC4FF48E5F00A2
:1022A60047F8A5003D26F08E06F80C00F09FDA01EF
:1022B60004B366F4C0FF3D1DF08E06F80E00F09FD5
:1022C600DA0104B348403D15E6FB5C00F0AFF09E32
:1022D600E6F8FFFFDA011AB4F0D4F08E06F85C00D7
:1022E600F09FDA0104B3404D3D04DC4FF48E5E00EE
:0A22F6002D02E1080D43E00D0D324A
:10230000F04DC085E0C41B54F2F60EFEF04E0046C0
:10231000F05F06F41000B840C4500200D450020030
:10232000A840DC45F48401003D1AF08E06F80C004C
:10233000F09FDA0104B3F074E0154C5DF04560479E
:102340002D10D4500200A840DC45A9842D08D4905B
:102350000200A8800882DA0104B348403D02E10887
:022360000D105E
:1023620008D1F04D49868DCBF08E06F85800F09FCB
:10237200DA012CB370453D020FF40D010EF46981B0
:0A2382000804FCFFFCFEFCFDDB007C
:0A238C00ECFDECFEECFF06F0F0FFA4
:10239600E00EE108B980E108E4800200E004E0050F
:1023A600C4400400C4500600D740E000F3F8CA3326
:1023B600EA304C26D740E000F3F8CE33EA304C261C
:1023C600E6F87C33E6F9E000DA01BA7849803D02A6
:1023D600EA004C26D740E000F3F8C8332D08E6F8AB
:1023E6007C33E6F9E000DA01E478EA004C26E00FF7
:1023F6000D52E00D0D18DA015C7749803D17F04F5C
:10240600C088DA014622F084008DE6FB2000E6F95A
:10241600D133E6FAE000009DDA019C7649803D0161
:102426000D0506FD200046FD60008DE546FD6000B9
:102436002D04E118E48002000D2DE6F8D133E6F90B
:10244600E000DA01582249802D25E6F8D933E6F96D
:10245600E000DA012CB3C4400800C4500A00F04E74
:1024660049802D0DD4600400D4700600D4400800C5
:10247600D4500A002046305728403850BD0BE01E85
:10248600F04FB980D4400800D4500A00C44004007C
:10249600C450060008F1F04F49828DABF04E4980DA
:1024A6002D34E00D0D13A980C088DA014622F08490
:1024B600008DE6FB2000E6F9D133E6FAE000009D48
:1024C600DA019C7649802D0506FD200046FD600058
:1024D6008DEA46FD60003D15E6F8D133E6F9E000E9
:1024E600DA01582249802D0DE6F8D933E6F9E000E5
:1024F600DA012CB3D4600400D470060020463057AD
:102506002D04E00EE118E4800200F04E49803D0300
:10251600F48002003D02E0140D01E004D740E00023
:10252600F7F8CA33F48002002D05F04E49803D02CB
:10253600E1380D01E118D740E000F7F8CF33F04E4F
:1025460049802D7BE6F8DD33E6F9E000DA0104B3D5
:10255600D740E000F6F4C633D4400400D450060059
:10256600D750E000F6F45434F6F55634A980D74037
:10257600E000F7F8CC33E118D740E000F7F8CB33AA
:04258600E00E0D58FE
:10258A00F04EC085E0C41B54F2F60EFEE6F4E133C9
:10259A00E6F5E0000046C4400C00C4500E00D450DA
:1025AA000E00D4400C00DC45A9C4F04EC085E0C43E
:1025BA000B54F2F40EFED740E000E4C47C33D4900E
:1025CA000E00D4800C000882DA0104B3F05EC0A6C3
:1025DA00E0C50B65F2F50EFED740E000C4457E3338
:1025EA00D4900E00D4800C000884DA012CB3F06E6B
:1025FA00C0C7E0C60B76F2F60EFED750E000C4461E
:10260A008033C4568233D4900E00D4800C0006F86E
:10261A000800DA012CB3F06EC0C7E0C60B76F2F6FA
:0E262A000EFED750E000C4468433C4568633FB
:1026380008E1F04E49868DA5E6F87C33E6F9E0001E
:04264800DA01E47857
:0C264C0006F01000FCFFFCFEFCFDDB00B3
:0E265800ECFDECFEECFFF0E8F0F906F0FCFF04
:10266600D740E000F3F8CA332D26D740E000F3F850
:10267600C8332D21D740E000F3F8CE333D1CD740B8
:10268600E000F3F842263D17D740E000F3F8242295
:102696003D12D740E000F2F41E223D0DD740E00087
:1026A600F3F8E7223D08E6F87C33E6F9E000DA01C4
:1026B600BA7849803D03E108EA004A28E6FB600053
:1026C600E00AE6F8D133E6F9E000DA00E2DFE04CB2
:1026D600E6FA3900E6FB0000E6F8D133E6F9E00059
:1026E600DA00EA3FE118D740E000F7F8D533E168B1
:1026F600D760E000F7F8D633F2FA5434F2FB5634DA
:1027060008A118B0E6F8D933E6F9E000DA0152B3C9
:10271600D740E000F2FAC633E6F8DD33E6F9E0002A
:08272600DA0118B3E00D0D53B8
:10272E00F04DC085E0C41B54F2F60EFEE6F4E13324
:10273E00E6F5E0000046B840C4500200F04DC085FA
:10274E00E0C40B54F2F40EFED740E000F4C47C3328
:10275E00D4500200A840DC45B9C4F04DC085E0C499
:10276E000B54F2F40EFED740E000D4A47E33D49086
:10277E000200A8800882DA0118B3F04DC085E0C4CB
:10278E000B54F2F40EFED750E000D4A48033D4B430
:10279E008233D4900200A8800884DA0152B3F04D3F
:1027AE00C085E0C40B54F2F40EFED750E000D4A462
:1027BE008433D4B48633D4900200A88006F808007F
:0427CE00DA0152B327
:1027D20008D1F04D49868DAAE6FB5C00E6F9D133BB
:1027E200E6FAE000E6F8FFFFDA011AB4F0A4E6F830
:1027F2002D34E6F9E000DA0118B3D740E000F3F82F
:10280200CB332D06D740E000F3F8CC3359810D01CC
:10281200E108D760E000F7F8CD33F78EC933F68EC2
:102822005234E118D750E000F7F8CE33F78ECF33A9
:10283200F04E06F4B80BF05F1850D750E000F6F4F3
:082842005834F6F55A34E11890
:0A284A000804FCFFFCFEFCFDDB00AF
:0A285400ECFDF0A8F0B906F0FEFF5D
:10285E00D740E000C2F8CD33DA014622F0D4D7409B
:10286E00E000F3F8CE33EA20DA2AD750E000F2F790
:10287E009E24F2F69C2426F67C3336F7E000EA30EE
:10288E00BC2AD750E000F2F65834F2F75A34F04A28
:10289E002046F05B305728403850CD02EA00BC2A63
:1028AE00DA015C77F1A849A1EA20DA2A49A0EA30D8
:1028BE00BC2AD740E000F3F8CE3307F8FE002D28EF
:1028CE0007F8FF002D3E07F8FF002D5707F8FF0011
:1028DE00EA20FC2907F8FF00EA20282A0985EA30B9
:1028EE00BC2AE108B980E01BF09066F9FF3FF2FACE
:1028FE0004FEF08D06F85F00DA01B8774980EA2011
:10290E00BC2AE128D740E000F7F8CE33EA00DA2AF5
:10291E00E01BF09066F9FF3FF2FA04FEF08D06F828
:10292E005F00DA019C764980EA20BC2AA9802D023C
:10293E00EA00BC2AE138D740E000F7F8CE33EA00CF
:10294E00DA2AE6FB2000D740E000F2F45234E6F932
:10295E00D133E6FAE0000094D740E000F2F85234AA
:10296E00008DDA01B8774980EA20BC2AE148D740C9
:10297E00E000F7F8CE33EA00DA2AE6FB2000E6F9AB
:10298E003134E6FAE000D740E000F2F85234008D20
:10299E00DA019C764980EA20BC2AE6FC2000D7406A
:1029AE00E000F2F45234E6FAD133E6FBE00000A484
:1029BE00E6F83134E6F9E000DA01FCF448402D0186
:1029CE000D76D740E000F2F45234F05406F52000B4
:1029DE00D740E000F6F5523446F560003D02E1586E
:1029EE000D01E138D740E000F7F8CE330D6FE7F870
:1029FE00A500B980E01BF09066F9FF3FF2FA04FEE5
:102A0E00F08D06F85F00DA01B87749802D50E16845
:102A1E00D740E000F7F8CE330D59E6FB2000E6F97B
:102A2E003134E6FAE000F08D06F84000DA019C76CB
:102A3E0049802D3DE7F8A500D740E000F7F8303487
:102A4E00E6FC2000E6FA1134E6FBE000E6F831344D
:082A5E00E6F9E000DA01FCF4E6
:102A660048403D29D770E000F3F8CD33F7F8CC3372
:102A7600F2F45434F2F5563408411850D750E000B9
:102A8600F6F45434F6F55634E118D770E000F7F84A
:102A9600CB33F3F8C933F7F8C833F78ECE33E118E2
:102AA600D740E000F7F8CF33E6F87C33E6F9E000EC
:102AB600DA01E4780D0FD740E000F78ECE33E13827
:102AC600D740E000F7F8CF33E6F87C33E6F9E000CC
:042AD600DA01E478C5
:062ADA000802FCFDDB0018
:022AE000ECFD0B
:102AE200E00D0D18E0154C5DD740E000F2F4C43360
:102AF20060453D0FE0CBE00AF04DC085E0C40B54C9
:102B0200F2F40EFEE6F87C33E6F9E0000084DA0027
:102B1200E2DF08D1F04D49868DE5D750E000F2F5AD
:102B2200C433F2F4C63340452D13D750E000F2F41B
:102B3200C433F6F4C633E118D750E000F7F8C833CF
:102B4200F3F8CE332D05E118D740E000F7F8C9338A
:042B5200FCFDDB00AB
:102B5600D740E000F3F8C8333D07D740E000F3F86C
:0C2B6600CE333D02E0140D01E004DB0062
:1051DE00ECFDECFEECFF88C0F0EAF0FB88908880D6
:0451EE0006F0E2FFE6
:1051F200E6F47822E6F5E000B840C4500200E6F496
:105202009621E6F5E000C4400400C4500600D470C4
:105212002400D4602200DC47F426D405F14269411F
:10522200C0482D0DD4500600D4400400DC45A854DB
:10523200E0A4F6F50EFE4B44F2F40EFE0D07D45038
:105242000600D4400400DC45D4440400C4400800F5
:1052520048802D03E6FD40040D02E6FD2004E6F43D
:105262001200004066F4FF3FF2F504FE88508840C9
:10527200E00CDC4FD4BE1400E6FA1000D4902800F3
:10528200D480260006F80004DA01E0B50804E6F44A
:105292001600004066F4FF3FF2F504FE8850884095
:1052A200E00CD4B00C00E6FA1000D4902800D480B0
:1052B2002600008DDA01E0B50804E6F41A00004089
:1052C20066F4FF3FF2F504FE88508840E01CD4509B
:1052D2000A00D4400800DC45D4B40800E6FA100005
:1052E200D4902800D480260006F86004DA01E0B5E4
:1052F2000804F4C01200D4500200A840DC45E4C403
:105302006200D4601400D4500200A840DC45C4649A
:105312006400F4C01600D4500200A840DC45E4C486
:105322006300D4601800D4500200A840DC45C46475
:105332006600E6F41600004066F4FF3FF2F504FE54
:1053420088508840E6FB160000B066FBFF3FF2FC87
:1053520004FEE00AD4902800D4802600DA01ACB61C
:105362000804C086D4500200A840DC45C46418007A
:10537200D4500200A840DC45A98449813D19E014BB
:105382008840E6FB1C0000B066FBFF3FF2FC04FE17
:10539200E6FA9004D4902600D4802400DA0112B6F2
:1053A2000802D4700200A860DC47C44618000D133E
:1053B200D740E000F3F8B6352D0ED4502400D44087
:1053C2002200DC45F484B907C086D4500200A8400C
:1053D200DC45C4641800E6F41600004066F4FF3FA2
:1053E200F2F504FE88508840E6FB160000B066FB2A
:1053F200FF3FF2FC04FEE6FA0002D4902800D480BB
:105402002600DA01ACB60804D4700200A860DC47BA
:10541200E4861600E0048840E6FB1C0000B066FB50
:10542200FF3FF2FC04FEE6FA8004D4902600D4800A
:105432002400DA0112B60802F1C8D4500200A840D2
:10544200DC45E4C41400E0048840E6FB1C0000B024
:1054520066FBFF3FF2FC04FEE6FAC004D49026008D
:10546200D4802400DA0112B60802E6F564001B4576
:10547200F2FD0EFED4900200A880DC59D4681E0012
:10548200D4782000D4401E00D4502000204630574B
:10549200C4400E00C4501000DC49A98849823D3343
:1054A200F06DE007D4400E00D45010002046305773
:1054B2009D2AE0048840E6FB1C0000B066FBFF3F2B
:1054C200F2FC04FEE6FAB004D4902600D480240054
:1054D200DA0112B6080226F46400E005F0ADE00B32
:1054E200D4800E00D4901000F06A2068F07B3079EE
:1054F200DA0192F0F06AF07BDA01AAF006F46400B5
:105502001850F1C80D02E7FC6400D4500200A84014
:10551200DC45E4C41500D4502800D440260088504D
:10552200F0C4D4B02600D4A02400D4802000D490AB
:105532002200DA0144AD0802D4902400D480220073
:1055420006F8DF05DA0104B3F064E007C4600A007C
:10555200C4700C00D4500600D4400400DC45D4547E
:105562000C00E6F464000B54F2F50CFEF2F40EFEAD
:1055720006F4B36A1850F0B4E6FAB36AF086F0970C
:10558200DA01ACB3F064F075C4600A00C4700C00B8
:10559200E6FB6400D4500200A840DC45D4A4180005
:1055A200F086F097DA01ACB3C4400A00C4500C0094
:0455B200D4502400AD
:1055B600D4402200DC45F484D4056981C0843D13BF
:1055C600E6FB6400D4500600D4400400DC45D4A4B5
:1055D6000400D4800A00D4900C00DA01ACB3C440B5
:1055E6000A00C4500C00D4902400D4802200DC4968
:1055F600F488D0082D1606F81209DA0104B3F0A4CF
:10560600D4500200A840DC45F4841600C08BD48038
:105616000A00D4900C00DA01ACB3C4400A00C450AE
:105626000C00D4400A00D4500C007C144AF5F40F48
:105636007C15C4400A00C4500C00D4700200A86057
:10564600DC47A98649812D47E6FB6400DC47F486E2
:105656001400C08AD4800A00D4900C00DA01ACB3DE
:10566600F064F075C4600A00C4700C00E6FB6400C8
:10567600D4500200A840DC45F4841500C08AF086A8
:10568600F097DA01ACB3F064F075C4600A00C47038
:105696000C00E6FB0004D4500200A840DC45D4A46C
:1056A6005E00F086F097DA01ACB3F064F075C46082
:1056B6000A00C4700C00E6FB6400D4500200A84047
:1056C600DC45D4A43800F086F097DA01ACB3C440C8
:1056D6000A00C4500C00D4400A00D4500C0026F432
:1056E60060EA3850FD07E6F460EAE005C4400A00C7
:1056F600C4500C00D4500600D4400400DC45D4B499
:105706001000E6FA4005D4902400D4802200DA0185
:105716001AB8F064D4800A00D4900C00F04870499E
:105726002D08F046E00500481059C4400A00C45050
:105736000C00D4400A00D4500C0026F4FFFF385069
:10574600FD04E6F4FFFFE0050D04D4400A00D45042
:105756000C00F064D4502800D4402600DC45C46414
:105766000A00DC4FD44E14002D0EDC4FD44E14002C
:10577600F064E007E6F40087E6F59303DA01AAF0A1
:10578600F0E4F0F50D02E00EE00FD4502400D44012
:105796002200DC45F484CF08C086E007F04EF05FB7
:1057A600DA0192F0E6F66400E007DA01AAF0F08486
:1057B600F095F048F05926F4A8613850FD03E6F854
:1057C600A861E009D4400A00D4500C0020483059A2
:1057D600FD04C4800A00C4900C00D4400A00D450D2
:1057E6000C00F064D4502800D4402600DC45C46484
:1057F6000800D4500600D4400400DC45D4B41000A0
:10580600E6FA3005D4902400D4802200DA011AB8D2
:10581600D4702800D4602600DC47C4460C00D4505F
:105826002400D4402200DC45F4C43A09D4502800B0
:10583600D4402600DC45E4C41A00D4902800D48065
:105846002600DC49D4480C00F064E00706F6E803BD
:105856001870F04EF05F20463057ED11F04EF05FB5
:1058660026F4DC053850FD07F04E26F4E803F05F19
:105876003850F0640D01E006DC49C4680C00E6F41B
:105886001600004066F4FF3FF2F504FE885088409B
:10589600E6FB160000B066FBFF3FF2FC04FEE6FAEC
:1058A6000001D4902800D4802600DA01ACB60804A2
:1058B600C085E0540B54F2F60EFE26F6C800D4500E
:1058C6002800D4402600DC45C4641400E6F4F40144
:1058D600E0058850F0C4ECFCE00CD4500800D4403D
:1058E6000600DC45D4B40C00E6FA1005D490260078
:1058F600D4802400DA0122B7E0551B45F2F50CFEF0
:10590600F2F40EFED4702A00D4602800DC47D46678
:105916001400F076BCF720643075D4500400D440EF
:105926000200DC45D4445400F084F098BCF90086AB
:105936001097E6FA38FFE6FBFFFFFCFCDA017AB3C4
:105946000802F064D4502800D4402600DC45C46424
:105956001400D4500200A840DC45A98449813D10BA
:10596600D4902400D480220006F81A09DA0104B380
:04597600D4702800C1
:10597A00D4602600DC47C44614000D1AD740E00064
:10598A00F3F8B6352D15D4502400D4402200DC4556
:10599A00F484B807C085E0540B54F2F60EFE26F6DE
:1059AA00C800D4502800D4402600DC45C464140042
:1059BA00D4902400D480220006F80506DA0104B344
:1059CA00D4702800D4602600DC47C4461600D49060
:1059DA002400D480220006F81809DA0104B3D4702E
:0C59EA002800D4602600DC47C4461000F2
:0C59F60006F02400FCFFFCFEFCFDDB00C2
:020000040000FA
:0440220012131B1A40
:020000040001F9
:04A7660006F0FEFFFC
:10A76A00F09066F9FF3FF2FA04FEE6F83F00DA01DC
:10A77A00327649803D02E0140D01E004D760E00022
:10A78A00F7F8E722F78EE822F3F8E7223D04D740EC
:06A79A00E000F78EE22250
:04A7A0000802DB00D0
:10A7A400E6F4E022E6F5E000F0A4F0B5DC4BF48A30
:10A7B40004003D12F068DC4BE4CA0400F06A06F6BB
:10A7C4001800F07BDC57A846D45602000841185004
:10A7D400DC57B846C4560200E13CDC4BB9CAE10C74
:10A7E400DC4BE4CA0600E006DC4BC46A0E00DA0166
:02A7F40066A756
:02A7F600DB0086
:0CA7F800ECFDECFEECFFF0D806F0FCFFDE
:10A80400E6F4E022E6F5E000F0E4F0F5DC4FF48E47
:10A8140008002D08E12CDC4FE4CE0200E10CDC4FF3
:10A82400E4CE0800F09066F9FF3FF2FA04FEF04D22
:10A83400C088DA01327649803D16DA010675F1A83E
:10A84400E4A0020049A02D05DA011075DC4FE48E66
:10A854000500F4A002002D02C0A80D01E018DA01E1
:10A86400A4A7E1080D4DA9C0DC4FE4CE0500A980E2
:10A8740067F8C000E4800200DC4FF48E02002D2D46
:10A88400F4C002002D0347FC80003D0A47FC800011
:10A894003D02E0380D01E048DA01A4A7E1080D30DB
:10A8A400DC4FF48E020049813D18F480020047F821
:10A8B40040003D0FDC4FF48E03000981DC4FE48E31
:10A8C400030047F809008D09E028DA01A4A7E1088C
:10A8D4000D17E10CDC4FE4CE0300F04D47F83F00C8
:10A8E4003D02E10C0D09F04D67F8360047F82400ED
:10A8F4003D02E12C0D01E11CDC4FE4CE0200E11825
:0AA904000804FCFFFCFEFCFDDB0074
:10A90E00D750E000F78EE622F68EEE22DA0166A729
:10A91E00D740E000F3F8E7222D04E068DA01A4A79F
:10A92E00DB00D740E000F3F8E4222D02E1380D0100
:0CA93E00E108D740E000F7F8E022DB0061
:0CA94A00ECFEECFFF0E8F0F906F0FCFF7A
:10A95600E6F4E022E6F5E000B840C4500200D74035
:10A96600E000F3F8CA202D6AD740E000F3F840264D
:10A976002D65D740E000F3F841263D60D740E00062
:10A98600F3F878223D5BD4900200A880DC49F48875
:10A9960004002D010D53E10CDC49B9C8E6F83F006F
:10A9A600DA01F8A749802D4AE10CD4500200A840EC
:10A9B600DC45E4C40300E11CD4500200A840DC4599
:10A9C600B9C4DA000A63F084F09506F83C09DA01A6
:10A9D60004B3D4700200A860DC47C4460E00D490CD
:10A9E6000200A880DC49D4480E003D05E6F6FA00D0
:10A9F600DC49C4680E00DA000A63F084F09506F8B4
:10AA06001C09DA0104B3F064E007006E107FD4502D
:10AA16000200A840DC55C4641000C4741200D4506F
:10AA26000200A840DC55C4E41400C4F41600E10C8E
:0CAA3600D4500200A840DC45E4C4060037
:08AA42000804FCFFFCFEDB0030
:0EAA4A00ECFDECFEECFFF0E8F0F906F0FAFF90
:10AA5800E6F4E022E6F5E000B840C4500200DA016E
:10AA68000675F0D4F04D49802D15D4500200A84049
:10AA7800DC45F48404003D0EDA011075D470020040
:10AA8800A860DC47E4860500F04DC088DA01A4A779
:10AA9800EA003AADD4900200A880DC49F4880700A7
:10AAA8002D1EDC59D4681400D4781600F04E2046C8
:10AAB800F05F305728403850EAC03AADDA0166A74F
:10AAC800F06E06F60A00F07F1870D4500200A84015
:10AAD800DC55C4641400C4741600EA003AADD450BE
:10AAE8000200A840DC45A9844983EA203AADD45045
:10AAF8000200A840DC45A9843D02EA003AADD450E2
:10AB08000200A840DC45A98449813D14D4500200C4
:10AB1800A840DC55D4641000D4741200F04E2046CE
:10AB2800F05F305728403850CD05E058DA01A4A727
:10AB3800EA003AADD4500200A840DC55D4641400B1
:10AB4800D4741600F04E2046F05F30572840385035
:10AB5800EAC03AADD4500200A840DC45F4840600AF
:10AB6800EA206CACD4500200A840DC45F484010013
:10AB7800C084F484224067F80900C08476F4240075
:10AB8800C088DA01F8A74980EA203AADD43002003B
:10AB9800A820DC43A98249813D1ADC43D4520E0027
:10ABA8002D042851DC43C4520E00D4900200A88022
:10ABB800DC49D4480E003D20E12CDC49B9C8E00648
:10ABC800D4500200A840DC45C4640A000D15DC43DB
:10ABD800F482060049813D08DC43D4420A0008415A
:10ABE800DC43C4420A000D08DC43D4520A002D0499
:10ABF8002851DC43C4520A00E10CD4500200A8409A
:10AC0800DC45E4C40600D4500200A840DC45F484C6
:10AC18000100C084F4842240C088DA011A75498092
:10AC28003D0DDA010675F0D4F04D49802D03F04D45
:10AC3800C0880D01E078DA01A4A70D7BE11CD4508F
:10AC48000200A840DC45E4C40800F06E0865F07F07
:10AC58001870D4500200A840DC55C4641400C474B1
:10AC680016000D67D4500200A840DC45A98449822B
:10AC78003D0ED4500200A840DC45D4640A00D450EC
:10AC88000200A840DC45D4440C0040462D52D45064
:10AC98000200A840DC45A98449812D0ED450020049
:10ACA800A840DC45D4640A00D4500200A840DC4522
:10ACB800D4440C0040469D02E0140D01E004F1C8A4
:10ACC800E4C00400D4500200A840DC45F48401002C
:10ACD800C08549C02D02E0140D01E03400456843E9
:10ACE800F0D4F04DC084F4842240C088DA01F8A77B
:10ACF80049802D1FF06DD4500200A840DC45E4C403
:10AD08000100F48004002D02E12C0D01E11CD45057
:10AD18000200A840DC45E4C40600F06E0865F07F38
:10AD28001870D4500200A840DC55C4641400C474E0
:02AD3800160003
:0AAD3A000806FCFFFCFEFCFDDB0038
:10E62600DC49F48809003D08F06ADC69E4C80900A1
:10E63600F4C80B00E4C80C00E10CDC49E4C8050092
:0AE64600E11CDC49E4C80A00DB0017
:10E65000DC49F48804003D0EDC49F48809003D0AD9
:10E66000DC49F4880A003D06F04A67F8F60047F8EE
:10E6700012002D02E108DB00E11CDC49E4C80500C2
:10E68000F06ADC49E4C80600F04A67F80900C08473
:10E6900076F42400F1C8DC49E4C80700E11CDC5929
:10E6A000E4C80400C4B80200F06B06F69502DC4929
:06E6B000B868E118DB0070
:10E6B600E10CDC59E4C80500F488040049813D04F6
:0AE6C600E10CDC49E4C80400DB00AD
:06E6D000F07AF028F03999
:10E6D600DC43F482040049823D17DC43D452020035
:10E6E600F047204546F47102FD0CE01AF093F082E3
:10E6F600DA0126E6E10CDC43E4C20400E6F401019B
:10E70600DB00E6F40001DB00DC43F482040049810F
:10E716003D3ADC43A852F04720457D03E6F400016C
:10E72600DB00DC43A852F047204546F4FA00ED032F
:10E73600F04B49802D0AE07AF093F082DA0126E662
:10E74600E10CDC43E4C204000D1EDC53F4C20600F7
:10E75600F4820700418C3D09DC43F482060067F829
:10E766000900C08476F424000D03DC43F48206001D
:10E77600DC43E4820800E12CDC53E4C20400C472EA
:10E786000200C084DB00DC43F4820A002D11F04B4A
:10E7960049803D0EE7FC3F00DC43E4C20800E12C63
:10E7A600DC53E4C20400C4720200E6F43F00DB005E
:04E7B600E6F4000184
:02E7BA00DB0082
:04E7BC00F028F03918
:10E7C000F07A67FEC000DC43F482040049823D5BBE
:10E7D000F06ADC53E4C20B00D4520200F04B204537
:10E7E00046F47102FD05E01AF093F082DA0126E6A4
:10E7F000DC43F482070047F83F002D0F49E02D036A
:10E8000047FE80003D0A47FE80003D02E03A0D01D0
:10E81000E04AF093F082DA0126E6DC53F4C2080005
:10E82000E4C20700E10CDC53E4C20400F4820800F7
:10E8300047F83F003D09E10CDC43E4C20A00E10C6B
:10E84000DC43E4C20500DB00DC43F48205002D1B41
:10E85000DC43F48209003D17E11CDC63E4C20400E0
:10E86000C4B20200F4C20600DC43F4820700418C0B
:10E870003D03E6F6CC010D02E6F61603006B26F624
:06E880008100DC43B862D8
:02E88600DB00B5
:109AEE00ECFDECFEECFF88C088B0F0DAF0E8F0F99F
:049AFE0006F0E2FF8D
:109B0200E6F47822E6F5E000B840C4500200D490B2
:109B12002400D480220006F81009DA0104B3C440FC
:109B22000600E6F41A00004066F4FF3FF2F504FE78
:109B320088508840E01CD740E000F2FB9E21E6FA04
:109B42001000D4902800D480260006F86004DA01C0
:109B5200E0B50804E0048840E6FB1C0000B066FBA8
:109B6200FF3FF2FC04FEE6FAF004D4902600D48013
:109B72002400DA0112B60802C4400400E00488405E
:109B8200E6FB1C0000B066FBFF3FF2FC04FEE6FAB7
:109B92000005D4902600D4802400DA0112B608020F
:109BA200F094D4502400D4402200DC45F484EE0525
:109BB200C085E6F464001B54F2F80EFED4300200B5
:109BC200A820DC53D4621E00D4722000F0AE20A67E
:109BD200F0BF30B7DC43A98249813D04E118E4803B
:109BE2000A000D3BD4500200A840DC45A9844982FA
:109BF2003D0CD740E000F3F8982149813D06D7405B
:109C0200E000F3F8A02149812D04E108E4800A0074
:109C12000D24F068E007F04AF05B204630579D04BF
:109C2200E128E4800A000D19D4500200A840DC4566
:109C3200F4840A003D04E158E4800A000D0ED45079
:109C42000200A840DC45F48402002D04E148E480CF
:109C52000A000D03E138E4800A00F4A00A0049A1D9
:109C62003D06D44004000049C44004000D1B49A233
:109C72003D1948802D17F068E007206A307BF049D3
:109C8200E005DA0192F0F068E007DA01AAF0F08468
:109C9200F095D4600400E007F0460048F0571059F0
:109CA200C4400400D4500200A840DC45F4840800FB
:109CB2002D09D4502400D4402200DC45F484C0088D
:109CC200C0840D01E004C4400800D4500800D44010
:109CD20004000045C4400400D4502000D4401E00BB
:109CE200DC45D4441400F064E007D4500200A840DC
:109CF200DC45D4443E00E00520463057C4400E0007
:109D0200C4501000D4502400D4402200DC45F42476
:109D12000406C02AE00BF06A8160F07B1870817043
:109D2200D4800E00D4901000F048F05920463057ED
:109D3200BD09208A309BDD06E004E005C4400E0028
:109D4200C4501000D4902400D480220006F83006BB
:109D5200DA0104B3F064E007D4400E00D4501000DE
:109D6200DA0192F0E6F61027E007DA013CF1C4408E
:109D72001200C4501400D4300200A820DC43F4A224
:109D82001700F4800A0041A83D09DC43D452600068
:109D9200D740E000F2F4CC2040452D36E6F4605B7B
:109DA200E0358850F0C4E6FAA0A4E6FBFCFFDC43F1
:109DB200D4424000F064E007D4400A00E0050046C7
:109DC2001057DC43D4620E00E00720463057D460BF
:109DD2000600E00720463057D4601400D470160005
:109DE20020463057E6F6E803E007DA0192F0F08405
:109DF200F095DA017AB30802D4700200A860DC5749
:109E0200C4465A00C4565C00E006D4500200A84082
:109E1200DC45C4645400F4800A004983EA3096A009
:109E2200E0C4004066F4FF3FF2F504FE885088402B
:109E3200E01CD4401200D4501400F0B4E08AD49054
:109E42002800D480260006F81006DA01C0B40804FF
:109E5200F0A4F4E00C00C0E8D4302400D4202200A6
:109E6200F0420048F053DC45F4842106C089002802
:109E7200DC43F4822006C088DA0154B4E0550B4575
:109E8200F2F50CFEF2F40EFE26F4C8003850F0642F
:109E9200D4500200A840DC45C4645400D49024008D
:109EA200D4802200DC49F488D8054982EA20B8A08F
:109EB200D740E000F3F8E0224982EA30B8A006F881
:029EC200320666
:109EC400DA0104B3F064E007D4400E00D45010006B
:109ED400DA0192F0E6F66400E007DA013CF1F06D95
:109EE400E007DA0192F0E6F6E803E007DA013CF174
:109EF400C4401600C4501800D4902400D48022001A
:109F0400DC49F488D8053D3BE004E005C440160074
:109F1400C450180006F82409DA0104B3F084E009F7
:109F2400D4B00200A8A0DC5BD46A4A00D47A4C0006
:109F3400F04E2046F05F3057204830598D20D460D1
:109F44000E00D4701000F046F05728403850BD047D
:109F5400E6F4E803E0050D0A28603870DD05E6F450
:109F640018FCE6F5FFFF0D02E004E005C44016000E
:109F7400C4501800DC5BC4EA4A00C4FA4C00D4F0B4
:109F84000200A8E0DC5FD44E5A00D45E5C00E6F622
:109F9400E803E007DA013CF1F0A4F0B5D460040072
:109FA400E007D4801200D490140000681079F08681
:109FB400008AF097109BDC4FF48E08002D0ADC4FCA
:109FC400F48E04003D06E004E005C4401600C450CD
:109FD4001800D4201600D4301800F042F053284062
:109FE4003850BD09D4400600F064E007F048F05949
:109FF40020463057CD08F042F05328403850DD2237
:10A0040028803890BD1FE6F4605BE0358850F0C4CA
:10A01400E6FAA0A4E6FBFCFFD4500400D4400200FE
:10A02400DC55D4845A00D4945C0000821093DA0185
:10A034007AB30802D4700200A860DC57C4465A0000
:10A04400C4565C00D4400600E0058850F0C4E00A21
:10A05400E00BD4700400D4600200DC57D4465A00EC
:10A06400D4565C00E6F6E803E007DA013CF1D4607C
:10A074000600F086E009D4601400D470160000864F
:10A08400109700841095DA017AB30802C4400400E2
:10A094000D11F4800A0049843D0DD4700200A860BB
:10A0A400DC47D4864000D44004004084FD0328816A
:10A0B400C4800400D4700200A860DC47F486090060
:10A0C4002D0DDC47F48608002D09DC47D4860C00EE
:10A0D400D44004004084FD02C4800400D44006003F
:10A0E400E0058850F0C4E00AE00BD4400600F08498
:10A0F400E009DA017AB30802F064D4500200A840FF
:10A10400DC45C4644000D4600800D4500200A84078
:10A11400DC45C4640E00F4C00A00D4500200A84018
:10A12400DC45E4C41700D740E000F2F6CC20D4505C
:10A134000200A840DC45C4646000D4500200A8407A
:0EA14400DC45D4444000D740E000F6F4EC22A5
:0CA1520006F02200FCFFFCFEFCFDDB0020
:020000040000FA
:100EF800001002586810043301F400961519B30362
:100F08000004100064000000000000000000000061
:100F18000190032004B0064007D009600AF00C8055
:100F28000E100FA0113012C0145015E017701900E0
:100F38001E1E1E1A17171514121111111010101059
:100F48001414141D20242C2F2F2F3535383C4343DF
:100F580028283030302B2A28272626262423232207
:100F68003C3C3C3C3C3C3030303030303030303031
:100F78000404040404040404040404040404040429
:100F88001010101010101010101010101010101059
:100F98000F141B242D363F48515A6369757E87907C
:070FA800000102030506072A
:10BC1C00E6F488131B84F2F50CFEF2F40EFE06F427
:10BC2C0000021850F0657CA47CA55C667046DB00B5
:10BC3C00E6FCB700E6FAF80EE6FB000006F8000A90
:06BC4C00DA00EA3FDB0014
:10BC5200ECFDECFEECFF88B088A0F0E8F0F906F00D
:02BC6200FEFFE3
:10BC6400E6F6000AD4500400D4400200DC45B8646F
:10BC7400DC4FF48E000A4982ED6ADC4FF4AE010A0F
:10BC84002D0347FA10003D63F08E06F8020AF09F78
:10BC9400DA0104B346F458028D5AF08E06F8020A0B
:10BCA400F09FDA0104B346F47017ED51DC4FF48EC3
:10BCB400040A49858D4CDC4FF48E050A2D48DC4F6F
:10BCC400F48E060A4986ED43DC4FF4AE070A47FAC0
:10BCD4000D008D3D47FA3300ED3AF08E06F8080A60
:10BCE400F09FDA0104B346F48813ED31F08E06F8C0
:10BCF400080AF09FDA0104B348402D29F08E06F8B3
:10BD04000A0AF09FDA0104B346F464008D20F08E31
:10BD140006F80A0AF09FDA0104B346F4E803ED17C3
:10BD2400DC4FF48E0C0A47F81500ED11DC4FF48E4D
:10BD34000D0A47F81900ED0BDC4FF48E0E0A2D079F
:10BD4400DC4FF4AE0F0A2D0347FA0A00FD03E108A5
:10BD5400EA0030BFE6F6100AD4500400D4400200D2
:10BD6400DC45B864DC4FF48E100A4981ED1EDC4FCB
:10BD7400F4AE110A2D1ADC4FF4CE120A47FC10005F
:10BD8400ED1441ACED12F08E06F8130AF09FDA01BF
:10BD940004B346F419008D09F08E06F8130AF09FD7
:10BDA400DA0104B346F49001FD03E108EA0030BF70
:10BDB400E00DEA00D0BEF06D5C1606F6200AD45001
:10BDC4000400D4400200DC45B864D4500400D440DC
:10BDD4000200DC45A844F08E0084F09FDA0104B32D
:10BDE400B840A84046F490018D15A84046F4E02ED2
:10BDF400ED1148D02D12D4500400D4400200DC458B
:10BE0400A844F08E0084F09F2882DA0104B3A8507D
:10BE140040458D03E108EA0030BFF06D06F6400AA4
:10BE2400D4500400D4400200DC45B864D49004002B
:10BE3400D4800200DC49A868F04E0046F05FDC457F
:10BE4400A98449828D40DC49A868F02E0026F03F81
:10BE5400DC43A98247F85000ED36F0AE00ADF0BFE8
:10BE6400DC4BF42A500A47F20D008D2D47F25000A6
:10BE7400ED2ADC43A982C087C024004746F4A00011
:10BE8400ED22DC4BF4CA600A47FC10008D1C47FC11
:10BE94005000ED19DC4BF48A800A2D15DC4BF48A32
:10BEA400900A47F81000ED0FDC5BF4EA900AF48A7C
:10BEB400800A418EED08DC4BF48AA00A2D04DC4B89
:10BEC400F48A700A3D02E1080D3108D146FD1000E4
:10BED400EA80BABDE00D0D20F06D06F6B00AD4502C
:10BEE4000400D4400200DC45B86448D49D02F04DFF
:10BEF4000D02F04D0841F1E8D4500400D440020092
:10BF0400DC45A864F04E0046F05FDC45A984418E10
:10BF14002D02E1080D0B08D148D78DDEE006D45080
:0CBF24000400D4400200DC45B864E118C1
:0ABF30000806FCFFFCFEFCFDDB0030
:10BF3A00E6FB4A00E00AE6F81C35E6F9E000DA001A
:10BF4A00E2DFE6FB2000E00AE6F8E634E6F9E00084
:10BF5A00DA00E2DFE6FB1600E00AE6F80635E6F963
:10BF6A00E000DA00E2DFD740E000F68F1E35E7F89E
:10BF7A002500D740E000F7F85235E7F82500D7400A
:10BF8A00E000F7F85335E148D740E000F7F85535B7
:10BF9A00E158D740E000F7F85635E7F83300D740C4
:10BFAA00E000F7F85435F78E5C88F78E5A88F78EDA
:10BFBA005B88F68E5888F78E5D88F78F5E88DB007F
:06BFCA00ECFDECFEF0D8D6
:10BFD000DA01F249F0E4D770E000F78E5E35F78EB3
:10BFE0005D35F78E5A35F78E5935D740E000F78E1C
:10BFF0004E35F04D49802D05F04DD740E000F7F863
:0CC000004D35DA014436F08EDA01144AA6
:06C00C00FCFEFCFDDB0060
:10C01200F07AF028F039DC5CD4AB0200A92BC028FE
:10C02200F0680067F0420046F053DC45F4840100FA
:10C03200C0890087F0420048F053DC45A984C088DB
:06C04200DA0154B4DB003A
:10C04800ECFDECFEECFF88C0F0EAF0FB88908880FD
:04C0580006F0D4FF1B
:10C05C00D4503200D4403000DC45F484000AE48033
:10C06C002A00F3F85D882D07D740E000F2F4CC20CD
:10C07C0042F458882D51E008DA00CABFDA01F249BF
:10C08C00C4402400D4503200D4403000DC45F48449
:10C09C00070AD740E000F7F85435D4503200D440AA
:10C0AC003000DC45F484060AD750E000F7F855352B
:10C0BC00C2F65535D4503200D44030000046DC4531
:10C0CC00F484B00AD740E000F7F85635F4A02A0003
:10C0DC00D740E000F7FA4C35D740E000F3F878226F
:10C0EC002D0249A22D0AD770E000F78E4D35F78E40
:10C0FC005C35F78E5B35F68E2635D740E000F2F4D2
:10C10C00CC20F6F45888E118F7F85D88DA0144364B
:10C11C00D4802400DA01144AD4703200D460300088
:10C12C00DC47F4A6010A43FA5E882D13D740E000E1
:10C13C00F3F878223D0EC0A8DA016C36DA014436E9
:10C14C00D4503200D4403000DC45F484010AF7F8B6
:10C15C005E88E6FB2000E00AF08066F8FF3FF2F90B
:10C16C0004FEDA00E2DFE6F42000004066F4FF3F54
:10C17C00F2F504FE88508840E00CDC4FD4BE14006D
:10C18C00E6FA1000D4903600D480340006F8200A69
:10C19C00DA01E0B50804F4802A00E4800A00D740F4
:10C1AC00E000F2F4CC20B840DC4FD44E1600C44072
:10C1BC000200E6FB200000B066FBFF3FF2FC04FE31
:10C1CC00E6FA400AD4903200D4803000DA0012C073
:10C1DC00E4800C00E6FB200000B066FBFF3FF2FCA5
:10C1EC0004FEE6FA500AD4903200D4803000DA0013
:10C1FC0012C0E4800D00E6FB200000B066FBFF3FA0
:10C20C00F2FC04FEE6FA600AD4903200D4803000CE
:10C21C00DA0012C0E4800E00D4503200D44030005A
:10C22C00DC45F484110AE4800F00D4503200D44071
:10C23C003000DC45F484120AE4801000D490320003
:10C24C00D480300006F8130ADA0104B3F0D4E6FB0C
:10C25C00200000B066FBFF3FF2FC04FEE6FAA00AE9
:10C26C00D4903200D4803000DA0012C0C085E6F4DD
:10C27C0090011B54F2F50CFEF2F40EFEF6F40EFED9
:10C28C00F6F50CFE7BDDF2F50EFEC45008004850AE
:10C29C003D03E014C4400800D4503200D4403000B8
:10C2AC00DC45F484100AE4801B00D4503200D440E6
:10C2BC003000DC45F484050AE4801100D4503200CF
:10C2CC00D4403000DC45F484060AE4801200D450DB
:10C2DC003200D4403000DC45F484070AE4801300BB
:10C2EC00E07CD4B03200D4A0300006FAB00AE6F8F4
:10C2FC001400008066F8FF3FF2F904FEDA00EA3F12
:10C30C00D4903200D480300006F8080ADA0104B365
:10C31C00C4400400D4903200D480300006F80A0ADD
:10C32C00DA0104B3C4400600D4503200D4403000CB
:10C33C00DC45F4840C0AE4801C00D4503200D44058
:10C34C003000DC45F4840D0AE4801D00D45032002A
:10C35C00D4403000DC45F4840E0AE4801E00D45036
:10C36C003200D4403000DC45F4840F0AE4801F0016
:10C37C00D750E000F2F65C29F3F8D72F2D18D740F0
:10C38C00E000F3F8A02149813D12D4903200D48012
:10C39C003000DC49F4E8040AC0EA40A6FD06F3F8D4
:10C3AC005A882D0528A540A69D02E0140D01E00435
:10C3BC00F7F85A88D4903200D480300006F8020A7C
:10C3CC00DA0104B3DC4FD45E140040549D13F3F82F
:10C3DC005B882D12D4903200D480300006F8020A0B
:10C3EC00DA0104B3F06426F67800DC4FD44E140066
:10C3FC004046FD02E0140D01E004F7F85B88E00410
:10C40C00E005C4402600C4502800D740E000F3F8F3
:02C41C009C2161
:10C41E0049813D4FD740E000F2F49A214840BD4992
:10C42E00D740E000F3F8A42149813D43D740E00016
:10C43E00F2F6A22146F69CFFBD3C46F62C01DD39F4
:10C44E00E6F464000B64F2F50CFEF2F40EFE06F454
:10C45E00B36A1850F0B4E6FAB36AD750E000F2F5BA
:10C46E009A21F2F490221B45F2F90CFEF2F80EFE20
:10C47E00DA01ACB3F064F075C4602600C470280015
:10C48E0026F6B54A3870FD04E6F4FF00E0050D0D02
:10C49E00D4402600D45028000044105500441055B6
:10C4AE00E6F62C01E007DA01AAF0C4402600C450DB
:10C4BE002800D4402600D450280026F4FF0038501F
:10C4CE00FD04E6F4FF00E0050D04D4402600D45030
:10C4DE002800F0D4E6FB200000B066FBFF3FF2FC24
:10C4EE0004FEE6FA700AD4903200D4803000DA00EE
:10C4FE0012C0C08640D69D07F3F85C882D06F05D0D
:10C50E0008544056FD02E0140D01E004F7F85C8873
:10C51E00F4802A002D40DC4FF48E1A0049823D3BF8
:10C52E00D740E000F3F8782249823D35D740E0004D
:10C53E00F2F428223D30D740E000F3F841263D2B9F
:10C54E00D740E000F2F43A223D26D740E000F2F464
:10C55E003C223D21D740E000F3F84E223D1CD7404F
:10C56E00E000F3F84F223D17F3F85B882D14F3F833
:10C57E005A882D11F3F85C882D0ED740E000F3F8A1
:10C58E009C2149813D08D740E000F3F8A421498160
:10C59E003D02E0140D01E004E4800B00DA01F249E3
:10C5AE00C4402400DC4FD45E1600D740E000F2F405
:10C5BE00E83440453D12D740E000F3F860353D10B9
:10C5CE00F4802A002D0AD740E000F3F841263D05FD
:10C5DE00D740E000F2F428222D03E008DA00CABFAB
:10C5EE00F040E6F6E634E6F7E000E6F52000DA0184
:10C5FE00B8F1D740E000F3F84E352D22D750E000C9
:10C60E00F2F42A35F2F52C35D4802C00D4902E007D
:10C61E0020843095D4400600F064E00720863097E1
:10C62E00FD0FD740E000F2F5463546F5FFFF2D052C
:10C63E000851D740E000F6F54635E028DA00CABFCB
:10C64E00D740E000F3F878223D67D740E000F3F8DA
:10C65E0060353D62D770E000F78E5C35F78E5B3546
:10C66E00F78E5F35F78E5E35D770E000F78E5D354D
:10C67E00F78E4D35F78E6435F78E6235D770E00044
:10C68E00F78E6135F78E5A35F78E5935F78E63353D
:10C69E00D740E000F3F894212D3FD4903200D4809F
:0AC6AE00300006F82009DA0104B399
:10C6B800F084E009D750E000F2F68E21F2F79021DD
:10C6C800D4402C00D4502E002046305720483059F2
:10C6D800ED26D740E000F2F48A21D750E000F6F4C6
:10C6E8001C35F2F81C35DA001CBCD740E000F6F423
:10C6F8001E35D750E000F2F48E21F2F59021D75084
:10C70800E000F6F42A35F6F52C35E118D740E000BC
:10C71800F7F84F35E118D740E000F7F84E35D480E8
:10C728002400DA01144AD4902C00D4A02E00D7405B
:0AC73800E000C2F86035DA018C3E23
:0CC7420006F03200FCFFFCFEFCFDDB00FA
:0EC74E00ECFDECFEECFF88B088A0F0E8F0F9FE
:10C75C00DC4FF4CE3600F04C41C89D06C0C5F04C01
:10C76C00C0842045F1C80D01E10CDC4FE4CE35004E
:10C77C00E10CDC5FE4CE3D00F42E38002D07D450E4
:10C78C000200A840DC45F48411003D06E14CDC4F6E
:10C79C00E4CE3100EA0054C9DC4FF48E39002D038D
:10C7AC00E6F6FF000D02E6F6F000C02540569D02AD
:10C7BC00C0260D00DC4FF48E3500C0845C44F6F4CA
:10C7CC000EFE5B66F2F40EFEF1C8DC4FE4CE3B00CD
:10C7DC00D4500200A840DC45F4C40E00DC4FE4CE7B
:10C7EC003C00D4700200A860DC47F4860B002D17C7
:10C7FC00DC47F4C60E00DC4FF48E3B00418C9D0DE3
:10C80C00DC4FF4CE3700F04C41C89D09C0C5F04C4C
:10C81C00C084204546F4BD00FD02E0140D01E00487
:10C82C00F1C8DC5FE4CE3D00F48E3D002D12DC4FF0
:10C83C00F48E3500C0865C46D4500200A840DC451E
:10C84C00F4840E00C084F6F60EFE5B44F2FD0EFE80
:10C85C000D18D4500200A840DC45F4840B002D0DBB
:10C86C00DC4FF48E3B0047F828008D07DC4FF48E2C
:10C87C003500C084F0D47C1D0D04DC4FF48E3500E3
:10C88C00C08DDC4FF42E3800C028F06D2068D4B079
:10C89C000200A8A0DC4BF48A1100C084F6F60EFE50
:10C8AC004B44F2F70EFE48703D09C024404D2D0656
:10C8BC00404D9D02E0170D02E6F7FFFF0087F06880
:10C8CC00DC4FF42E390049263D0446F60D00AD012F
:10C8DC00E0D6DC4BF48A1B003D1946F63300CD093B
:10C8EC0049202D07F1E229E1DC4FE4EE3900BC16BA
:10C8FC000D0D46F61000AD0A49269D080921DC4FA6
:10C90C00E42E3900E0250B65F2F60EFEE6F4FF008E
:10C91C00E0058850F0C4E01AE00BF086F098BCF902
:10C92C00DA017AB30802F1C8DC5FE4CE3800F48E89
:10C93C003900C086D4500200A8400046DC45F4C43F
:08C94C001400DC4FE4CE3A00B8
:0AC954000804FCFFFCFEFCFDDB0004
:0EC95E00F0487C24D740E000F7F85335DB00AA
:10C96C00ECFDECFEECFFF0ECF0FBF0DA889088804C
:04C97C0006F0F6FFCC
:10C98000DA01F249C4400400F04D7C24E480060042
:10C99000D4700C00D4600A00DC47A856D740E000F1
:10C9A000F2F4CC2040453D0CDC47D4560200D74081
:10C9B000E000F2F4202240453D0346FDFF03FD095F
:10C9C000E028DA00CABFD4800400DA01144AEA0081
:10C9D0006ED0D740E000F3F860353D33D740E0003B
:10C9E000F3F841263D25D740E000F2F428223D200F
:10C9F000D740E000F3F8242249823D1AD740E000F6
:10CA0000F3F8782249823D14D740E000F2F43A224C
:10CA10003D0FD740E000F2F43C223D0AD740E00051
:10CA2000F3F84E223D05D740E000F3F84F222D09E0
:10CA3000E008DA00CABFD4800400DA01144AEA0030
:10CA40006ED0F04F4981EA30E8CBD750E000F2F4E5
:10CA50003A35F2F53C3508411850D750E000F6F46D
:10CA60003A35F6F53C35D4B00C00D4A00A00DC4BC6
:10CA7000F42A1D00C024F05406F52500D740E0003C
:10CA8000C2F853354085ED04008446F825009D0228
:10CA9000E0140D01E004F1A8E4A0080049A02D0F66
:10CAA000DC4BF4AA1F00D740E000F3FC613541CA1B
:10CAB0009D0A09C1D740E000F7FC61350D04D7405D
:10CAC000E000F78E6135D4500C00D4400A00DC45FC
:10CAD000F4A41F00D740E000F3F86135418A8D03CC
:10CAE000E058DA00CABF48E02D79F48008003D76AE
:10CAF000D740E000F2F41E2246F488139D6FD74021
:10CB0000E000C2F65335E007F4800600C084E0057B
:10CB100020463057F054E004F06EE007DA013CF1B3
:10CB2000F064F075B860C4700200E6F4FF7FE005C1
:10CB30008850F0C4E6FA0080E6FBFFFFF086F0972D
:10CB4000DA017AB30802D750E000F6F44A35F3F878
:10CB500060353D07D740E000F2F41E2246F4D007CE
:10CB6000FD3DA880D4900200F048F05900441055D3
:10CB700000441055F064F075F046F05726F466084E
:10CB80003850AD0526F69AF736F7FFFFDD13D4507F
:10CB90000C00D4400A00DC45F4A41F00D740E0009C
:10CBA000F3FC643541CA9D0A09C1D740E000F7FC97
:10CBB00064350D04D740E000F78E6435D4500C0086
:10CBC000D4400A00DC45F4A41F00D740E000F3F88D
:10CBD0006435418A8D03E088DA00CABFD48004003E
:10CBE000DA01144AEA006ED0F04F49823D56D75020
:10CBF000E000F2F43E35F2F5403508411850D760B8
:10CC0000E000F6F43E35F6F54035F3FC5335F4809C
:10CC1000060041C8ED0DC0C5C0862065D4500C008B
:10CC2000D4400A00DC45F4841E00C0844046FD0266
:10CC3000E0140D01E004F1A8E4A0080049A02D13C0
:10CC4000D4500C00D4400A00DC45F4A41F00D740A7
:06CC5000E000F3FC623578
:10CC560041CA9D0A09C1D740E000F7FC62350D04C0
:10CC6600D740E000F78E6235D4500C00D4400A005D
:10CC7600DC45F4A41F00D740E000F3F86235418A92
:10CC86008D03E068DA00CABFD4800400DA01144AD2
:10CC9600EA006ED0F04F49802D06D4800400DA01F8
:10CCA600144AEA006ED0D750E000F78E5035F6FDF4
:10CCB6001C35F08DDA001CBCD740E000F6F41E35BA
:10CCC600D4400E00D4501000D760E000F6F42A35A8
:10CCD600F6F52C35F3F860352D02E1380D01E12823
:10CCE600D740E000F7F84F35E118D750E000F7F8E5
:10CCF6004E35F2F420350841D760E000F6F42035D1
:10CD0600F2F43635F2F5383508411850D750E000C0
:10CD1600F6F43635F6F53835D4500C00D4400A0012
:10CD2600DC45A844D740E000F6F42435D4500C0086
:10CD3600D4400A00DC45D4440200D760E000F6F493
:10CD46002235F6FE2835F3F860353D02E0140D0174
:10CD5600E004D740E000F7F8633548D02D0346FDE0
:10CD6600FF033D13D4500C00D4400A00DC45F4A464
:10CD76001F00D740E000F3FC5F3541CA9D0A09C198
:10CD8600D740E000F7FC5F350D04D740E000F78E92
:10CD96005F35D4500C00D4400A00DC45F4A41F00D3
:10CDA600D740E000F3F85F35418A8D03E078DA007A
:10CDB600CABFD740E000F3F84D352D0CD750E00040
:10CDC600F78E5935F78E4E35D4800400DA01144AB1
:10CDD600EA006ED0D4500C00D4400A00DC45F4A41E
:10CDE6001F00D740E000F3FC5E3541CA9D0509C12E
:10CDF600D740E000F7FC5E35D4500C00D4400A0062
:10CE0600DC45F4A41F00D740E000F3F85E35418A04
:10CE16008D02E1180D01E108D740E000F7F85D3515
:10CE2600F06EE007D740E000F2F44A35F054BCF566
:10CE3600DA0192F0F064F075B860C4700200286000
:10CE46003870CD08E006E017A840D4500200DA0199
:10CE56003CF10D0FA860D4700200E6F4FFFFE00578
:10CE660020463057E006E017DA013CF181401850C1
:10CE76008150B840C4500200E6F4FF00E005885037
:10CE8600F0C4ECFCD4700E00D4600C00DC47F42631
:10CE96001C00C02AE00B88B0F0CA81A018B081B08F
:10CEA600D4800400D4900600DA017AB3F0E4F0F5F9
:10CEB6000802E6F43000E0058850F0C4E6FA1900EE
:10CEC600E00BD740E000C2F85335E009DA017AB347
:10CED600F084F0950802008E109FE00AE00BFCFC3F
:0ACEE600DA017AB30802D740E00039
:10CEF000F7F85235F4800600C08CD4B00C00D4A0F2
:10CF00000A00E6F81C35E6F9E000DA004EC7D74023
:10CF1000E000F3F859352D6CD750E000F2F43235CB
:10CF2000F2F5343508411850D750E000F6F43235A8
:10CF3000F6F53435D4400E00D4501000D750E00040
:10CF4000F6F42E35F6F53035E118D740E000F7F865
:10CF50005A35D4900C00D4800A00DC49F4880A00C9
:10CF60004982EA3066D0D740E000F3F860353D7B77
:10CF7000D740E000F3F85D352D76DC49F4880F00EA
:10CF8000C085D740E000C2F65B350065DC49F4A8F7
:10CF90001000D740E000F3F85B35418A3D0CD740E4
:10CFA000E000F2F5483546F5FFFF2D050851D74062
:10CFB000E000F6F54835D4900C00D4800A00DC4936
:10CFC000F4E81000C0E540569D02C0E40D01F046B3
:10CFD000D740E000F7F85B35D4500C00D4400A008D
:10CFE000DC45D4440800D740E000F6F426350D3B7C
:10CFF000D4700C00D4600A00DC47F4860B002D339B
:10D00000DC47F4860A0049823D2ED740E000F3F861
:10D010005D352D29D740E000F3F860353D24D74039
:10D02000E000F2F526352D052851D740E000F6F551
:10D030002635D740E000F2F426353D15D740E00014
:10D04000F3FA5B352D1029A1D740E000F7FA5B35E4
:10D05000D4500C00D4400A00DC45D4440800D7402A
:0ED06000E000F6F42635D4800400DA01144A0C
:0CD06E0006F00E00FCFFFCFEFCFDDB00E9
:08D07A00ECFDECFEECFFF0D828
:10D08200DA01F249F0F4E6F47F00E0058850F0C4DA
:10D09200E6FA80FFE6FBFFFFF08DF098BCF9DA01BB
:10D0A2007AB30802F0E4D740E000F3F84C35498245
:10D0B2003D05D740E000F3FC5B350D01E10CE6F4E1
:10D0C2007F00E0058850F0C4E6FA80FFE6FBFFFF30
:10D0D200F08DF098BCF9C0C4E00520843095DA01E7
:10D0E2007AB30802F0D440EDBD03F04E204D0D019D
:10D0F200E004D740E000F7F85C35F08FDA01144A1B
:02D10200F04DEE
:08D10400FCFFFCFEFCFDDB005A
:10D10C00ECFDECFEECFF88B088A0F0E8F0F906F03E
:02D11C00FEFF14
:10D11E00DA01F249B840D740E000F3F84E352D164B
:10D12E00D750E000F2F62A35F2F72C35D440020043
:10D13E00D450040020463057D740E000F2F6EC34CD
:10D14E00E00720463057ED02E0140D01E004F0D464
:10D15E00D740E000F2FA1E35F09FF08EDA0118B3D8
:10D16E00D740E000F3F85A352D16D750E000F2F60E
:10D17E002E35F2F73035D4400200D450040020464C
:10D18E003057D740E000F2F6EA34E0072046305739
:10D19E009D02E0150D01E005F04D49802D02E026BF
:10D1AE000D01E0067065F04D49802D1CD740E00062
:10D1BE00F3F84C3549823D16D740E000F3F85D3563
:10D1CE002D11D740E000F3F84D353D0CD740E0006F
:10D1DE00F3F8F1342D07D740E000F3F860353D0247
:10D1EE00E0450D01E0057056D740E000F3F84C35F0
:10D1FE0049813D02E0860D01E0067065D740E000F2
:10D20E00F3F84D352D03E6F510000D01E0057056CF
:10D21E00D740E000F3F860352D03E6F620000D014F
:10D22E00E0067065D740E000F3F859352D06F04D55
:10D23E0049802D03E6F540000D01E0057056D740FC
:10D24E00E000F3F863352D06F04D49802D03E6F42A
:10D25E0080000D01E0047045F1C8DC4FE4CE020001
:10D26E00D740E000F3FC5B35DC4FE4CE0300A88032
:04D27E00DA01144A73
:0AD282000806FCFFFCFEFCFDDB00CB
:0ED28C00ECFDECFEECFF88B088A0F0E8F0F9B5
:10D29A00DA01F249F0D4E6FB4000E00AF09FF08E92
:10D2AA00DA00E2DFE11CDC4FB9CEA8A0D4B002005C
:10D2BA00F08E0881F09FDA000CD1D740E000F2FA34
:10D2CA001C35F08E0885F09FDA0118B3D740E000CC
:10D2DA00F2FA2035F08E0887F09FDA0118B3D7509A
:10D2EA00E000F2FA2A35F2FB2C35F08E06F8090036
:10D2FA00F09FDA0152B3D750E000F2F42A35F2F582
:10D30A002C35A8A0D4B0020020A430B5F08E06F8BF
:10D31A000D00F09FDA0152B3D750E000F2FA32352D
:10D32A00F2FB3435F08E06F81100F09FDA0152B3A1
:10D33A00D740E000F3F85A352D0ED750E000F2F648
:10D34A002E35F2F73035A840D4500200F0A420A6BA
:10D35A00F0B530B70D04E6FAFFFFE6FBFFFFF08EEB
:10D36A0006F81500F09FDA0152B3D740E000F3FC4B
:10D37A004F35DC4FE4CE1900D740E000F3FC5035BE
:10D38A00DC4FE4CE1A00D740E000F3FC5235DC4F04
:10D39A00E4CE1B00D740E000F3FC5135DC4FE4CE6D
:10D3AA001C00D740E000F3FC5435DC4FE4CE1D00EE
:10D3BA00D740E000F3FC5535DC4FE4CE1E00D740E1
:10D3CA00E000F3FC5635DC4FE4CE1F00D740E00006
:10D3DA00F3FC5735DC4FE4CE2000D740E000F3FCE5
:10D3EA005835DC4FE4CE2100D740E000F3FC593534
:10D3FA00DC4FE4CE2200D740E000F3FC5C35DC4F82
:10D40A00E4CE2300D740E000F3FC4D35DC4FE4CEF8
:10D41A002400D740E000F2FA2635F08E06F82500FF
:10D42A00F09FDA0118B3D740E000F2FA2235F08E05
:10D43A0006F82700F09FDA0118B3D740E000F2FAA5
:10D44A002435F08E06F82900F09FDA0118B3D74088
:10D45A00E000F2FA4235F08E06F82B00F09FDA016E
:10D46A0018B3D740E000F2FA4435F08E06F82D00E2
:10D47A00F09FDA0118B3D740E000F2FA4635F08E91
:10D48A0006F82F00F09FDA0118B3D740E000F2FA4D
:0ED49A004835F08E06F83100F09FDA0118B325
:10D4A800D750E000F2FA3635F2FB3835F08E06F840
:10D4B8003300F09FDA0152B3D750E000F2FA3A3560
:10D4C800F2FB3C35F08E06F83700F09FDA0152B3D4
:10D4D800D750E000F2FA3E35F2FB4035F08E06F800
:10D4E8003B00F09FDA0152B3D740E000F3FC53351C
:0CD4F800DC4FE4CE3F00F08DDA01144A56
:0AD504000804FCFFFCFEFCFDDB0048
:10D50E00ECFDECFEECFFF0E9F0FAF0D806F0FEFFD1
:10D51E00F04D49803D14DA01F249B840D740E000A1
:10D52E00F78E6035E148D740E000F7F81835E0088F
:10D53E00DA00CABFA880DA01144AE1180D68F04D6E
:10D54E004982ED36D740E000F3F860353D31D740E3
:10D55E00E000F3F8CA202D2CD740E000F3F8422665
:10D56E002D27D740E000F3F8C9203D22D740E00038
:10D57E00F3F848243D1DD740E000F3F878223D181B
:10D58E00D740E000F2F41E223D13D740E000F3F83E
:10D59E0026222D10DA01B449D750E000F2F60A2205
:10D5AE00F2F70C222046305726F4B4C438549D02AC
:10D5BE00E1080D2DF08EF09FDA01689A49803D0248
:10D5CE00E1080D25DA01F249B840E008DA00CABFD9
:10D5DE00F04DD750E000F7F86035F78E4D35E6FB8D
:10D5EE001600E00AE6F80635E6F9E000DA00E2DFBA
:10D5FE00E118D770E000F7F81835F78E6435F78E1E
:0ED60E006235F78E6135A880DA01144AE11802
:0AD61C000802FCFFFCFEFCFDDB0031
:10D62600ECFDECFEECFF88B088A0F0E8F0F906F01F
:02D63600FEFFF5
:10D63800DA01F249B840D4A00200D4B00400F09F47
:10D64800F08EDA008CD2E11CDC4FE4CE4000D740EB
:10D65800E000F3FC1835DC4FE4CE4100D740E00091
:10D66800F3FC1935DC4FE4CE4200D740E000F3FC70
:10D678001A35DC4FE4CE4300D740E000F2FA063515
:10D68800F08E06F84400F09FDA0118B3D740E000A6
:10D69800F2FA0835F08E06F84600F09FDA0118B362
:10D6A800E00D0D12F04DC0845C14D740E000D4A406
:10D6B8000A35F04DC0845C14F08E0084F09F06F8A3
:10D6C8004800DA0118B308D1F04D49878DEBA880DE
:04D6D800DA01144A15
:0AD6DC000806FCFFFCFEFCFDDB006D
:020000040001F9
:10AD4400ECFEECFF88C0F0EAF0FB8890888006F007
:02AD5400E8FF16
:10AD5600E6F47822E6F5E000B840C4500200E6F4D6
:10AD66009621E6F5E000C4400400C4500600DC4F1E
:10AD7600F48E3207C084E005F0645C955C947C76C2
:10AD86007056C4400C00C4500E00DC4FF48E3107E0
:10AD9600C084E005F0645C955C947C767056C44093
:10ADA6001000C4501200DC4FF4CE0006E6F87822FC
:10ADB600E6F9E000DC49F4885000418C2D1CE006E1
:10ADC600E017DC59C4685600C4785800DC4FF4CE4E
:10ADD6000006D4500200A840DC45E4C45000D4600C
:10ADE6001800D4701A00D4500200A840DC55C46480
:10ADF6002E00C4743000D4401000D4501200885085
:10AE0600F0C4D4A00E00D4B01000D4500400D44036
:10AE16000200DC55D4845600D4945800DA017AB383
:10AE26000802D4700200A860DC57C4465600C45617
:10AE36005800DC4FF48ED4058AF40250EA006AAF5B
:10AE4600D4300200A820DC43A9824982EA306AAFE6
:10AE5600DC4FF48EC708C085E6F4E8031B54F2FB0A
:10AE66000CFEF2FA0EFEDC53D4821E00D4922000B1
:10AE7600D4601800D4701A0020683079206A307BBC
:10AE86008D71D4B00600D4A00400DC4BF48A160001
:10AE960049813D68DC4BF48A0A0049813D63DC4BFD
:10AEA600F48A020049813D5EDC4FF48EBE07D086EF
:10AEB600DC4BD44A08004046CD55F08E06F8BA075A
:10AEC600F09FDA0104B3D4701E00D4601C00DC4786
:10AED600D4560E0040548D46F08E06F8BC07F09FFF
:10AEE600DA0104B3D4B01E00D4A01C00DC4BD45A43
:10AEF6000E004054ED37DC4FF4AEBF072D0DC0A554
:10AF0600E0A40B54F2F60EFED4500600D440040022
:10AF1600DC45A8444046AD26DC4BD44A04003D221D
:10AF2600DC4BD44A06003D1EDC4BF48A18003D1A61
:10AF3600DC4BF48A19003D16D4700200A860DC4789
:10AF4600D446380046F464003D0DDC47F48615000F
:10AF560047F864003D07D740E000F3F8B6353D02F8
:10AF6600E0140D01E004F1E8DC4FF44E00062D1468
:10AF760049E02D0FD4900600D4800400DC49F48803
:10AF86006F002D07DC49D4486C004840FD02E014F0
:10AF96000D01E004F1E80D1649E02D12DC4FF4CE68
:10AFA600C808D4900200A880DC49F4A8160041AC79
:10AFB6008D07DC4FF4CEC90841ACED02E0140D015B
:10AFC600E004F1E849E03D3DD4700600D460040099
:10AFD600DC47F486160049813D0DD4500200A84096
:10AFE600DC45A98449823D06DC47F4866F003D0CAA
:10AFF60049402D0AE006E017D4500200A840DC556F
:10B00600C4645600C4745800E6F60004D450020026
:10B01600A840DC45C4645E00E10CD4500200A840A0
:10B02600DC45E4C43600D4601800D4701A00D4504D
:10B036000200A840DC55C4642E00C4743000EA0047
:10B04600FAB2D4B00200A8A0DC5BD46A2E00D47A8F
:10B056003000D4401800D4501A002046F06430570F
:10B06600F075C4601400C4701600DC4FF48E30070F
:10B07600C085E0A41B54F2F90CFEF2F80EFE20681F
:10B086003079EA80C4B2D4401400D450160026F4B5
:10B09600D0073850FD07E6F4D007E005C440140099
:10B0A600C45016004940EA20D0B1D4500600D4401E
:10B0B6000400DC45D4446C00F084E009DC4BF44A1F
:10B0C6001600C046E00720863097F048F059284021
:10B0D6003850DD11DC4FF48EC108C086E007F04819
:10B0E6008140F0591850815020463057AD02E01487
:10B0F6000D01E0040D0DDC4FF48EC108C086E0079B
:10B10600F048F05920463057AD02E0140D01E00436
:02B116004840AF
:10B118002D02E008E009F058E00449402D02C0463D
:10B128000D01E016F076BCF7DA013CF1C4400800E6
:10B13800C4500A00F08E06F80C09F09FDA0104B337
:10B14800F064E007D4400800D4500A00DA0192F015
:10B15800E6F6E803E007DA013CF1F084F095C480F4
:10B168000800C4900A00D4601400D4701600F04897
:10B17800F059DA0192F0E6F6E803E007DA013CF16B
:10B18800C4400800C4500A00DC4FF4AECD082D6658
:10B19800C0A4E005F0645C955C947C767056F0641D
:10B1A800F0758870F0C6F0A681A0F0B718B081B02D
:10B1B800D4800A00D4900C00DA017AB30802C440A3
:10B1C8000800C4500A000D4ADC4FF48EC308C0853D
:10B1D800E0541B54F2F60EFED4900600D48004000E
:10B1E800DC49D4786A0040769D08E10CD45002000E
:10B1F800A840DC45E4C44F000D11DC4FF48EC408B0
:10B20800C085E0541B54F2F60EFE4076FD07E11CA3
:10B21800D4500200A840DC45E4C44F00DC4FF48E53
:10B22800C208C084E005F0645C955C947C76705636
:10B23800C4400800C4500A00D4500200A840DC45AD
:10B24800F4844F002D0BD4400800D4500A008140EC
:10B2580018508150C4400800C4500A00D44010005F
:10B26800D45012008850F0C4D4A00E00D4B01000FE
:10B27800D4500400D4400200DC55D4845600D49441
:10B288005800D4400A00D4500C0000841095DA010C
:10B298007AB30802D4700200A860DC57C44656008E
:10B2A800C4565800D4601800D4701A00D450020054
:10B2B800A840DC55C4642E00C4743000D490020049
:10B2C800A880DC59D4685600D4785800E6F44000C9
:10B2D800F6F60EFEF6F70CFE6B44F2F60EFEDC49AF
:10B2E800C4685E00E11CD4500200A840DC45E4C4F8
:02B2F80036001E
:0AB2FA0006F01E00FCFFFCFEDB0066
:10B30400DC49A988C0865C86DC49F4880100C084D5
:04B314007046DB00A4
:10B31800F04A7C84F1C8DC49B9C8F06ADC49E4C861
:04B328000100DB0045
:10B32C00F028F039F093F082DA0104B3F0A4E00BCA
:10B33C00F0BAE00AF0820882F093DA0104B3E00577
:06B34C00704A705BDB009B
:10B35200ECFDF02AF03BF0C8F0D9F043E005F0A490
:10B36200F09DF08CDA0118B3F0A2F08C0882F09D07
:08B37200DA0118B3FCFDDB0059
:10B37A0088C0F048F059204A305BDD03F04AF05BA0
:10B38A000D0EA860D4700200F048F05920463057DC
:10B39A00BD04A840D45002000D02F048F05908023A
:02B3AA00DB00C6
:10B3AC00ECFDF0C8F0D948B03D05E6F4FFFFE6F53A
:10B3BC00FFFF0D2048A02D14F06AE007E6F4FFFF14
:10B3CC00E6F5FFFFDA01AAF0F084F095F04CF05DA1
:10B3DC0020483059FD05E6F4FFFFE6F5FFFF0D0AA6
:10B3EC00F06AE007F04CF05DDA0192F0F06BE007E8
:08B3FC00DA01AAF0FCFDDB0000
:10B40400F0587C250058F04868432D02E0140D01E3
:06B41400E0040045DB002E
:10B41A000D15DC4A9989C0845C845084E1020D0BC5
:10B42A00F0585C159AF803F0E6F421100D01E004D7
:10B43A00F0845085092147F208008DF2F05BF0B5DF
:08B44A0028B148503DE6F0482E
:02B45200DB001D
:10B45400F068F076BCF7F029F032BCF320263037E0
:10B46400F042F05328403850CD13F0621B6AF2F5D5
:10B474000CFEF2F40EFEF0657C847C855C867046DE
:10B48400F064F075F048F054BCF500461057DB004A
:10B49400F0428140F05318508150F06AE007DA011D
:10B4A40092F0F0657C847C855C867046F064F0756F
:0AB4B400F048F054BCF52046305774
:02B4BE00DB00B1
:04B4C000ECFDECFEB5
:10B4C400E00EE00DDC49A988C0865C86DC49F4887E
:10B4D4000100C0817016F04C49802D0640B1AD02C8
:10B4E400E0140D01E0040D0748B0CD02401B8D02AD
:10B4F400E0140D01E00448402D08E10CD450020092
:10B50400A840DC45B9C4E0040D66E1060D53C066ED
:10B5140008615C16F0480046F059DC45A984C087F0
:10B524005C87C06608615C16F0480046F059DC454B
:10B53400F4840100C0827027F04C49802D0640B28B
:10B54400DD02E0140D01E0040D05402BFD02E014C2
:10B554000D01E00448402D2CD4500200A840DC45E5
:10B56400B964F04C49802D064021BD02E0140D0160
:10B57400E0040D054021FD02E0140D01E004484003
:10B584002D15F0EB20E1F0D220D1F04EE005F0646F
:10B594005C855C847C867056F064F075F6F60EFE6D
:10B5A400F6F70CFE7BDDF2F40EFE0D15E0040D1330
:10B5B400F0120961F04AC0852851C0644045CDA706
:10B5C400F04AC0842842F1C8D4500200A840DC45A7
:06B5D400B9C4E6F4000119
:06B5DA00FCFEFCFDDB009D
:10B5E000F06BF028F039D4500200A8408850884011
:10B5F000F04CC08CF0B6F04AC08AF093F082DA01C9
:10B60000C0B40804D4700200A860DC47C44602003D
:02B61000DB005D
:10B61200DC4CA92BA9802D16C0235C13F063006AB1
:10B62200F0480046F059DC45A984C0875C87003A9F
:10B63200F0480043F059DC45F4840100C084F02452
:10B6420070270D08C026006AF0480046F059DC4514
:10B65200A984C082A9802D18C023F0635C16006AF9
:10B66200F0480046F059DC45F4840200C0875C874C
:10B672005C13F063006AF0480046F059DC45F4843C
:10B682000300C08470470D09C026006AF0480046D6
:10B69200F059DC45F4840100C084DC4CD4AB0200D8
:08B6A200F094F082DA0154B4C7
:02B6AA00DB00C3
:04B6AC00ECFEECFFC5
:10B6B000D4500200A840DC45A984C0875C47DC4C1C
:10B6C000A98BC0860067006AF0480046F059F0E494
:10B6D000F0F5DC4CD4AB0200DC4FF48E0100C089E5
:10B6E000DC4FA98EC088DA0154B4F014DC4CD4AB22
:10B6F0000200DC4FF48E1100C089DC4FF48E100084
:10B70000C088DA0154B4F064D4500200A840DC458B
:0CB71000D4A40200F096F081DA0154B4D9
:06B71C00FCFFFCFEDB0057
:10B72200ECFDECFEECFFF0DCF06B88A0F0E8F0F949
:04B7320006F0FCFF22
:10B73600F04066F4FF3FF2F504FE88508840E01CB6
:10B74600F0B6E6FA1000F08E06F86004F09FDA0113
:10B75600E0B50804F04DC0848840E02B00B066FBDD
:10B76600FF3FF2FC04FED4A00600F09FF08EDA0143
:04B7760012B60802FD
:0AB77A000806FCFFFCFEFCFDDB00EE
:10B78400ECFDECFEECFFF0DCF06B88A0F0E8F0F9E7
:04B7940006F0F8FFC4
:10B79800F04066F4FF3FF2F504FE88508840E00C64
:10B7A800F0B6E6FA1000F08E06F80004F09FDA0111
:10B7B800E0B50804E044004066F4FF3FF2F504FEFB
:10B7C80088508840E00CF0BDE6FA1000D4400E0026
:10B7D800F08E0084F09FDA01E0B50804E0440040F0
:10B7E80066F4FF3FF2F504FE88508840E04B00B055
:10B7F80066FBFF3FF2FC04FED4A00C00F09FF08E25
:06B80800DA01ACB60804F1
:0CB80E0006F00A00FCFFFCFEFCFDDB0065
:04B81A00F028F039E9
:10B81E0046FBA00FED06F082008AF093DA0104B326
:10B82E00DB0046FB50468D08F082008AF09306F846
:10B83E000E00DA0104B3DB00F06B26F6A00FE6F47F
:10B84E00D007F6F60EFE5B44F2FC0EFEE6F4D007D1
:10B85E001BC4F2F50EFE2065F046E005F0645C8533
:10B86E005C847C867056F064F075E6F4D007F6F6CC
:10B87E000EFEF6F70CFE7B44F2F50EFEF04C5C1459
:10B88E00004AF0820084F0930882DA0104B3F09447
:10B89E00ECF9F04C5C14004AF0820084F093DA016B
:0CB8AE0004B3F084F0A5FCF9DA0154B4F6
:02B8BA00DB00B1
:10ED3A00DC49D4681C0066F6FF03DC59C46820006D
:10ED4A00D44814007C24F1C8DC59E4C82A00D468E9
:10ED5A00120066F6FF03DC59C4682200D46810006A
:10ED6A0066F6FF03DC59C4682400D4680E0066F610
:10ED7A00FF035C66DC69C4682600D4680A00C468BC
:10ED8A002800DC49D44808007C24F1C8DC49E4C8DE
:04ED9A002B00DB006F
:10ED9E00ECFDECFEECFFF0DCF0EAF0FB88908880F6
:04EDAE0006F0E8FF84
:10EDB200E004C4400400E014C4400600E108E4801A
:10EDC2001400EA00CCEEDA01F249B840F4801400F3
:10EDD200C085E0C40B54F2F40EFED740E000D444E8
:10EDE200D820C4400200F4801400C085E0C40B5453
:10EDF200F2F60EFED750E000D446DA20D456DC20DC
:10EE0200C4400800C4500A00F4801400C085E0C465
:10EE12000B54F2F40EFED740E000F484E020E480CC
:10EE22001600D750E000F2F42826F2F52A26C44054
:10EE32000C00C4500E00A880DA01144AD4400C0021
:10EE4200D4500E00204E305F284036F500809D05DC
:10EE5200D4400C00D4500E000D02F04EF05FC440BE
:10EE62001000C4501200D4700200F4801400C08656
:10EE720081605C16D4501A00D44018000046DC456C
:10EE8200C4741E00F48016002D16D4400800D4501D
:10EE92000A00D4801000D490120020843095F06DC6
:10EEA200E00720863097ED07D4500600D4400400D6
:10EEB2007045C4400400D44006005C14C4400600FF
:10EEC200F48014000981E4801400F480140047F8EF
:10EED2001000EA80C8EDD4901A00D4801800DA013C
:06EEE2003AEDD4400400EB
:0CEEE80006F01C00FCFFFCFEFCFDDB0043
:020000040000FA
:0540180002050A14641A
:020000040001F9
:10F1DA00E11CDC49E4C80200E12CDC49E4C8030074
:10F1EA00E14CDC49E4C80400E1ACDC49E4C80500B0
:10F1FA00E7FC1400DC49E4C80600E6F60D03DC4926
:04F20A00B868DB0005
:10F20E00E10EE1020D20C02AF048004AF059DC451B
:10F21E00F4840200C0842841F14849402D0347F48C
:10F22E0080008D0AF44A1840E0164C61DC49F488DF
:10F23E000E00C084604671E8F048004AF059DC4583
:10F24E00E4440200092149258DDEDC49F4880C00D6
:10F25E00C0842841F1C8DC59E4C80C00F4A80C00A5
:10F26E002D0347FA80008D19E15CDC49E4C80C00DF
:10F27E00E6F60D03DC49F4A80D0047FAAF00FD05D4
:10F28E00C0A426F4AF005C24006446F6D003FD0350
:0CF29E00E6F6D0030D00DC49B868F18EE4
:02F2AA00DB0087
:10F2AC00E1020D12E0154C51F04AC08460452D0B63
:10F2BC00C024F0680064F079DC47F486070009810B
:0CF2CC00DC47E4860700092149258DEC91
:02F2D800DB0059
:020000040000FA
:1001180006FD14FD16FD18FD5EFD6AFD6CFD050467
:10012800050D19263225406890251D120D352C1E07
:10013800194E402C1C624E3D2F7060504200050441
:10014800050D19263F254068902C231F11362F2CAA
:100158001F4E413124624E3E2F7F73635A00FA8A44
:10016800FC8AFD8AFE8A008B028B048B068B088B27
:100178000A8B0C8B0E8B108B128B059506950795A9
:10018800089509950A950B950C950D950E95109562
:10019800B495B89B5CAA3EB0DAB2E6B2EAB26CF8A3
:1001A800FFFFFFFFFFFFFFFFFFFFFFFFFFFFFFFF57
:1001B800FFFFFFFFFFFFFFFFFFFFFFFFFFFFFFFF47
:1001C800FFFFFFFFFFFFFFFFFFFFFFF8F1EFEDEB82
:1001D800E8E7E6E4E3E1E1E0DFDEDDDCDBDADAD91B
:1001E800D8D7D6D5D4D3D3D2D2D1D0D0CFCFCECDE5
:1001F800CDCCCCCBCACAC9C8C8C7C6C6C5C5C4C475
:10020800C3C3C2C2C1C1C0BFBFBFBEBEBDBDBDBCEE
:10021800BCBBBBBBBABAB9B9B9B8B8B8B7B7B6B648
:10022800B6B5B5B4B4B4B3B3B2B2B2B1B1B1B0B09B
:10023800B0AFAFAFAEAEAEADADADACACABABABABE4
:10024800AAAAAAAAA9A9A9A9A8A8A8A8A7A7A7A71E
:10025800A6A6A6A5A5A5A5A4A4A4A3A3A3A3A2A254
:10026800A2A1A1A1A1A0A0A09F9F9F9F9E9E9E9D8D
:100278009D9D9D9D9D9C9C9C9C9C9B9B9B9B9B9AB8
:100288009A9A9A9A999999999999989898989897D9
:1002980097979797969696969695959595959595F9
:1002A8009090909090909090909090909090909046
:1002B800909090908F8F8F8F8F8F8F8F8E8E8E8E46
:1002C8008D8D8D8D8D8D8D8D8C8C8C8C8C8C8C8C5E
:1002D8008B8B8B8B8A8A8A8A8A8A8A8A8989898976
:1002E800898989898888888887878787878787878A
:1002F80086868686858585858585858584848484A6
:1003080084848484838383838282828282828282B9
:100318008181818181818181808080807F7F7F7FD1
:100328007F7F7F7F7E7E7E7E7D7D7D7D7D7D7D7DE9
:100338007C7C7C7C7C7C7C7C7B7B7B7B7B7B7B7BFD
:100348007A7A7A7A79797979797979797878787815
:100358007878787877777777767676767676767629
:10036800757575757575757574747474747474743D
:10037800737373737373737372727272727272724D
:10038800717171717171717170707070707070705D
:100398006F6F6F6F6F6F6F6F6E6E6E6E6E6E6E6E6D
:1003A8006D6D6D6D6D6D6D6D6C6C6C6C6C6C6C6C7D
:1003B8006B6B6B6B6B6B6B6B6A6A6A6A6A6A6A6A8D
:1003C80069696969686868686868686868686868A1
:1003D80067676767676767676666666666666666AD
:1003E80065656565656565656464646464646464BD
:1003F80063636363636363636262626262626262CD
:1004080061616161616161616060606060606060DC
:100418005F5F5F5F5F5F5F5F5E5E5E5E5E5E5E5EEC
:100428005D5D5D5D5D5D5D5D5C5C5C5C5C5C5C5CFC
:100438005B5B5B5B5B5B5B5B5B5B5B5B5A5A5A5A08
:100448005A5A5A5A59595959595959595858585814
:100458005858585857575757575757575656565624
:100468005656565655555555555555555454545434
:100478005454545453535353535353535252525244
:10048800515151515151515150505050505050505C
:100498004F4F4F4F4E4E4E4E4E4E4E4E4D4D4D4D74
:1004A8004D4D4D4D4C4C4C4C4B4B4B4B4B4B4B4B88
:1004B8004A4A4A4A494949494949494948484848A4
:1004C80047474747474747474646464646464646BC
:0104D80045DE
:1004D90045454544444444444444444343434342D6
:1004E90042424242424242414141414040404040F1
:1004F9004040403F3F3F3F3E3E3E3E3D3D3D3D3D0E
:100509003D3D3D3C3C3C3C3B3B3B3B3A3A3A3A392E
:10051900393939383838383737373736363636355E
:10052900353535343434343333333332323232318E
:10053900313131303030302F2F2F2F2E2E2E2E2DBE
:100549002D2D2D2C2C2C2C2B2B2B2B2A2A2A2A28EF
:100559002828282727272725252525242424242337
:1005690023232322222222212121211F1F1F1F1D74
:100579001D1D1D1B1B1B1B181818181515151512E9
:100589001212120F0F0F0F0C0C0C0C08080808069A
:0F05990006060604040404020202020000000029
:020000040001F9
:10132E00F049E005F054E004F064F075F048E00593
:06133E0070467057DB0051
:10134400F02CE00326F240003830F0625CA35CA28B
:101354007C667036F062DC49B868F043E005F064FE
:04136400DC4BB86A3C
:02136800DB00A8
:0C136A00ECFDECFEECFF88C0F028F03930
:10137600DC4BA89ADC43A882DA012E13F084F095A0
:101386009AF909F0F048F05966F5FF7FF0C4F0D5F8
:1013960006FD00800D02F0C8F0D9D41004004810F4
:1013A600BD13F041F054BCF5E6F6FFFFE6F7FF7F0C
:1013B60020643075F04CF05D20463057BD05E6FCE4
:1013C600FFFFE6FDFF7F0D184810DD11F041F054D8
:1013D600BCF5E006E6F7008020643075F04CF05D61
:1013E60020463057DD04E00CE6FD00800D05F04197
:1013F600F054BCF500C410D5F08CF09DF068DC43C9
:10140600B862F049E005F064DC4BB86AE6F6000421
:10141600E007F04CF05DDA013CF1F0E4F0F5F04C59
:10142600F05D28403850DD0BE6F60004E007F04C8E
:10143600F05DDA013CF170672D0228E138F0D44006
:10144600060046F4FF009D03D44006000D02E6F4B4
:10145600FF00E0058850F0C4E00AE00BF08E06F8C5
:101466004000F09F1890DA017AB30802F064D45075
:081476000200A840DC45B86447
:0A147E000802FCFFFCFEFCFDDB0091
:08148800F0CBF01AF0A8F0B956
:10149000DC4BA98AC085405C8D02E004DB00E104DE
:1014A0000D33C043F04A0043F05BDC45F484010097
:1014B000C085405CFD28F04A0043F05BDC45A98410
:1014C000C085F04C2045F084E009F0685C895C88B8
:1014D0007C867096F04A0043F05BDC45A984C087A7
:1014E000F04A0043F05BDC45F4840100C0842047EF
:1014F000F6F80EFEF6F90CFE7B44F2F50EFEC04443
:101500005C840045DB000941C0252851C0444045AA
:08151000CDC8C02428415C8411
:02151800DB00F6
:06151A00ECFDF049F09821
:10152000F069F076BCF7F054BCF520463057F06A0D
:10153000C0C6E007DA0192F0F0C4F0D5E6F600018B
:10154000E007F04CF05DDA013CF1F0A4F0B5F04CAE
:10155000F05D28403850DD0BE6F60001E007F04C66
:10156000F05DDA013CF170672D0228A138B0F04936
:08157000F054BCF5004A105BC9
:04157800FCFDDB009B
:10157C00ECFDECFEECFFF0DBF0E8F0F906F0F0FF30
:10158C00DC4FA9AEB9A0DC4FF48E0100E480020060
:10159C00F0BAC0AAF08E0882F09FDA018814C44019
:1015AC000C00F0BDF4800200C08AA980C084F08ECB
:1015BC000084F09F0882DA018814F054D4600C0087
:1015CC00F0467C84F128E4200400F0457C84F1484A
:1015DC00E4400600F18CE4800800F16AE4600A0043
:1015EC00A980C085F4E00200C0E60065F04E00461C
:1015FC00F05F0842F0E4F0F5C0E8C0271B78F2FB7E
:10160C000EFEC049F0C900CBF04E004CF05FDC453B
:10161C00A984D08D49602D0EF4800A00C08AF04E4A
:10162C00004CF05FDC45F4840100D089F08DDA01C8
:10163C001A15F0D4F48008002D33F4E00400C0E84F
:10164C00F0980891F4200200C02B1B9BF2F30EFEC5
:10165C00F4400600C04CF06C0063F04E0046F05FA6
:10166C00DC45A984D084C4400E00F4A00A002D0FE0
:10167C00C0AA00C3F04E004CF05FDC45F4840100BE
:10168C00D089D4800E00DA011A15C4400E00F48003
:10169C000800C08AD4900E00F08DDA011A15F0D42F
:0216AC00F04DFF
:0C16AE0006F01000FCFFFCFEFCFDDB0061
:1016BA00DC69D4683200C4683800D4783200F04754
:1016CA0066F400032D09F0577C25F06566F6FF00E5
:1016DA00DC49C4682A000D0566F7FF00DC49C478B6
:1016EA002C00DC49D448320066F4FF03D7400000DE
:0E16FA00F484A801C086DC49C4682000DB002F
:10170800E6F4B800E0058850F0C4E00AE00BDC49D4
:10171800D4483A009AF40300E6F45B000D0CDC4967
:10172800D448300046F44D00FD04DC49D44830006C
:101738000D02E6F44D00F084E009DA017AB30802FC
:02174800DB00C4
:10174A00ECFEECFFF0E8F0F9E6F6C800DC4FC46EF8
:10175A000200E056DC4FC46E0800E056DC4FC46E4F
:10176A000600E6F62C01DC4FC46E0C00E6F62C01EE
:10177A00DC4FC46E0A00F09FF08EDA01BA16E0065A
:10178A00DC4FC46E0400F09FF08EDA010817DC5FAC
:10179A00C44E1E00D4CE1E00F0AE06FA1A00F0BFE8
:1017AA00F08E06F81800F09FDA014413DC4FD45E7D
:1017BA00200048528D0746F5FD00ED04DC4FD46E3B
:1017CA0020000D03DC4FD46E1E00DC5FC46E2E00B9
:1017DA00D46E2E005C86DC6FC46E0E00D46E2E00B2
:1017EA00C46E1C00DC4FC46E2800E6F68300DC6F72
:1017FA00C46E2600D46E2600D44E280040469D04AE
:10180A00DC4FD46E28000D03DC4FD46E2600DC5F5B
:10181A00C46E2400D4CE2400F0AE06FA1600F0BF3F
:10182A00F08E06F81400F09FDA014413E016DC4F3C
:10183A00C46E3400F07FF06EDC47A8461EF4DC4725
:10184A00B846DC4FD44E44009AF40AF0E6F6B800E3
:10185A00DC4FC46E1C00E6F6B800DC4FC46E3600DE
:06186A00FCFFFCFEDB00A8
:10187000DC49D4483C009AF42070DC59D468260036
:10188000D448280040469D04DC49D46828000D0354
:10189000DC49D4682600DC49C4682400E056DC49F1
:1018A000C4680800E056DC49C4680600F079F068B6
:0C18B000DC47A846DEF4DC47B846DB004D
:1018BC00DC49D44846009AF40210E11A0D01E10A01
:1018CC0049A02D0DF079F068DC47A8468FF4DC4771
:1018DC00B846E6F6C800DC49C46802000D10DC49C5
:1018EC00D46802002D052861DC49C46802000D078C
:1018FC00F079F068DC47A8468EF4DC47B84649A07E
:10190C003D04DC49A8488AF40AE0DC49D448460086
:10191C009AF40C20DC49D4484C009AF40760DC693A
:10192C00D4682E00C4681C00C468360049A02D0879
:10193C00F079F068DC47A846EFF4DC47B846DB00EA
:0E194C00F079F068DC47A846EEF4DC47B846B8
:02195A00DB00B0
:0E195C00ECFDECFEECFFF0E8F0F906F0F4FF15
:10196A00DC5FD4DE3C00D45E46009AF50210E11832
:10197A000D01E108B9809AF50220E1120D01E10298
:10198A00DC4FD44E4E009AF40240E1140D01E104FA
:10199A00F09FF08EDA01BA16A9803D0249202D1A6D
:1019AA00DC4FD45E240046F51B00FD04F06526F6E4
:1019BA001B000D01E006DC4FD44E200040469D0A74
:1019CA0049403D08F07FF06EDC47A846CFF4DC477B
:1019DA00B8460D07F07FF06EDC47A846CEF4DC4728
:1019EA00B846DC4FA86E9AF605C0F04D66F4FFF0D3
:1019FA00F0D4BFFD49403D02A9802D02E0140D013B
:101A0A00E004F1A8E4A0020049A03D0F9AF60D30C7
:101A1A00E006DC4FC46E3400E006DC4FC46E1200F0
:101A2A00E006DC4FC46E10000D2EDC4FD44E480089
:101A3A008AF4295049202D27DC4FD44E34002D2317
:101A4A00DC5FD49E1200D48E1000DA012E13F084CB
:101A5A00F095F048F059F0657C847C855C86704688
:101A6A0026F4FFFF3850FD04E6F4FFFFE0050D07FA
:101A7A00F048F059F0657C847C855C867046F06499
:101A8A00DC4FC46E3400DC4FD44E34003D02E11802
:101A9A000D01E108E4800400DC4FD44E200046F436
:101AAA00FD00FD08F07FF06EDC47A846AFF4DC4786
:101ABA00B8460D07F07FF06EDC47A846AEF4DC4767
:101ACA00B846DC4FD45E200046F5FD00FD05F04D1A
:101ADA0066F4FFF0F0D48FFD48529D08F07FF06E57
:101AEA00DC47A846BFF4DC47B8460D07F07FF06E26
:101AFA00DC47A846BEF4DC47B846DC4FD44E20008B
:101B0A0048429D05F04D66F4FFF0F0D49FFDDC4F8E
:101B1A00A88EF04866F4003C2D1B6FFDF07FF06E36
:101B2A00F0584EF5DC47B856E056DC5FC46E080044
:101B3A00D45E06002D052851DC4FC45E06000D2137
:101B4A00F07FF06EDC47A8465FF4DC47B8460D1913
:101B5A006EFDF07FF06E5EF8DC47B886E056DC5F1B
:101B6A00C46E0600D45E08002D052851DC4FC45E01
:101B7A0008000D07F07FF06EDC47A8464FF4DC47FB
:101B8A00B8469AFD0460DC4FD46E1E000D03DC4F8C
:101B9A00D46E2000DC4FC46E2200A9802D10DC4FC9
:101BAA00A84E8AF40C20DC4FD46E22005C86DC6FCF
:101BBA00C46E0E00D46E2200C46E28000D40DC4FA5
:101BCA00D44E2200F084E009F0685C895C887C8647
:101BDA007096DC4FD4CE0E00F02CE00320823093B6
:101BEA00F04870492D2CF048F05928403850DD064D
:101BFA00F0488140F059185081500D02F048F059D0
:101C0A00E6F60A0AE007DA0192F0F0A4F0B5F0ABC2
:101C1A00E00BF04A704B3D02E01AE00B2880389046
:101C2A00DD06F06A8160F07B187081700D02F06A3F
:101C3A00F07B00261037F062DC4FC46E0E00DC4FDA
:101C4A00D46E0E007C86DC5FC46E2E00A84E9AF419
:101C5A001B80DC4FD44E220046F44D009D15F054F3
:101C6A00085446F5FF00FD03E6F4FF000D010844A1
:101C7A00F064DC4FD44E280040468D06F04D66F4E1
:101C8A0041003D02E0140D01E004F1A849A02D082D
:101C9A00DC4FD44E4E003FF4DC4FC44E4E000D07CD
:101CAA00DC4FD44E4E003EF4DC4FC44E4E00DC5F97
:101CBA00D46E2800D44E22004046ED04DC4FA84ED4
:101CCA008AF40880DC4FD44E4E004EF4DC4FC44EEA
:101CDA004E000D0949A02D07DC4FD44E4E004FF49B
:101CEA00DC4FC44E4E00DC4FD44E4E009AF40240F4
:101CFA00E1180D01E108E480060049A02D05DC5F2A
:101D0A00D46E2E00C46E2800DC4FA85E9AF50A40F5
:101D1A00F48004002D07F04D66F4FEF0F0D476FD51
:021D2A00022095
:101D2C000D049AF5025076FD0320E6F68300DC4F95
:101D3C00C46E2600F48006002D0DF07FF06EDC479B
:101D4C00A8466FF4DC47B846E6F62C01DC4FC46EAF
:101D5C000A000D10DC4FD45E0A002D052851DC4F13
:101D6C00C45E0A000D07F07FF06EDC47A8466EF4E7
:101D7C00DC47B84649202D11DC4FD45E0C002D05F4
:101D8C002851DC4FC45E0C000D14F07FF06EDC4764
:101D9C00A8467842DC47B8460D0CF07FF06EDC4765
:101DAC00A8461EF4DC47B846E6F62C01DC4FC46EA0
:101DBC000C00DC4FD44E48008AF41250DC4FA85E65
:101DCC008AF50E609AF50C10DC5FD4BE2400D4AEFC
:101DDC004000E6F82601E6F90000DA017C150D0159
:101DEC00E004C4400A00A9802D04DC4FA84E9AF4EC
:101DFC000720F48006003D22DC4FA84E9AF41E709A
:101E0C00DC5FD46E2600D44E280040469D04DC4F87
:101E1C00D46E28000D03DC4FD46E2600DC5FC46E3C
:101E2C002400D4CE2400F0AE06FA1600F0BFF08EDB
:101E3C0006F81400F09FDA0144130D28DC5FD47E01
:101E4C002600D45E240040578D04D4400A0048403C
:101E5C00AD0548503D06D4400A007D03E004C44063
:101E6C000A008870D4400C008840F04E06F4240020
:101E7C00F05F8850F0C4F0AE06FA1600F0BFF08E9A
:101E8C0006F81400F09FDA016A130806DC4FD44EF2
:101E9C0042009AF40940DC4FD44E4A009AF404D024
:101EAC00DC4FD44E04002D0CA9802D0CDC4FD44EED
:101EBC003A008AF40500DC4FD44E3E009AF402003E
:101ECC00E0140D01E004E4800800DC4FD44E4A001D
:101EDC009AF409D0DC4FD45E04002D092851DC4F54
:101EEC00C45E04000D04E006DC4FC46E0400F480F4
:101EFC0008002D18DC4FA84E8AF41490F09FF08E39
:101F0C00DA010817DC5FC44E1E00D4CE1E00F0AE02
:101F1C0006FA1A00F0BFF08E06F81800F09FDA01EE
:101F2C0044130D3CDC4FA84E9AF40C10DC5FD4BE6D
:101F3C001E00D4AE4000E6F84601E6F90000DA01D6
:101F4C007C150D01E004C4400A00DC4FD45E1E0079
:101F5C0046F5B8008D04D4400A004840AD05485001
:101F6C003D06D4400A007D03E004C4400A00E6F4B8
:101F7C00B8008840D4400C008840F04E06F41E0097
:101F8C00F05F8850F0C4F0AE06FA1A00F0BFF08E85
:101F9C0006F81800F09FDA016A130806F4800400B2
:101FAC002D08F07FF06EDC47A8467841DC47B84638
:101FBC000D07F07FF06EDC47A8460EF4DC47B84600
:101FCC00A9802D08F07FF06EDC47A8467844DC47EA
:101FDC00B8460D07F07FF06EDC47A8462EF4DC47C0
:101FEC00B846F48002002D08F07FF06EDC47A8465E
:101FFC003FF4DC47B8460D07F07FF06EDC47A8468F
:10200C003EF4DC47B846F48006002D08F07FF06EF5
:10201C00DC47A8467FF4DC47B8460D07F07FF06E2E
:10202C00DC47A8467EF4DC47B846F48008002D084F
:10203C00F07FF06EDC47A8469FF4DC47B8460D07EE
:10204C00F07FF06EDC47A8469EF4DC47B846F04DB6
:0C205C0006F00C00FCFFFCFEFCFDDB00AD
:020000040000FA
:0B0088002F5F5D5345443E403F2D2B91
:1038C800DC49C4A81C03F06BDC49E4C84603F06C6F
:0838D800DC49E4C8A803DB0091
:1038E000F04806F4EA02F059F0A4F0B5DC49D468D7
:1038F000A002DC4BC46A3A00DC49D468AC02DC4B61
:10390000C46A3C00DC49D468B002DC4BC46A3E00A7
:10391000DC49F4884803C086DC4BC46A3000DC49CB
:10392000D468D602DC4BC46A4400DC49D4684E0338
:10393000DC4BC46A4600DC49D4685003DC4BC46AE3
:103940004C00DC49D468C002DC4BC46A4E00DC6920
:10395000D468A002C4683A03D468AC02DC49C468E5
:103960003C03DC4BD44A2E00F1C8DC69E4C84C03AC
:10397000D468D602C4684203DC59D4684E03C468D4
:103980004403DC4BD44A2E00F1C8DC69E4C856037A
:10399000F4C84803E4C85703DC4BD44A2000F1C8FC
:1039A000DC49E4C87603DC4BD44A2E00F1C8DC695C
:1039B000E4C8E602D4684E03C468DE02DC69F4C8D9
:1039C0007E03E4C8C902F4C87903DC69E4C8CA020A
:1039D000F4C87803E4C8CB02DC69F4C87A03E4C80D
:1039E000CC02F4C85803DC69E4C8CD02F4C88503EE
:1039F000E4C8CE02DC69D4685003C4689603F4C8F6
:103A0000E101DC59E4C88B03D448C0027C846841DE
:103A1000F1C8DC69E4C88C03D468B402C4689803B4
:103A2000DC69D468BA02C4689A03D4684E03DC69BE
:103A3000C4689E03F4C87703E4C8B003DC69D468A3
:103A4000BA02C468B203D4681A02DC69C468B40359
:103A5000D4681C02C468B603DC4BD46A4200DC693B
:103A6000C468BA03D4688E03C468BC03DC4BD46A50
:103A70004800DC49C468BE03DC4BD46A4A00DC4918
:103A8000C468C203DC4BD44A2E00F1C8DC69E4C828
:103A9000CE03F4C85803E4C8CF03DC69D468BA0283
:103AA000C468D203D468BA03DC69C468D603D46896
:103AB0008E03C468D803DC69D468B803C468DA0329
:103AC000D468C403DC69C468DC03D468C603C46872
:103AD000DE03DC69F4C8C803E4C81004F4C8CD03ED
:103AE000DC69E4C81704F4C87703E4C81804DC6987
:103AF000D4688E03C4682C04D4680404DC69C468E8
:103B00003604D468D602C4686204E1020D16C02AE5
:103B1000D7400000F48A8800C0865C16F048004652
:103B2000F059DC45D474EA01F06A5C16F0480046AE
:103B3000F059DC45C4744604092147F20B008DE7B7
:023B4000DB00A8
:0E3B4200F048F059F095F084DA00E038DB002E
:103B5000F028F039F093F082DA00E038F08206F8CD
:0A3B60004604F093DA01C8E4DB002C
:103B6A00ECFEECFFF0E8F0F9F09FF08EDA00E038B6
:103B7A00F08E06F81A04F09FDA0160D8F08E06F883
:103B8A001A04F09FDA01E8D8DC5FD46E2C04C46E04
:103B9A008E03F09FF08EDA00E038FCFFFCFEDB00BB
:103BAA00F028F039F093F082DA00E038F08206F873
:0A3BBA001A04F093DA0120DBDB00AF
:103BC400ECFEECFFF0E8F0F9F09FF08EDA00E0385C
:103BD400F08E06F8D203F09FDA0190A3DC6FD46E66
:103BE400D803C46E8E03D46EDA03DC6FC46EB803DC
:103BF400D46EDC03C46EC403DC6FD46EDE03C46E07
:103C0400C603F4CE1804DC4FE4CE7703F09FF08EA5
:0A3C1400DA00E038FCFFFCFEDB00E4
:0C3C1E00ECFEECFFF0E8F0F906F0FEFF11
:103C2A00F09FF08EDA00E038F08E06F8B203F09FCB
:103C3A00DA016EDBB840DC6FD46EBA03C46E2C03B3
:103C4A00D46EBC03DC4FC46E8E03F0B066FBFF3F3C
:103C5A00F2FC04FEE6FA6800F09FF08EDA0036AD58
:103C6A0049803D02E1080D05F09FF08EDA00E03848
:023C7A00E1184F
:083C7C000802FCFFFCFEDB0066
:103C8400F028F039F093F082DA00E038F08206F898
:0A3C94009803F093DA0182D2DB00FE
:0C3C9E00ECFEECFFF0E8F0F906F0FEFF91
:103CAA00F09FF08EDA00E038F08E06F89803F09F65
:103CBA00DA01CCD2B840F0B066FBFF3FF2FC04FE5A
:103CCA00E6FA6500F09FF08EDA0036AD49803D02D3
:0E3CDA00E1080D05F09FF08EDA00E038E118E9
:083CE8000802FCFFFCFEDB00FA
:0C3CF000ECFEECFFF0E8F0F906F0FEFF3F
:103CFC00F09FF08EDA00E038F08E06F83A03F09F71
:103D0C00DA01D8BFB840F0B066FBFF3FF2FC04FE0E
:103D1C00E6FA5B00F09FF08EDA0036AD49803D028A
:103D2C00E1080D24F09FF08EDA00E038F08E06F8F2
:103D3C00EA02F09FDA015C19B840DC5FD46E3803FC
:103D4C00C46EC002F0B066FBFF3FF2FC04FEE6FA64
:103D5C006100F09FF08EDA0036AD49803D02E1083B
:0C3D6C000D05F09FF08EDA00E038E11841
:083D78000802FCFFFCFEDB0069
:103D8000ECFEECFFF0E8F0F9F09FF08EDA00E0389E
:103D9000F08E06F83A03F09FDA0168C1F08E06F85B
:103DA000EA02F09FDA01BC18F09FF08EDA00E038EA
:063DB000FCFFFCFEDB003D
:103DB600ECFEECFFF0E8F0F9F09FF08EDA00E03868
:103DC600DC4FD44E0A03F1C8DC4FE4CE7603F08E06
:103DD60006F85A03F09FDA012EC2DC6FF4CE7E039A
:103DE600E4CEC902F4CE7903DC6FE4CECA02F4CE87
:103DF6007803E4CECB02DC6FF4CE7A03E4CECC02B9
:103E0600F4CE5803DC6FE4CECD02F4CE8503E4CEC7
:083E1600CE02FCFFFCFEDB0004
:103E1E00ECFEECFFF0E8F0F9F09FF08EDA00E038FF
:103E2E00F08E06F84E03F09FDA01A0C1F09FF08EDF
:0A3E3E00DA00E038FCFFFCFEDB00B8
:103E4800ECFEECFFF0E8F0F9F09FF08EDA00E038D5
:103E5800F09FF08EDA00FAB249802D0CF09FF08EB8
:103E6800DA00C0B349802D06F09FF08EDA0098A2E0
:103E780049803D02E1080D20DC5FF4CEE101E4CE8B
:103E88008B03F08E06F88603F09FDA0102E1DC4F1F
:103E9800D47EC0028EF7DC4FF48E8C032D03E6F639
:103EA80000010D01E0067067DC4FC46EC002F09F90
:0E3EB800F08EDA00E038E118FCFFFCFEDB00C3
:103EC600ECFEECFFF0E8F0F9F09FF08EDA00EAAFD6
:103ED60049803D02E1080D3DF09FF08EDA00E038A2
:103EE600F09FF08EDA007CB3F09FF08EDA0074B4A7
:103EF600F08E06F8EA02F09FDA017018F08E06F8E6
:103F06008603F09FDA0190E3F08E06F83A03F09FFD
:103F1600DA01AEBFF08E06F8B203F09FDA0148DB95
:103F2600F08E06F89803F09FDA0168D2F09FF08EC3
:103F3600DA004AB049803D02E1080D0BF08E06F822
:103F46004604F09FDA01F6E5F09FF08EDA00E038DD
:083F5600E118FCFFFCFEDB009A
:020000040001F9
:10D83E00DC49D44810009AF40240E0160D01E0567F
:10D84E00DC79C4680600C4680400C4680200B868C5
:02D85E00DB00ED
:10D86000DC49D47808007C476871DC49D46806003C
:10D8700066F680FF7067DC49D4780C007C276872FC
:10D880007076DC49D4480A00F06466F60C007067D4
:10D89000DC49D4580E00F07566F7100070765C1401
:10D8A000F06466F62000706766F540007056F0A5DB
:10D8B000DC59D4580400D46802005065F045504A41
:10D8C0007046F074DC49C4580200F06ADC69C46830
:10D8D0000600C4680400A8586057F0679160606A49
:06D8E0007065DC49B86828
:02D8E600DB0065
:10D8E800DC49A8489AF40820DC49D44814003EF4DE
:10D8F800DC49C44814000D07DC49D44814003FF43F
:10D90800DC49C4481400DC49D44818009AF408D00B
:10D91800DC49D4481A007FF4DC49C4481A000D07D2
:10D92800DC49D4481A007EF4DC49C4481A00DC49B2
:10D93800D44816009AF40810DC49D4481A006FF449
:10D94800DC49C4481A000D07DC49D4481A006EF4B3
:10D95800DC49C4481A00DC49D44816009AF405206A
:10D96800DC59F4C82B00E4C82A00DC49A8489AF41A
:10D978000800DC49D4481200DFF4DC49C44812002E
:10D988000D07DC49D4481200DEF4DC49C448120013
:10D99800DC49A8489AF45010DC49F48828002D0581
:10D9A800DC49F488290049833D32E10CDC59E4C89C
:10D9B8002900D44814000EF4DC59C4481400D44893
:10D9C8001200EFF4DC49C4481200E13CDC59E4C819
:10D9D8002800D44826008AF47830DC69D4681C0012
:10D9E800C4682200D44820009AF40270E0170D01A0
:10D9F800E007DC49D4681E000067DC59C4682400CD
:10DA0800D44826003FF4DC49C44826000D5EE11CDA
:10DA1800DC59E4C82900D44814000EF4DC59C44881
:10DA28001400D4481200EFF4DC49C4481200E13C69
:10DA3800DC49E4C828000D49DC49F48828002D3168
:10DA4800DC49D44812008AF417E0E12CDC59E4C818
:10DA58002900D44814007841DC59C4481400D4483B
:10DA68001200EEF4DC59C4481200F4882800298119
:10DA7800DC49E48828000D29E13CDC59E4C8290088
:10DA8800D44814000EF4DC59C4481400D4481200D9
:10DA9800EFF4DC49C4481200E13CDC49E4C8280042
:10DAA8000D14E14CDC59E4C82900D448140078412D
:10DAB800DC59C4481400D4481200EEF4DC49C448C8
:10DAC8001200E10CDC49E4C82800DC49A8489AF4B3
:10DAD8000840DC49D44814007844DC49C4481400A0
:10DAE8000D07DC49D44814002EF4DC49C44814005E
:10DAF800DC49A8489AF40860DC49D4481200FFF4CD
:10DB0800DC49C4481200DB00DC49D4481200FEF4AA
:08DB1800DC49C4481200DB00E7
:10DB2000DC49A8489AF40830DC49D44814004EF483
:10DB3000DC49C4481400DB00DC49D44814004FF42D
:08DB4000DC49C4481400DB00BD
:020000040000FA
:1005A8000000000000000000000000000000000043
:1005B8000000000000000000000300030003000327
:1005C80001030103010301030303030303030303FB
:1005D80004030403040304030203020302030203E3
:1005E80000030003000300030103010301030103E7
:1005F80003030303030303030403040304030403BF
:1006080002030203020302033803370335033603E8
:1006180009D109D109D109D100000000000000006A
:1006280000D000D000D000D018D118D118D118D1DE
:1006380009D109D109D109D113D113D113D113D1BA
:1006480000000000000000000000000000000000A2
:1006580009D109D109D109D100000000000000002A
:100668000000000000000000000000000000000082
:100678002713271327132713230122012001210100
:100688000000000000000000330532053005310588
:100698000000000000000000000000000000000052
:1006A8000102010201020102030203020302030222
:1006B800040204020402040202020202020202020A
:1006C800000000000000000071017201700170015B
:1006D8007101720170017001710172017001700184
:1006E800201520152015201580048004800480041E
:1006F80081048104810481044101410141014101D6
:100708004101410141014101300130013001300115
:100718003501350135013501200420042004200469
:100728001011101110111011320231023002300272
:100738000313031303130313031303130313031301
:1007480003130313031303130313031303130313F1
:1007580003130313031303130313031303130313E1
:10076800031303130313031328032703290326037F
:100778000000000000000000000000000000000071
:100788000000000000000000000000000000000061
:100798000000000000000000330133013301330181
:1007A8003301330133013301000000000000000071
:1007B800000000000000000008010701090106010F
:1007C800380137014001360132013101340130016D
:1007D80000000000000000005006500650065006B9
:1007E80085048504850485048504850485048504B9
:1007F8003803370335033603271327132713271323
:1008080000000000000000002815271529152615EE
:100818007101720170017001710172017001700142
:100828000606060606060606500350035003500344
:100838000000000000000000100410041004100460
:1008480000000000000000000000000000000000A0
:10085800251525152415231551035103510351035B
:10086800520352035203520300000000000000002C
:100878000000000000000000130112011001110126
:100888000000000000000000000000000000000060
:100898000000000000000000000000000000000050
:1008A80045044404430443041801170115011601C3
:1008B80008160816081608160000000000000000B8
:1008C8000000000000000000630562056005610586
:1008D8000506050605060506131613161316131640
:1008E800030502050005010515161516151615163A
:0808F8000000000000000000F8
:103F5E00F04847F86B008D02E004DB00F04907F8EB
:103F6E00FE002D0A07F8FE002D0907F8FC002D08AB
:103F7E0009873D08E10C0D08E11C0D06E12C0D042E
:103F8E00E13C0D02E004DB00C0C55C15F048C084C6
:0C3F9E005C340045D7400000D444A80566
:023FAA00DB003A
:103FAC00E10A9AF906009AF802008AF902C0E118AF
:103FBC00DB008AF904009AF80200E128DB009AF988
:103FCC0003108AF8011079A49AF90700F0495048B7
:0C3FDC0066F4000F2D0277FA0800F18A4D
:023FE800DB00FC
:0A400000190002020202021C9F9C3C
:100C00005EAA1A9519952B95939594955FAA000065
:100C1000FF010C000202030202FF000002040005B3
:100C200003010250030A280A00000104020503011F
:100C30000250030A281400000102020203010314F7
:100C4000030A281E00000101190203010314030A0C
:100C5000281E00000002020203010314030A2828D0
:100C600000000000FF010C000314030A28320000FA
:100C70000000FF010C0003140305283200000000EF
:100C8000FF010C00031403022832000000010001E0
:100C9000000102000300003200000104000503010E
:100CA0000250030A280A0000010202020301025056
:100CB000030A281400000000FF010C000314030ABB
:100CC000283201000102020203010314030A281E54
:100CD00001000101000100000100030000320100D9
:100CE00001010001000000FF03FFFF3201000101CC
:100CF0000000FF0000FF03FFFF32000001010001C0
:100D000000000100030000320000010202010001A6
:100D100003140300003200000000FF010C00031464
:100D2000030A283200000000FF010C000314030A2C
:100D3000283201000101190203010314030A281ECD
:100D400001000000000000000000000000000000A2
:100D50000000000000000000000000000000000093
:100D60000000000000000000000000000000000083
:100D70000000000000000000000000000000000073
:100D80000000000000000000000000000000000063
:100D90000000000000000000000000000000000053
:100DA0000000000000000000000000000000000043
:100DB0000000000203020300032803272828000084
:100DC00001020302030103280327281E000000027A
:100DD0000302030103280327281E00000204000564
:100DE000030103280327280A00000104000503016A
:100DF00003280327280A0000010403050301032830
:100E0000032728140000010102020300032803271E
:100E100028280000010102020301032803272828D3
:100E20000000FFFFFFFFFFFFFFFFFFFFFFFFFFFFD0
:100E3000FFFFFFFFFFFFFFFFFFFFFFFFFFFFFFFFC2
:100E4000FFFFFFFFFFFFFFFFFFFFFFFFFFFFFFFFB2
:100E5000FFFFFFFFFFFFFFFFFFFFFFFFFFFFFFFFA2
:100E6000FFFFFFFFFFFFFFFF19FFFFFFFFFFFFFF78
:100E7000FFFFFFFFFFFFFFFFFFFFFFFFFFFFFFFF82
:100E8000FFFFFFFFFFFFFFFFFFFFFFFFFF0000006F
:100E9000232323232321222222222000001F1F1F7D
:100EA0001F00001F00000020200020000025252535
:100EB0002500252525201E1E20201F1F1F00201E67
:100EC0001E1E1E1E1E1E2000000000001F1E000011
:100ED000201F1F00201E1E200000002525252000A9
:100EE0001F00002020200000200000000025201E00
:080EF0000000202525201E0052
:0B00E0000001020304050101060708EF
:109F3000F04AC086F0480046F059DC45F484010040
:109F4000C0875C87F04AC086F0480046F059DC457F
:089F5000A984C0847047DB0006
:109F5800F07BF04AC086F0480046F059DC45B9E489
:109F6800F04B7C84F1E8F04AC086F0480046F0598E
:089F7800DC45E4E40100DB001C
:109F8000DC49F488E00147F81400FD02E108DB0039
:109F9000E10E0D12C0E5E6F418000B54F2F60EFEC9
:109FA000F0480046F059DC45F484050047F82600E7
:109FB0008D02E108DB0009E1DC49F4A8E00141AED3
:049FC000EDE9E118CE
:029FC400DB00C0
:0C9FC600ECFDECFEECFFF0DAF0E8F0F946
:109FD200DC4FF4AEE0012D0647FA1400ED03F04D1C
:109FE20041A8ED02E1080D56C0A52851F04DC084EC
:109FF20040453D11E6FB1800E00AF04DC085E6F44D
:10A0020018000B54F2F40EFEF08E0084F09FDA007A
:10A01200E2DFE1180D3FF04DC0840841F0D40D1B82
:10A02200E6FC1800F04DC085E6F418000B54F2F47B
:10A032000EFEF0AE00A4F0BFF04DC085E6F41800AD
:10A042001B54F2F40EFEF08E0084F09F06F8E8FF37
:10A05200DA00EA3F08D1DC4FF4AEE001F04D41A84E
:10A06200EDDFDC4FF48EE0012981DC4FE48EE0016C
:10A07200E6FB1800E00ADC4FF48EE001C085E6F44E
:10A0820018000B54F2F40EFEF08E0084F09FDA00FA
:04A09200E2DFE11810
:08A09600FCFFFCFEFCFDDB00F9
:10A09E00ECFDECFEECFF88C088B0F0DAF0E8F0F9E9
:04A0AE0006F0FAFFBF
:10A0B200F09FF08EDA00809F49803D03E108EA00BC
:10A0C20076A2E108B980EA0066A2A980C085E6F41A
:10A0D20018000B54F2F60EFEF04E0046F05FF0242C
:10A0E200F035D4700800D460060070672D1BDC4385
:10A0F200A98247F86B00EA9060A2DC43A9826987D3
:10A10200E0174C74DC43A982C0867C36D450080028
:10A11200D44006000046DC45A984C08460473D0265
:10A12200EA0060A2E04AF093F082DA00309FF0C4C5
:10A13200E02AF093F082DA00309FF014DC43F482DC
:10A142000500C085E0E40B54F2F60EFEE6F40E0CB8
:10A15200E6F500000046C4400200C45004009AF133
:10A1620046008AFC7C00D4500400D4400200DC4546
:10A17200F4840100C0845C14D7400000D454000C65
:10A18200405D3D6D8AF101100D6ADC43F4820600E8
:10A192002D07DC43F48206002981DC43E4820600B9
:10A1A200DC43F48206003D5B78C3D4500400D44003
:10A1B2000200DC45A9842D013FFCD4500400D440A8
:10A1C2000200DC45A98449823D014FFCF0BCE04A13
:10A1D200F093F082DA00589FD4500400D440020079
:10A1E200DC45F4C40A00DC43E4C208000D389AFCE2
:10A1F2003600D4500400D4400200DC45F48403004D
:10A20200C0845C14D7400000D454000C405D3D274C
:10A212008AF101100D24DC43F48207002D07DC4390
:10A22200F48207002981DC43E4820700DC43F482E4
:10A2320007003D15F0BC66FBE6FFE04AF093F082B2
:10A24200DA00589FDC43F48208003D09E10CDC434C
:10A25200B9C2A980C08AF09FF08EDA00C69FA98099
:10A262000981B980DC4FF4AEE001A98041A8EAE09F
:04A27200CCA0E11883
:0CA2760006F00A00FCFFFCFEFCFDDB0013
:10A28200F04AF068F079E00BE00CF0A4F097F08669
:06A29200DA009EA0DB00D3
:0EA29800ECFDECFEECFFF028F03906F0FCFFC8
:10A2A600E108B980E108E4800200E00FF093F08253
:10A2B600DA00809F49803D02E1080D59E1020D3721
:10A2C600C025E6F418000B54F2F60EFEF0420046E6
:10A2D600F053F0C4F0D5E02AF09DF08CDA00309F00
:10A2E600F0E4F04E684348433D0DDC4DF48C01002C
:10A2F60047F8FF009D07DC4DF48C01000981DC4D19
:10A30600E48C0100E04AF09DF08CDA00309FF0B456
:10A316009AFB0230E118B9809AFB0340E118E48009
:10A3260002009AFB03609AFE0100E01F0921DC434C
:10A33600F4A2E00141A2EDC4F48002002D02E12C5A
:10A346000D05A9802D02E11C0D01E10CDC43E4C2E0
:10A35600E101F06FDC43E4C2E201E11CDC43E4C24C
:0EA36600E401E6FA1A95F093F082DA0082A282
:0AA374000804FCFFFCFEFCFDDB000A
:06A37E00F05AF0A8F0B94E
:10A3840047FA6B009D06F09BF08ADA00809F4980B3
:10A394003D02E108DB00E10E0D11C0E5E6F4180012
:10A3A4000B54F2F60EFEF04A0046F05BDC45A9843D
:10A3B40047F86B008D02E108DB0009E1DC4BF4AAED
:08A3C400E00141AEEDEAE118F1
:02A3CC00DB00B4
:10A3CE00DC49D448C2027C84F1C8DC4BE4CA1400D8
:10A3DE00DC49D448C202F1C8DC4BE4CA1500DB00EC
:0AA3EE00ECFDF02AF03BF0C8F0D9B6
:10A3F800E1020D14C024D7400000F484E000C086B8
:10A40800F04C0046F05DDC45F4E4C602C026F0429C
:10A418000046F053DC45E4E40900092147F20B004B
:0EA428008DE9F0B3F0A2F09DF08CDA00CEA327
:04A43600FCFDDB004E
:10A43A007883DC4AA9A92D013FF849A23D014FF8CA
:04A44A00F048DB00FB
:10A44E00ECFDECFEECFF88B0F0DAF0E8F0F906F087
:02A45E00EEFF0F
:10A46000E108E4800800E108E4800A00F04DC08AB9
:10A47000F09FF08EDA007EA349803D03E108EA00F8
:10A480005AA9DC4FD44EC0028AF40750F06DDC4F5D
:10A49000E4CEC402E108EA005AA9F04DC084D740D6
:10A4A0000000F4248D0EE4200600C025E0E40B54E7
:10A4B000F2F60EFEE6F40E0CE6F500000046C4408F
:10A4C0000E00C450100049203D05E118E4800A0048
:10A4D000EA004EA9E108B980EA0044A9A980C08534
:10A4E000E6F418000B54F2F60EFEF04E0046F05F54
:10A4F000C4400200C4500400DC4FF4AEE001A98067
:10A5000041A8EA300EA7E10CD4500400D440020068
:10A51000DC45B9C4DC4FF48EE0010981DC4FE48EE8
:10A52000E001D4B00400D4A00200F09FF08EDA0065
:10A53000EEA3E04AD4900400D4800200DA00309FF9
:10A54000F05466F5FF00F4800600C0845C8470451A
:10A55000C4400C00F04DC0845C14F06E0064F07FC9
:10A56000DC47D446EA01CFF4DC47C446EA01D450C4
:10A570001000D4400E00DC45F4C40200D4500400A6
:10A58000D4400200DC45E4C40600D4501000D4409E
:10A590000E00DC45F4840100C086F04E0046F05FFA
:10A5A000DC45F484E30149813D11D44012009AF462
:10A5B0000D10D4300400D4200200DC43F422060045
:10A5C0002D05F1822981DC43E4820600D45010007D
:10A5D000D4400E00DC45F4C40400D4500400D44040
:10A5E0000200DC45E4C40700D4C01200F04C66F45D
:10A5F000000F5C44F0BC66FBFF0F70B4E02AD490FF
:10A600000400D4800200DA00589FD4400C0066F4A5
:10A61000DCFFC4400C00D4400C0066F4E7FFC440EB
:10A620000C00D4500400D4400200DC45F484060041
:10A630003D0AD4A01000D4900E00D4800C00DA00A3
:10A640003AA4C4400C00D4501000D4400E00DC45A5
:10A65000F484050049813D02E0450D01E005D44048
:10A660000C002EF47045C4400C00D4501000D440AF
:10A670000E00DC45F4840C0049813D03E6F5400002
:10A680000D01E005D4400C006EF47045C4400C0090
:10A69000D4B00C00E04AD4900400D4800200DA0068
:10A6A000589FD4400C009AF40800D4501000D440B5
:10A6B0000E00DC45F4C40A000D07D4501000D4404D
:10A6C0000E00DC45F4C40700D4500400D44002005E
:10A6D000DC45E4C40800E11CD4500400D44002006E
:10A6E000DC45E4C41600E10CD4500400D440020060
:10A6F000DC45E4C40100F06DD4500400D4400200F5
:10A70000DC45B9C4E118E4800A00EA004EA9D4503F
:10A710000400D4400200DC45A9A4F04D41A8EA3071
:10A72000CAA8F04DC0845C14F06E0064F07FDC4772
:10A73000D446EA01CFF4DC47C446EA01E02AD490CB
:10A740000400D4800200DA00309F9AF40200EA008C
:10A75000C2A8E04AD4900400D4800200DA00309FFE
:10A76000C4400C00D4501000D4400E00DC45F484EA
:10A77000050049813D02E0450D01E005D4400C0093
:10A780002EF47045C4400C00D4B00400D4A00200E4
:10A79000F09FF08EDA00CEA3D4501000D4400E000B
:10A7A000DC45F4840100C086F04E0046F05FDC45D5
:10A7B000F484E30149813D17D44012009AF4131048
:10A7C000D4500400D4400200DC45F48406002D0B74
:10A7D000D4700400D4600200DC47F48606002981AE
:10A7E000DC47E4860600D4501000D4400E00DC455F
:10A7F000F4C40400D4500400D4400200DC45E4C496
:10A800000700E02AD4900400D4800200DA00309FD0
:10A8100066F400F0D4B0120066FBFF0F70B4E02ABB
:04A82000D4900400CC
:10A82400D4800200DA00589FD4500400D4400200BF
:10A83400DC45F48406003D0AD4A01000D4900E0038
:10A84400D4800C00DA003AA4C4400C00D4400C00BC
:10A854009AF40800D4501000D4400E00DC45F4C42F
:10A864000A000D07D4501000D4400E00DC45F4C497
:10A874000700D4500400D4400200DC45E4C40800BE
:10A88400D4500400D4400200DC45F484160047F898
:10A89400FF009D0BD4700400D4600200DC47F486F2
:10A8A40016000981DC47E4861600D4B00C005FFB77
:10A8B400E04AD4900400D4800200DA00589FE118E2
:10A8C400E4800A000D42D4500400D4400200DC4568
:10A8D400A984C084D7400000F4848D0EC085E0E4D0
:10A8E4000B54F2F40EFED7400000F484130C49819B
:10A8F4003D05F48008000981E4800800D49010002C
:10A90400D4800E00DC49F4E8050049E13D05F480FB
:10A91400080047F80C009D0B49E12D0FF480080056
:10A92400C085A980C084204546F40800CD06E7FC14
:10A934005500DC4FE4CEC5020D08A9800981B98019
:10A94400A98047F81400EA80DCA4F06DDC4FE4CE63
:06A95400C402F4800A00B9
:0CA95A0006F01400FCFFFCFEFCFDDB001E
:10A96600ECFDECFEECFF88B0F0DAF0E8F0F906F06A
:02A97600F8FFE8
:10A97800E108E4800200F04DC08AF09FF08EDA0012
:10A988007EA349803D03E108EA0046ABF04DC08450
:10A99800D7400000F4848D0EC085E0E40B54F2F635
:10A9A8000EFEE6F40E0CE6F500000046C440040076
:10A9B800C4500600DC4FD44EC0028AF40250EA00AC
:10A9C8002EABE108B980EA001AABA980C085E6F48D
:10A9D80018000B54F2F60EFEF04E0046F05FF0241D
:10A9E800F035DC43A9A2F04D41A8EA3014ABE02AC7
:10A9F800F093F082DA00309F8AF40200EA0028AB74
:10AA0800E04AF093F082DA00309FF0C49AFC081014
:10AA1800D4500600D4400400DC45F4C40A000D07F5
:10AA2800D4500600D4400400DC45F4C40900DC43DB
:10AA3800E4C208008AFC01102EFCD4500600D44061
:10AA48000400DC45F4840100C086F04E0046F05F47
:10AA5800DC45F484E30149813D0AD4500600D44022
:10AA68000400DC45F4C40200DC43E4C20600D45010
:10AA78000600D4400400DC45F4840300C086F04E90
:10AA88000046F05FDC45F484E30149813D0FD44082
:10AA980008009AF40B10DC43F48207002D07DC430E
:10AAA800F48207002981DC43E4820700E02AF0935E
:10AAB800F082DA00309F66F400FFD4B0080066FB2D
:10AAC800FF0070B4E02AF093F082DA00589F4EFC41
:10AAD800DC43F48207003D0266FCF6FFF0BCE04A66
:10AAE800F093F082DA00589FDC43F48207003D18A7
:10AAF800DC43F48208003D14E10CDC43B9C2A980B0
:10AB0800C08AF09FF08EDA00C69F0D0AA9800981DD
:10AB1800B980DC4FF4AEE001A98041A8EAE0D2A9EF
:10AB2800E118E4800200DC4FF4AEC402F04D41A805
:0EAB38003D04E10CDC4FE4CEC402F4800200C8
:0CAB460006F00A00FCFFFCFEFCFDDB003A
:10AB5200ECFDECFEECFFF01AF028F03906F0FAFFFB
:10AB6200C02AF093F082DA007EA349802D05DC43EF
:10AB7200D442C0028AF40350E108EA00A2ACC02425
:10AB8200D7400000F4848D0EC085E0E40B54F2F649
:10AB92000EFEE6F40E0CE6F500000046C44002008C
:10ABA200C4500400E00F0D75F04FC085E6F41800A4
:10ABB2000B54F2F60EFEF0420046F053F0C4F0D50C
:10ABC200DC4DA9AC41A23D64E02AF09DF08CDA0094
:10ABD200309F7842B840A8B0E02AF09DF08CDA00AD
:10ABE200589FE04AF09DF08CDA00309FF0E4A840D4
:10ABF2009AF42700D4500400D4400200DC45F484C7
:10AC02000100C086F0420046F053DC45F484E301C3
:10AC120049813D37DC4DF48C06002D33DC4DF48C3C
:10AC220006002981DC5DE48C0600F48C06003D29D7
:10AC3200D4A00400D4900200F08EDA003AA4F0E42A
:10AC42000D20D4500400D4400200DC45F4840300FB
:10AC5200C086F0420046F053DC45F484E3014981AA
:10AC62003D10DC4DF48C07002D0CDC4DF48C0700FC
:10AC72002981DC5DE48C0700F48C07003D0266FE4E
:10AC8200E6FFF0BEE04AF09DF08CDA00589F0D0717
:10AC920008F1DC43F4A2E001F04F41A8ED85E11890
:0AACA2000806FCFFFCFEFCFDDB00D1
:0EACAC00ECFDECFEECFFF0CBF01AF028F039D6
:10ACBA00C02AF093F082DA007EA349802D05DC4396
:10ACCA00D442C0028AF40250E1080D2CE00D0D2393
:10ACDA00F04DC085E6F418000B54F2F60EFEF04271
:10ACEA000046F053F0E4F0F5DC4FA9AE41A23D1264
:10ACFA00E02AF09FF08EDA00309F66F4FFF0F0BC95
:10AD0A0066FB000F70B4E02AF09FF08EDA00589FBD
:10AD1A00E1180D0808D1DC43F4A2E001F04D41A886
:04AD2A00EDD7E10878
:08AD2E00FCFFFCFEFCFDDB0054
:10AD3600ECFDECFEECFF88C088B0F0DAF0E8F0F944
:04AD460006F0FEFF16
:10AD4A00F04DC08AF09FF08EDA007EA349803D0262
:10AD5A00E1080D6ED4500400D4400200DC45A894EA
:10AD6A00F04DC0865C16F04E0046F05FDC45D48498
:10AD7A00EA01DA00AC3FF1A8B9A09AF52100D45053
:10AD8A000400D4400200DC45A8B4F04DC08AF09F0C
:10AD9A00F08EDA004EA4F04DC0865C16F04E0046E6
:10ADAA00F05FDC45D444EA019AF432C0D47004005E
:10ADBA00D4600200DC47A846CFF4DC47B8460D2829
:10ADCA00A9809AF40D10D4500400D4400200DC4546
:10ADDA00A8B4F04DC08AF09FF08EDA0066A90D186B
:10ADEA00A9809AF40620F04DC08AF09FF08EDA000E
:10ADFA0052ABA9809AF40C30D4500400D44002001B
:10AE0A00DC45A8B4F04DC08AF09FF08EDA00ACACF5
:10AE1A00D4500400D4400200DC45A874F04DC0862A
:10AE2A005C16F04E0046F05FDC45C474EA01E11896
:0AAE3A000806FCFFFCFEFCFDDB0037
:0EAE4400ECFDECFEECFFF0E8F0F906F0FEFF8E
:10AE5200E00AF09FF08EDA007EA349803D03E1080C
:10AE6200EA00E0AFDC4FD44EC0029AF40360E1186E
:10AE7200EA00E0AFE108B980EA00C2AFA980C0856C
:10AE8200E6F418000B54F2F60EFEF04E0046F05FA8
:10AE9200F024F035DC53A922F4820500C085E0E4F9
:10AEA2000B54F2F60EFEE6F40E0CE6F50000004638
:10AEB200F0C4F0D5E02AF093F082DA00309FF0B4CB
:10AEC2008AFB3E00C0265C16F04E0046F05FDC4571
:10AED200D444EA019AF43410C024D7400000F4C4E8
:10AEE200220EDC43F4820100418CFD18DC4DF48C0F
:10AEF2000100C086F04E0046F05FDC45F484E301B9
:10AF020049813D1EDC43F48206002D1ADC43F482A3
:10AF120006002981DC43E48206000D12DC4DF48C2C
:10AF22000300C086F04E0046F05FDC45F484E30186
:10AF320049813D06DC4DF4CC0200DC43E4C206004C
:10AF4200E04AF093F082DA00309F8AF41E009AFB06
:10AF52000200E0660D01E086F04C0046F05DDC4543
:10AF6200A984C086F04E0046F05FDC45F484E3011C
:10AF720049813D0BDC43F48208002D07DC43F48257
:10AF820008002981DC43E4820800DC43F4820800E3
:10AF92003D14C0245C14F06E0064F07FDC47D4469C
:10AFA200EA0166F4FEEFDC47C446EA01E6FB18005C
:10AFB200E00AF093F082DA00E2DFA9800981B98029
:10AFC200DC4FF4AEE001A98041A8EAE07EAEDC4F9E
:0EAFD200D44EC0026FF4DC4FC44EC002E11832
:0AAFE0000802FCFFFCFEFCFDDB0094
:10AFEA00F028F039E00AF093F082DA007EA3498073
:10AFFA002D0FDC43D442C0029AF40A50DC43D452E7
:10B00A00D002F0659160DC43D442D20240462D0260
:10B01A00E108DB0046F56A003D0ADC43D442D4026B
:10B02A004841ED020FF40D010EF46981DB0048512D
:10B03A008D0546F56900ED02E0140D01E004DB0020
:0AB04A00ECFDECFEECFFF0E8F0F97D
:10B05400E00AF09FF08EDA007EA349802D05DC4FD4
:10B06400D44EC0028AF40350E108EA00EAB1DC4F8E
:10B07400D44ED00246F46A003D6DDC4FD44ED40267
:10B084003D22E10CDC4FE4CEE001E6FBE001E00A06
:10B09400F09FF08EDA00E2DFE01DE0070D0AF04DCC
:10B0A400C0865C16F04E0046F05FDC45C474EA01CD
:10B0B40008D1F04D47F86900FDF2E10CDC4FE4CE15
:10B0C400C502EA00D6B1DC4FD44ED4024841EA307E
:10B0D400D6B1DC4FF48EE001F0D40D3828D1F04D18
:10B0E400C085E6F418000B54F2F60EFEF04E00464E
:10B0F400F05FDC45A9E4C0E4D7400000F4848D0E81
:10B10400C085E0E40B54F2F40EFED7400000F48452
:10B11400130C49813D1BC0E45C14F06E0064F07FA5
:10B12400DC47D446EA017EF4DC47C446EA01E6FB88
:10B134001800E00AF04DC085E6F418000B54F2F450
:10B144000EFEF08E0084F09FDA00E2DFF04D4980BD
:10B154003DC50D3FDC4FD44ED00248418D3ADC4F03
:10B16400D44ED00246F46900ED34E00D0D2EF04DBE
:10B17400C085E6F418000B54F2F60EFEF04E0046BD
:10B18400F05FDC45A984C086DC4FD44ED002404633
:10B194003D1BE6FB1800E00AF04DC085E6F41800FC
:10B1A4000B54F2F40EFEF08E0084F09FDA00E2DF1E
:10B1B400E007DC4FD46ED0025C16F04E0046F05F20
:10B1C400DC45C474EA010D0508D1F04D47F81400BC
:10B1D4008DCEE006DC4FC46ED002E6F6FFFFDC4FF6
:06B1E400C46ED202E11866
:08B1EA00FCFFFCFEFCFDDB0094
:06B1F200ECFDF028F0392D
:10B1F800E00AF093F082DA007EA349803D02E1087C
:10B208000D5AE10CDC53E4C2D902D442D6029AF4B6
:10B2180009F0E11CDC43E4C2D802E10CDC43E4C2DF
:10B22800E1010D35E1020D1CC025E6F418000B54B0
:10B23800F2F60EFEF0420046F053F0C4F0D5E02AD4
:10B24800F09DF08CDA00309FF0B41EFBE02AF09DF0
:10B25800F08CDA00589FE10CDC4DE4CC01000921A8
:10B26800DC43F4A2E00141A2EDDFE1120D0DC024A0
:10B278005C14F0620064F073DC47D446EA011EF403
:10B28800DC47C446EA01092147F26900FDF0E11CE8
:10B29800DC53E4C2E401D442C0025FF4DC43C4429C
:10B2A800C002E006DC43C462D002E6F6FFFFDC43DE
:06B2B800C462D202E1189D
:04B2BE00FCFDDB00B8
:10B2C200DC49D448D0023D08DC49D448D20246F4D5
:0CB2D200FFFF3D02E0140D01E004DB0072
:10B2DE00E10CDC59E4C8E501D448D6029AF404F036
:0CB2EE00E006DC49C468E402E118DB0063
:10B2FA00ECFEECFFF0E8F0F9E00AF09FF08EDA00DD
:10B30A007EA349803D02E1080D31DC4FF48EE50150
:10B31A003D2CDC4FD44EDE029AF42320DC4FD44E6F
:10B32A00E20242F400408D15E11CDC4FE4CEE50157
:10B33A00E6FA1995F09FF08EDA0082A2DC4FD45E0D
:10B34A00E40246F5FFFF9D110851DC4FC45EE4029A
:10B35A000D0CDC4FD44EE2020841DC4FC44EE2022F
:10B36A000D04E006DC4FC46EE202E118FCFFFCFEAD
:02B37A00DB00F6
:10B37C00DC49D448D00246F46A003D0CE10CDC49AF
:10B38C00E4C8E501E006DC49C468E202E006DC49F9
:08B39C00C468E402E118DB00C3
:10B3A400E10CDC59E4C8E601D448D6029AF404F06E
:0CB3B400E10CDC49E4C8E802E118DB0011
:10B3C000ECFEECFFF0E8F0F9E00AF09FF08EDA0016
:10B3D0007EA349803D02E1080D4ADC4FF48EE60170
:10B3E0003D05DC4FD46EC0029AF60270E1180D3FA5
:10B3F000DC4FD44EDE029AF43420DC4FF48EE702A8
:10B4000043F809408D06F0567FF5DC4FC45EC0025C
:10B410000D2D7EF6DC5FC46EC002F4AEE60243FA88
:10B420000840FD24DC4FF48EE702C086C0A52056FC
:10B43000C2F407404045AD1AE11CDC4FE4CEE60102
:10B44000E6FA2B95F09FF08EDA0082A2DC4FF4AE84
:10B45000E80247FAFF009D0A09A1DC4FE4AEE802CA
:10B460000D05DC5FF4CEE602E4CEE702E118FCFF56
:04B47000FCFEDB0003
:10B47400DC49D448D00246F46A003D1EE10CDC6984
:10B48400E4C8E601F4C8E602E4C8E702DC49D4787B
:10B49400C0027EF7DC49F488E60243F809408D03D4
:10B4A400E6F680000D01E0067067DC49C468C0025E
:0CB4B400E10CDC49E4C8E802E118DB0010
:10B4C000DC49D458E00246F568019D050851DC4985
:10B4D000C458E002DB00E006DC59C468E002D4484E
:0CB4E000C2020841DC49C448C202DB0083
:04B4EC00F028F0391B
:10B4F000E00AF093F082DA007EA349802D06F093F3
:10B50000F082DA00C2B249803D02E108DB00E6F6D3
:10B510006A00DC43C462D002E6F695FFDC43C462F5
:10B52000D202E006DC43C462D402E11A0D0DC0A4CD
:10B530005C14F0620064F073DC47D446EA017FF4E7
:10B54000DC47C446EA0109A147FA6900FDF0E118A9
:02B55000DB001E
:04B55200F028F039B4
:10B55600E00AF093F082DA007EA349802D06F0938C
:10B56600F082DA00C2B249803D02E108DB00E6F66D
:10B576006A00DC43C462D002E6F695FFDC43C4628F
:10B58600D202E016DC43C462D402E1020D28C025D3
:10B59600E6F418000B54F2F60EFEF0420046F053A5
:10B5A600DC45A9E4C0E8D7400000F4888D0EC085CC
:10B5B600E0E40B54F2F40EFED7400000F484130CC2
:10B5C60049813D0CF0485C14F0620064F073DC477E
:10B5D600D446EA017FF4DC47C446EA010921DC438C
:0AB5E600F4A2E00141A2EDD3E11848
:02B5F000DB007E
:10B5F200F01AF028F039C02AF093F082DA007EA324
:10B6020049802D06F093F082DA00C2B249803D02F1
:10B61200E108DB00C026DC43C462D002C026916090
:10B62200DC43C462D202C0245C14F0620064F07392
:10B63200DC47D446EA017FF4DC47C446EA01E1185C
:02B64200DB002B
:10B64400F04A47F814009D0DF04AC085E6F418004E
:10B654000B54F2F60EFEF0480046F059DC45A9847E
:0AB664000D03DC49D448EA01DB00C5
:0EB66E00ECFDECFEECFFF0E8F0F906F0F4FF66
:10B67C00E00AF09FF08EDA007EA349803D03E108DA
:10B68C00EA0010BCDC4FF48ED8020981DC5FE48E3A
:10B69C00D802F48ED80247F86900FD04E11CDC4F97
:10B6AC00E4CED802DC4FF48ED802E4800200C087CE
:10B6BC00F0675C16F04E0046F05FDC45D444EA01BE
:10B6CC008AF40200EA00EEB7D7400000F4878D0E32
:10B6DC00EA2010B8DC4FF48EC50247F85500EA207A
:10B6EC0010B8E00D0D77F04DC08AF09FF08EDA00A7
:10B6FC0044B6F4A00200418A3D57F04D47F81400BF
:10B70C009D0EE02AF04DC085E6F418000B54F2F4BF
:10B71C000EFEF08E0084F09FDA00309F0D03DC4F9C
:10B72C00D44EEC01C4400A00D4400A008AF46A00EA
:10B73C00F04D47F814009D11D4B00A0078B1E02AFE
:10B74C00F04DC085E6F418000B54F2F40EFEF08EAA
:10B75C000084F09FDA00589F0D07DC4FD44EEC01AB
:10B76C007841DC4FC44EEC01F4800200C0865C16BC
:10B77C00F04E0046F05FDC45D4B4EA01F4800200E0
:10B78C00C08AF09FF08EDA0066A9F4800200C084B3
:10B79C005C14F06E0064F07FDC47D446EA010EF4D2
:10B7AC00DC47C446EA010D2EDC4FF4AEE001F04D4F
:10B7BC0041A83D0FF4800200C0845C14F06E00645C
:10B7CC00F07FDC47D446EA010EF4DC47C446EA01BC
:10B7DC000D1908D1DC4FF4AEE001F04D41A89D836A
:10B7EC000D11F4800200C0865C16F04E0046F05F2E
:10B7FC00DC45D4B4EA01F4800200C08AF09FF08EDC
:10B80C00DA0066A9F4200200C027F0875C18F0AEBD
:10B81C0000A8F0BFDC4BD45AEA019AF531C0D740EE
:10B82C000000F4878D0E3D05CEF5DC4BC45AEA01C1
:10B83C000D55E00D0D1EF04DC08AF09FF08EDA0014
:10B84C0044B6F420020041822D49DC4FF4AEE001F5
:10B85C00F04D41A83D0DC0245C14F06E0064F07FE7
:10B86C00DC47D446EA01CEF4DC47C446EA010D3687
:10B87C0008D1DC4FF4AEE001F04D41A89DDC0D2E5B
:10B88C00F4800200C084D7400000F4848D0E2D2675
:10B89C00E00D0D1EF04DC085E6F418000B54F2F6C9
:10B8AC000EFEF04E0046F05FDC45A9A4F420020029
:10B8BC0041A23D0DC0245C14F06E0064F07FDC47A7
:10B8CC00D446EA01CFF4DC47C446EA010D0708D19F
:10B8DC00DC4FF4AEE001F04D41A8EDDCDC4FF48E12
:10B8EC00E001EA20DCBADC4FF48EDA020981DC6F6D
:10B8FC00E48EDA02F4CEE001F48EDA02418C8D048F
:10B90C00E10CDC4FE4CEDA02DC4FF48EDA02F0D438
:10B91C00F04DC085E6F418000B54F2F60EFEF04E16
:10B92C000046F05FC4400400C4500600DC45A9A4E6
:10B93C00E4A0020049A0EA207ABAF04DC084084184
:10B94C00B9800D22A980C085E6F418000B54F2F6DC
:10B95C000EFEF04E0046F05FDC45A9A4F480020018
:10B96C0041A83D0FE6FB1800E00AA980C085E6F46B
:10B97C0018000B54F2F40EFEF08E0084F09FDA00E7
:10B98C00E2DFA9800981B980DC4FF4AEE001A98027
:10B99C0041A8EDD8F4800200C084D7400000F484A4
:10B9AC008D0EC085E0E40B54F2F60EFEE6F40E0CA0
:10B9BC00E6F500000046F024F035E02AD4900600AD
:10B9CC00D4800400DA00309FC4400A00E04AD490CE
:10B9DC000600D4800400DA00309FF074F4200200DA
:10B9EC00C028D7400000F4C88D0ED4B00600D4A0F7
:10B9FC000400DC4BF48A0500418C3D319AF703308E
:10BA0C00DC43A9822D2C9AF70440DC43A98249829D
:10BA1C003D269AF70420DC43F48205002D205C18A7
:10BA2C00F04E0048F05FDC45D444EA01D4500A00E3
:02BA3C00504573
:10BA3E008AF41410DC43F4C20200DC4BF48A0600D4
:10BA4E00418CED0CDC43F4C20400D4500600D4400B
:10BA5E000400DC45F4840700418CFD39F4800200BB
:10BA6E00C08AF09FF08EDA00F2B50D31DC4FF4CEC5
:10BA7E00E001C0C52851F04DC08740753D0529C174
:10BA8E00DC4FE4CEE0010D23E6FC1800E6F41800CE
:10BA9E001B74F2F40EFEF0AE00A4F0BF06FA18000E
:10BAAE00D4900600D4800400DA00EA3FE6FB1800CA
:10BABE00E00AF04DC085E6F418001B54F2F40EFEB9
:10BACE00F08E0084F09F06F81800DA00E2DFDC4FFB
:10BADE00F48EDB020981DC5FE48EDB02F4AEDB0266
:10BAEE0047FA14009D05DC4FF4CEE00141AC9D05F4
:10BAFE00DC5FF4CEE001E4CEDB02DC4FF4AEDB0221
:10BB0E0047FA14009D0EE6FB1800E00AC0A5E6F405
:10BB1E0018000B54F2F40EFEF08E0084F09FDA0043
:10BB2E00E2DFDC4FD44EC0028AF41950DC4FF4CE63
:10BB3E00DD02F18C0981DC4FE48EDD02E4C00800E9
:10BB4E0047FC14008D10DC4FD44EC0025FF4DC4F66
:10BB5E00C44EC002E10CDC4FE4CEDD020D04E10C5C
:10BB6E00DC4FE4CEDD02DC4FD46ED2029160DC4FAE
:10BB7E00D47ED00240762D12E006DC4FC46ED00289
:10BB8E00E6F6FFFFDC4FC46ED202E10CDC4FE4CED2
:10BB9E00DC02E10CDC4FE4CED9020D2DDC4FF48E2D
:10BBAE00D902C08640762D09F1CEDC4FE4CED90203
:10BBBE00E10CDC4FE4CEDC020D1EDC4FF4CEDC02D9
:10BBCE00F18C0981DC4FE48EDC02E4C0080047FCF6
:10BBDE0014008D11E006DC4FC46ED002E6F6FFFFB6
:10BBEE00DC4FC46ED202E10CDC4FE4CEDC02E10C81
:10BBFE00DC4FE4CED902E7FCFF00DC4FE4CEC702F7
:02BC0E00E1183B
:0CBC100006F00C00FCFFFCFEFCFDDB005D
:0500B0004C5248310034
:020000040001F9
:0E802A00F04849802D02E0040D01E004DB0067
:10803800ECFDECFEECFFF0E8F0F9DC4FA98E47F818
:108048004C003D3ADC4FF48E010047F852003D34B5
:10805800DC4FF48E020047F848003D2EDC4FF48ECA
:10806800030047F831003D28F08E0884F09FDA01BC
:1080780004B348423D21F08E0886F09FDA0104B32C
:1080880046F400033D19E6FB1400F0AFF09EE6F855
:10809800FFFFDA011AB4F0D4F08E06F81400F09F4E
:1080A800DA0104B3404D3D08DC4FF48E1F0047F859
:1080B800A5003D02E0140D01E004FCFFFCFEFCFD00
:0280C800DB00DB
:0E80CA00ECFDECFEECFFF0E8F0F906F0FEFF36
:1080D800F04AC088DA012A80B840DA015C77498022
:1080E8003D0BE6FB2000F09E06F90003F0AFA880E8
:1080F800DA019C7649803D02E1380D3CF08E06F8A5
:108108000003F09FDA01388049803D02E1480D32D2
:10811800E00D0D13E6FB2000F09E009DF0AFA88057
:1081280006F82000008DDA019C7649803D02E1388E
:108138000D21DA015A4B06FD200046FD00038DEAA9
:10814800E6FB0003F0AFF09EE6F8FFFFDA011AB491
:10815800F0D4F08E06F80C03F09FDA0104B3404D1A
:108168003D06F09FF08EDA01E4B849803D02E1480F
:048178000D01E118FC
:0A817C000802FCFFFCFEFCFDDB0026
:10818600ECFDECFEECFF88B088A0F0E8F0F906F014
:02819600F0FFF8
:10819800E108E4800200E108E4800400E108E480EA
:1081A8000600E004E005C4400800C4500A00DC4FA3
:1081B800F48E4A033D06F09FF08EDA01BA784980C2
:1081C8003D03E108EA002A83E108B9800D3BA98054
:1081D800C08AF09FF08EDA01CA80F0D4F04D49834E
:1081E8003D03E118E4800600F04D49813D28F08EFA
:1081F80006F80803F09FDA012CB3C4400C00C45001
:108208000E00F48004002D0DD4600800D4700A001C
:10821800D4400C00D4500E00204630572840385027
:10822800BD0EA980E4800200D4400C00D4500E009A
:10823800C4400800C4500A00E118E4800400A98082
:108248000981B980A98049818DC2E10CDC4FE4CE57
:108258004D03F48004003D0FF48006002D02E13C3C
:108268000D01E14CDC4FE4CE4E03F09FF08EDA01B5
:10827800E478E1080D56F4800200C08AF09FF08E81
:10828800DA01CA80F0D4F04D49813D0DF08E06F830
:108298000803F09FDA012CB3D4600800D4700A00F8
:1082A800204630572D0FF04D49813D02E13C0D012C
:1082B800F06DDC4FE4CE4E03F09FF08EDA01E478E7
:1082C800E1080D2FF0BFF0AED4901200D48010005A
:1082D800DA0132BC49803D0AE14CDC4FE4CE4E0362
:1082E800F09FF08EDA01E478E1080D1BD4600800F5
:1082F800D4700A00DC5FC46E4003C47E4203F4C03D
:108308000200DC4FE4CE4C03E11CDC4FE4CE4D030D
:10831800E11CDC4FE4CE4E03F09FF08EDA01E478E6
:02832800E1185A
:0C832A0006F01400FCFFFCFEFCFDDB0074
:10833600ECFEECFF88C088B088A0F0E8F0F9DC4FCE
:10834600F48E4A033D06F09FF08EDA01BA78498032
:108356003D03E108EA007A84F0BFF0AED490020053
:10836600A880DA0186B949803D0AE14CDC4FE4CEAB
:108376004E03F09FF08EDA01E478E1080D7BD4809D
:108386000400D4900600DA01689A49803D06F09F01
:10839600F08EDA01E478E1080D6DE10CDC4FE4CEF5
:1083A6004B03E6FB2000E00AF08E06F80003F09F80
:1083B600DA00E2DFE04CE6FAB000E6FB0000F08E01
:1083C60006F80003F09FDA00EA3FE02AF08E06F88E
:1083D6000403F09FDA0118B3E6FA0003F08E06F8FC
:1083E6000603F09FDA0118B3DC5FD4AE4003D4BEB7
:1083F600420308A118B0F08E06F80803F09FDA01D0
:1084060052B3E6FB0003F0AFF09EE6F8FFFFDA0199
:108416001AB4F0A4F08E06F80C03F09FDA0118B334
:10842600E6FB1400F09E06F90003F0AFE6F8FFFF46
:10843600DA011AB4F0A4F08E06F81403F09FDA01FC
:1084460018B3E006DC4FC46E4803E11CDC4FE4CEF3
:108456004A03E10CDC4FE4CE4E03D4600400D47032
:10846600060006F610271870DC5FC46E4403C47E4F
:0C8476004603E1180806FCFFFCFEDB00DA
:0E848200ECFDECFEECFFF0E8F0F906F0FCFF7C
:10849000DC4FF48E4B03C088DA012A80F0D4DC4F25
:1084A000F48E4A03EA205A87D750E000F2F79E2460
:1084B000F2F69C24206E307FEA304287DC5FD46E77
:1084C0004403D47E4603F04A2046F05B30572840F0
:1084D0003850CD0EE10CDC4FE4CE4A03E12CDC4FEA
:1084E000E4CE4E03F09FF08EDA01E478EA005A877A
:1084F000DA015C77F1A849A1EA205A8749A0EA305D
:108500004287DC4FF48E4A0307F8FFFF47F8080064
:10851000EA904287C0845C2406F41E859C04EA002D
:108520003E85EA006E85EA00A085EA00D885EA006B
:108530004E86EA006E86EA00AC86EA00DA86E1083A
:10854000E4800200E01BE029009066F9FF3FF2FAA8
:1085500004FEF08D06F81F00DA01B8774980EA20A2
:108560004287E12CDC4FE4CE4A03EA005A87E01B45
:10857000F09E06F92003F0AFF08D06F81F00DA0137
:108580009C764980EA204287DC4FF48E20032D023E
:10859000EA004287E13CDC4FE4CE4A03EA005A8716
:1085A000DC4FD45E4803F04D06F42000F0840085D3
:1085B000B880E6FB2000DC4FD44E4803F09E0094C8
:1085C000F0AFDA01B8774980EA204287E14CDC4F0E
:1085D000E4CE4A03EA005A87DC4FD45E4803F04DEC
:1085E00006F42000F0840085B880E6FB2000F09EB1
:1085F00006F92003F0AFDA019C764980EA20428731
:10860000E6FC2000DC4FD44E4803F0AE00A4F0BFDF
:10861000F08E06F82003F09FDA01FCF448402D02AA
:10862000EA004287DC4FD44E480306F42000DC5FAA
:10863000C44E4803D44E480346F400033D02E15CB7
:108640000D01E13CDC4FE4CE4A03EA005A87E6FB29
:108650002000F09E06F90003F0AFF08DDA01B87744
:1086600049802D6FE16CDC4FE4CE4A030D76E6FBCA
:108670002000F09E06F92003F0AFF08DDA019C7621
:1086800049802D5FE6FC2000F0AE06FA0003F0BF43
:10869000F08E06F82003F09FDA01FCF448402D012B
:1086A0000D50E17CDC4FE4CE4A030D57E7F8A500FE
:1086B000E4800200E01BE029009066F9FF3FF2FA37
:1086C00004FEF08D06F81F00DA01B87749802D39D5
:1086D000E18CDC4FE4CE4A030D40E6FB2000F09E27
:1086E00006F92003F0AFF08DDA019C7649802D2940
:1086F000F08E06F82003F09FDA01388049803D01B2
:108700000D20F08E06F80803F09FDA012CB3DC7F11
:10871000C44E4003C45E4203F4CE4B03E4CE4C038C
:10872000E11CDC4FE4CE4D03E10CDC4FE4CE4A0308
:10873000E11CDC4FE4CE4E03F09FF08EDA01E478CA
:108740000D0CE10CDC4FE4CE4A03E13CDC4FE4CEFF
:0A8750004E03F09FF08EDA01E4788A
:0A875A000804FCFFFCFEFCFDDB0040
:020000040000FA
:101014005710015F7C5C066C860A1757FD893F30C8
:101024005701608C25AF8FF23BFCB4FD1E4837B3EB
:020000040001F9
:10B8BC00F06ADC49B9C8F04A7C84F1C8DC49E4C8B8
:04B8CC000100DB009C
:10B8D000DC49F4880100C0865C86DC49A988C08404
:04B8E0007046DB00D3
:0AB8E400ECFDECFEECFFF0E8F0F9DB
:10B8EE00DC4FF48E2800F0D4E6FC2000E6FA1410AB
:10B8FE00E6FB0000F09FF08EDA01FCF448403D09B3
:10B90E00F04D47F81400ED05DC4FF48EF30249823A
:10B91E002D02E1080D2DE10E0D18C0E8E6F4180019
:10B92E001B84F2F90EFEF0AE00A9F0BFDC4BF48AD8
:10B93E00350047F86B009D06DC4BF48A3A0047F859
:10B94E0026008D02E1080D1409E1F05D41EA8DE556
:10B95E00E6F7F4020D09F04E0047F05FDC45A984CE
:10B96E002D02E1080D05087146F700038DF4E1186C
:08B97E00FCFFFCFEFCFDDB00F8
:10B98600ECFDECFEECFFF0EAF0FB8890888006F018
:02B99600FCFFB4
:10B99800D4700600D4600400B860C4700200DC47AC
:10B9A800F486E00147F81400FD03E108EA0026BC2C
:10B9B800E00D0D1CF04DC087E6F418000B74F2F88A
:10B9C8000EFED4500200A840F0A400A8F0B5DC4B4D
:10B9D800A98A47F86B009D06DC4BF48A050047F8F6
:10B9E80026008D03E108EA0026BC08D1D4500200E5
:10B9F800A840DC45F4A4E001F04D41A8EDDBE6FBEE
:10BA08000003E00AF09FF08EDA00E2DFE6FC200097
:10BA1800E6FA1410E6FB0000F09FF08EDA00EA3F29
:10BA2800D4500600D4400400DC45D4442003F1C8B7
:10BA3800DC4FE4CE2000D4500600D4400400DC459E
:10BA4800F4C44903DC4FE4CE2100D4500200A840DE
:10BA5800DC45F4C4E301DC4FE4CE2200D4500200FC
:10BA6800A840DC45F4C4E901DC4FE4CE2300D450FF
:10BA78000200A840DC45F4C4DA02DC4FE4CE24001E
:10BA8800D4500200A840DC45F4C4DB02DC4FE4CE0D
:10BA98002500D4500200A840DC45F4C4D802DC4F8D
:10BAA800E4CE2600D4500200A840DC45F4C4C40209
:10BAB800DC4FE4CE2700D4500200A840DC45F4C493
:10BAC800E001DC4FE4CE2800D4500200A840DC4559
:10BAD800F4C4C502DC4FE4CE2900D4500200A840CB
:10BAE800DC45F4C4C702DC4FE4CE2A00D45002007F
:10BAF800A840DC45F4C4E802DC4FE4CE2B00D45067
:10BB08000600D4400400DC45F4C48703DC4FE4CECF
:10BB18002C00D4500600D4400400DC45D4A46C03A7
:10BB2800F08E06F82D00F09FDA01BCB8D45006005C
:10BB3800D4400400DC45D4A42203F08E06F82F007C
:10BB4800F09FDA01BCB8D4500200A840DC45D4A468
:10BB5800E402F08E06F83100F09FDA01BCB8D45048
:10BB68000200A840DC45F4C4E201DC4FE4CE330017
:10BB7800D4500200A840DC45F4C4E101DC4FE4CE17
:10BB88003400E6FCE001D4B00200A8A0F08E06F86C
:10BB98003500F09FDA00EA3FE00D0D15F04DC08644
:10BBA8005C16D4500200A8400046DC45D4A4EA0143
:10BBB800F04DC0845C14F08E0084F09F06F81502E6
:10BBC800DA01BCB808D1F04D47F86B008DE7D450C6
:10BBD8000200A840DC45D4A4C202F08E06F8EB02AD
:10BBE800F09FDA01BCB8E05CD4B00600D4A0040031
:10BBF80006FA6404F08E06F8ED02F09FDA00EA3FD8
:10BC0800D4500600D4400400DC45F4C46A04DC4F78
:0EBC1800E4CEF202E12CDC4FE4CEF302E118A0
:0CBC260006F00800FCFFFCFEFCFDDB004B
:10BC3200ECFEECFFF0EAF0FB8890888006F0FCFF57
:10BC4200D4500600D4400400B840C4500200F09F13
:10BC5200F08EDA01E4B849803D03E108EA005EBEF5
:10BC6200DC4FF48E2000C086D4500600D44004007D
:10BC7200DC45C4642003DC4FF4CE2100D45006001E
:10BC8200D4400400DC45E4C44903DC4FF4CE220076
:10BC9200D4500200A840DC45E4C4E301DC4FF4CEFA
:10BCA2002300D4500200A840DC45E4C4E901DC4F83
:10BCB200F4CE2400D4500200A840DC45E4C4DA02E9
:10BCC200DC4FF4CE2500D4500200A840DC45E4C489
:10BCD200DB02DC4FF4CE2600D4500200A840DC4543
:10BCE200E4C4D802DC4FF4CE2700D4500200A840AE
:10BCF200DC45E4C4C402DC4FF4CE2800D450020078
:10BD0200A840DC45E4C4E001DC4FF4CE2900D45065
:10BD12000200A840DC45E4C4C502DC4FF4CE2A0090
:10BD2200D4500200A840DC45E4C4C702DC4FF4CE84
:10BD32002B00D4500200A840DC45E4C4E802DC4FEA
:10BD4200F4CE2C00D4500600D4400400DC45E4C4F8
:10BD52008703F08E06F82D00F09FDA01D0B8D47078
:10BD62000600D4600400DC47C4466C03F08E06F87B
:10BD72002F00F09FDA01D0B8D4700600D46004001E
:10BD8200DC47C4462203F08E06F83100F09FDA0148
:10BD9200D0B8D4700200A860DC47C446E402DC4F8D
:10BDA200F4CE3300D4500200A840DC45E4C4E201E2
:10BDB200DC4FF4CE3400D4500200A840DC45E4C489
:10BDC200E101E6FCE001F0AE06FA3500F0BFD490E6
:10BDD2000200A880DA00EA3FE1020D13C0245C14DD
:10BDE200F08E0084F09F06F81502DA01D0B8C02563
:10BDF2005C15D4700200A8600065DC47C446EA0105
:10BE0200092147F26B008DEAF08E06F8EB02F09FF3
:10BE1200DA01D0B8D4700200A860DC47C446C2027E
:10BE2200E05CF0AE06FAED02F0BFD4900600D480DA
:10BE3200040006F86404DA00EA3FDC4FF4CEF202B2
:10BE4200D4500600D4400400DC45E4C46A04D49013
:0CBE52000600D4800400DA00423BE11836
:0ABE5E0006F00800FCFFFCFEDB000C
:0CE88800ECFEECFFF02AF03BF0E8F0F9A9
:10E89400DC4FF48E50033D0CDC4FF48E4A033D08EC
:10E8A400D750E000F2F79E24F2F69C2470672D0204
:10E8B400E1080D1FF0B3F0A2F09FF08EDA0186811B
:10E8C400F1A849A03D05DC4FF48E4E0349843D0276
:10E8D400E0140D01E004F1C8DC4FE4CE500349A07C
:10E8E4003D02E0140D01E004F1C8DC4FE4CE510315
:02E8F400F18AA7
:06E8F600FCFFFCFEDB004C
:10E8FC00E11CDC59E4C85103F4884A032D04E11CE3
:08E90C00DC49E4C85203DB0002
:10E91400F0A8F0B9F09BF08ADA01FCE8E11CDC4BCA
:10E92400E4CA5303E10CDC4BE4CA5503E10CDC4BB1
:06E93400E4CA5403DB00FD
:10E93A00ECFDECFEECFFF0DCF0EAF0FB889088805E
:04E94A0006F0FEFFD6
:10E94E00D4500400D4400200DC45F48450033D0250
:10E95E00E1080D34F04D49803D06F09FF08EDA004F
:10E96E00ECB4B9800D1CF04D49813D06F09FF08E40
:10E97E00DA0052B5B9800D13F04D49823D0EF48088
:10E98E00060049818D0A47F86900ED07C08AF09F9D
:10E99E00F08EDA00F2B5B9800D02E1080D0FA980F4
:10E9AE003D02E1080D0BF09FF08EDA00423BD49051
:0CE9BE000400D4800200DA01FCE8E1183B
:0AE9CA000806FCFFFCFEFCFDDB006C
:10E9D400ECFEECFFF0E8F0F9DC4FF48E50032D066A
:10E9E400F09BF08ADA00C63E49803D02E1080D053D
:10E9F400F09FF08EDA0114E9E118FCFFFCFEDB0065
:10EA0400ECFEECFF88C0F06AF07BF0E8F0F9DC4F34
:10EA1400F48E50032D12DC4FF48E51032D0EA840BA
:10EA2400D45002008850F0C4F0B7F0A6F09FF08EE6
:10EA3400DA013683080249803D02E1080D09E10C40
:10EA4400DC6FE4CE5203F4CE5303E4CE5403E11856
:08EA54000802FCFFFCFEDB00E0
:10EA5C00ECFEECFFF06AF07BF0E8F0F9DC4FF48EA2
:10EA6C004A032D23F0A6F0B7F09FF08EDA018284D2
:10EA7C00DC4FF48E4A033D19DC4FF48E4E03498172
:10EA8C003D10DC6FF4CE5203E4CE5103F48E5403EC
:10EA9C002D08E10CDC4FE4CE5303E11CDC4FE4CE3B
:10EAAC005503E10CDC4FE4CE5403FCFFFCFEDB0011
:10EABC00DC49F48850032D0EDC49F4884A033D0AE6
:10EACC00DC49F48851033D06DC49F48853033D02CC
:08EADC00E0140D01E004DB0071
:10007E00F028F039F2F74E88F2F64C8870672D0AA8
:10008E00F04AC08AF093F082F2F54E88F2F44C8872
:06009E00DA0172F1DB0043
:1000A400ECFEECFFF0E8F0F9F2F74A88F2F6488843
:1000B40070672D07F2F54A88F2F44888DA0172F184
:0E00C4000D03DC4FD44E0C00FCFFFCFEDB00F5
:1000D2001BABF2F50CFEF2F40EFEF0A4F0B5F06AE2
:1000E200DC49C4683800F04BE005F064DC49C468C0
:1000F2003A0026FAFFFF38B0FD020FF40D010EF4AC
:02010200698111
:02010400DB001E
:1001060048A02D17DC49D4583800F6F50EFE5BAA38
:10011600F2F60CFEF2F40EFEDC59C4683A00D4582E
:100126003800F6F50EFE5BAAF2F60EFEDC49C46850
:040136003800DB00B2
:06013A00ECFDECFEECFF01
:10014000DC49D4483A00E005F054E004F064F0756E
:10015000DC49D4483800F0E4E00F70E670F748A0BE
:100160003D02E1180D1DF06AE007F04EF05FDA0184
:10017000AAF0F0C4F0D5F06AE007F04EF05FDA01C3
:10018000AAF0DC49C4683A00F06CDC49C468380065
:1001900026FCFFFF38D0FD020FF40D010EF469813B
:0801A000FCFFFCFEFCFDDB008E
:1001A800F0487C34F1C8DC4AB9C9F0486847F1C85E
:0601B800DC4CB9CBDB00BA
:0401BE00F028F039FC
:1001C200F04AC0855C35F04BC0840045DC43D4B2B4
:1001D2001600F0A4F093F082DA01D20049802D03D8
:0C01E200E6F4FFFF0D03DC43D4423800BC
:0201EE00DB0034
:1001F000DC49D44802009AF4033046FA1A00ED02B2
:10020000F04ADB0046FA1E008D0628A2F06ADC4C9C
:10021000B9CBF04ADB00F04A26F41A005C34C08601
:10022000D4900200A880DC49A988C0840046F1C8A7
:10023000DC49B9C8E7FC1A00DC4CB9CBE6F41A007B
:02024000DB00E1
:10024200DC79F4C84D00E4C84C00F4C84E00E4C8A0
:0E0252004D00DC59F4C84F00E4C84E00DB003C
:08026000ECFEECFFF0E8F0F900
:10026800F09FF08EDA01A400DC4FD45E0800F07431
:100278002075DC4FD45E120040579D03DC4FC47ECE
:02028800120062
:06028A00FCFFFCFEDB009E
:10029000F07AF028F039F04206F45A00F053885012
:1002A0008840F0B206FB5900F0C3F0A7F093F0824B
:1002B000DA01F001F0740804DC43D4620A0000673C
:1002C000DC53C4623000D4422A00BEF4DC53C44282
:1002D0002A00D46236007EF66FF6DC43C462360034
:0202E000DB0041
:1002E200F028F039DC43D4422A00BFF4DC53C44284
:1002F2002A00D442360076F4C000DC43C442360001
:0C030200E06AF093F082DA017E00DB007C
:0A030E00ECFDECFEECFFF0E8F0F966
:10031800F04BC08BF04AC08AF09FF08EDA01BE0124
:10032800F0D4F09FF08EDA01A400F05406F50C002A
:10033800DC4FD44E08002054405D8D06F09FF08EAF
:10034800DA01E202E1080D15DC4FD44E2A00BFF4B1
:10035800DC5FC44E2A00D46E0800006DDC5FC46EFA
:100368003000D46E36007EF66FF6DC4FC46E360071
:02037800E1188A
:08037A00FCFFFCFEFCFDDB00B2
:1003820088C0F06AF028F039406BFD01F06BD4C0F0
:100392000600D4B00400D4A00200A890F086DA01CE
:1003A200A801D4500200A840DC45A9843D02E1081E
:1003B2000D3EF48008002D0CD4500600D4400400F9
:1003C200DC45A9844982ED02E0140D01E0040D0B25
:1003D200D4500600D4400400DC45A98449829D0221
:1003E200E0140D01E00448402D14D4900600D4809E
:1003F2000400DC49A988C08406F40800F1C8DC497D
:10040200B9C8D4700200A860DC47A9862981DC47FC
:10041200B986DC43F4C25700D4500200A840DC4540
:10042200A984418C8D020FF40D010EF4698108023A
:02043200DB00ED
:10043400DC49D4482400604A3D05DC49D448260000
:0C044400604A2D02E0140D01E004DB0012
:10045000ECFDECFEECFF88C088B0F0DAF0E8F0F9D3
:10046000DC4FD44E34006EF4DC4FC44E3400F07FC9
:10047000F06EDC47A8468EF4DC47B846F07FF06E9D
:10048000DC47A8469FF4DC47B846F04E004DF05FCD
:10049000DC45F4846000C084F0A4F09FF08EDA01A3
:1004A000340449802D06F09FF08EDA016002EA00E4
:1004B0005606F04E004DF05FDC45F4846400C08DBC
:1004C000DC4FC4DE1C0048D28D0228D20D00F06D36
:1004D0005C16F04E0046F05FDC45D4644000DC5F03
:1004E000C46E3800D4AE1600F09FF08EDA0106011B
:1004F000DC6FD46E3800C46E1E00D44E1E00D48053
:100500000200A870F0570058F0D520D440549D1D2B
:10051000DC4FD44E2A003FF4DC5FC44E2A00D44E98
:10052000340076F4C000DC4FC44E3400E04AF09F43
:10053000F08EDA017E00F09FF08EDA014202F09F29
:10054000F08EDA016002EA005606E0048840F04EC0
:1005500006F45C00F05F88508840F04E06F45B00C3
:10056000F05F8850F0C4E6FBE001F0ADF09FF08E44
:0C057000DA01820306F0080049802D2803
:10057C00F04E06F45C00F05F88508840F0BE06FB3D
:10058C005B00F0CFDC4FF48E5B00C08AF09FF08EE6
:10059C00DA01F0010804DC4FD46E0A000064DC5F61
:1005AC00C46E2E00D44E2A003EF4DC5FC44E2A00EA
:0E05BC00D46E34007EF66FF6DC4FC46E340051
:1005CA000D3DDC4FF48E5C00C08BDC4FF48E5B007B
:1005DA00C08AF09FF08EDA01BE01F0D4DC4FD44E0F
:1005EA002A003FF4DC4FC44E2A00F09FF08EDA0155
:1005FA00A400F05406F50C00DC4FD44E0800205439
:10060A00405D8D0EDC4FD44E340076F4C000DC4FD2
:10061A00C44E3400E04AF09FF08EDA017E000D0EDF
:10062A00DC4FD46E0800006DDC5FC46E2E00D46E01
:10063A0034007EF66FF6DC4FC46E3400F09FF08E05
:0C064A00DA014202F09FF08EDA0160023B
:0A0656000804FCFFFCFEFCFDDB00C5
:10066000ECFEECFFF05CF06BF07AF0E8F0F9DC4FB8
:10067000A84E9AF40860F0C5F0B6F0A7F09FF08E8F
:10068000DA0150040D08F09FF08EDA014202F09F6B
:0C069000F08EDA016002FCFFFCFEDB00D3
:0A069C00ECFDECFEECFFF0E8F0F9D5
:1006A600E11CDC4FE4CE5800F07FF06EDC47A84634
:1006B6008EF4DC47B846F07FF06EDC47A8469FF420
:1006C600DC47B846DC4FF48E5600C08DF04E004D28
:1006D600F05FDC45F4846000C084F0A4F09FF08EE7
:1006E600DA01340449802D06F09FF08EDA016002AB
:1006F600EA00AC08F04E004DF05FDC45F48464007F
:10070600C08DDC4FC4DE1A00F07FF06EDC47A846D1
:100716006EF4DC47B84648D28D03F0BD28B20D0111
:10072600F0BDF06B5C16F04E0046F05FDC45D4641D
:100736004000DC5FC46E3800D4AE1600F09FF08E29
:10074600DA010601DC6FD46E3800C46E1E00D47E5A
:100756003A00F06B5C16F04E0046F05FDC45C47460
:100766003C00F04B084148429D03F06B08610D01C7
:10077600E0065C16F04E0046F05FDC45D4644000AF
:10078600DC5FC46E3800D4AE1600F09FF08EDA013E
:100796000601DC6FF4CE4900E4CE4D00F4EE4900CC
:1007A600C0EDF04D06F4F000DC4FD49E1E004094E0
:0207B600FD261E
:1007B800F08D2094F049F064E007F048E005004629
:1007C8001057F064F075F08626F6FFFF3870ED03D9
:1007D80046F8C000FD02E6F8C000F068DC4FE4CE41
:1007E8004D00F09FF08EDA01E202F09FF08EDA0100
:0C07F8004202F09FF08EDA0160020D5406
:1008040006FDF000DC4FD45E1E00F06D2065E014A0
:100814008840F04E06F45A00F05F88508840F04E4D
:1008240006F45900F05F8850F0C4E6FBE001F0A63E
:10083400F09FF08EDA01820306F0080049802D1340
:10084400DC4FF48E5900C08AF09FF08EDA019002DA
:10085400E00CE00BDC4FF48E5600C08AF09FF08E63
:10086400DA0160060D21DC4FF48E5A00C08BDC4F98
:10087400F48E5900C08AF09FF08EDA010E0349808D
:100884002D0BE00CE00BDC4FF48E5600C08AF09F79
:10089400F08EDA0160060D08F09FF08EDA01420254
:0808A400F09FF08EDA01600202
:0808AC00FCFFFCFEFCFDDB007B
:0E08B400ECFDECFEECFFF0E8F0F906F0F8FFCA
:1008C200E004C4400200E004C4400400E102F07FFE
:1008D200F06EDC47A846AEF4DC47B846DC4FA84EC3
:1008E2009AF40580DC4FF48E4800C0840D04DC4F7E
:1008F200F48E4C00C084F0BE06FB5E00F0CFF09E8A
:1009020006F95D00F0AFF084DA01A801DC4FF4EEE5
:100912005D0049E02D18DC4FF4AE5E0049A29D0B4C
:10092200C0A406F40800F1C8DC4FE4CE5E0029E161
:10093200DC4FE4EE5D00DC4FF4AE570041AEED0259
:0A094200E1120D01E10249202D250C
:10094C00F04E06F45E00F05F88508840F0BE06FB67
:10095C005D00F0CFC0EAF09FF08EDA01F0010804E0
:10096C00DC4FD46E0A000064DC5FC46E2C00D44EE5
:10097C0028003EF4DC5FC44E2800D46E32007EF6B4
:08098C006FF6DC4FC46E32006F
:100994000D40DC4FF48E5E00C08BC0EAF09FF08EF9
:1009A400DA01BE01F0D4DC4FD44E1400404DFD01F9
:1009B400F0D4DC4FD44E28003FF4DC4FC44E280062
:1009C400F09FF08EDA01A400F05406F50C00DC4F21
:1009D400D44E08002054405D8D0EDC4FD44E3200BE
:1009E40076F4C000DC4FC44E3200E00AF09FF08E73
:1009F400DA017E000D0EDC4FD46E0800006DDC5F62
:100A0400C46E2C00D46E32007EF66FF6DC4FC46EDA
:100A14003200F09FF08EDA01A400DC4FD45E0800AF
:100A2400F0742075DC4FD45E140040579D03DC4FF6
:100A3400C47E1400DC4FD44E36006EF4DC5FC44E2A
:100A44003600D44E34006EF4DC4FC44E3400E6FA63
:100A5400FF00F09FF08EDA017E00DC4FF48E56002A
:100A6400C08DF08E008DF09FDC49F4885F00C08655
:100A7400DC4FD45E2200F04560463D16DC49F48824
:100A84006000C08660562D06F09FF08EDA019C0649
:100A9400EA00FC0CF09FF08EDA014202F09FF08E27
:100AA400DA016002EA00FC0CE10CDC4FE4CE5800F1
:100AB400F07FF06EDC47A8468FF4DC47B846F04E72
:100AC400004DF05FDC45F4845F00C084F0A4F09F27
:100AD400F08EDA01340449802D06F09FF08EDA019D
:100AE4006002EA00FC0CDC4FC4DE1A00F07FF06EFA
:100AF400DC47A8466EF4DC47B846F06D5C16F04E51
:100B04000046F05FDC45D4B44000DC5FC4BE38006E
:100B1400D4AE1600F09FF08EDA010601DC6FD46EBD
:100B24003800C46E1E00D47E3A00F06D5C16F04EA0
:100B34000046F05FDC45C4743C00F04D0841484277
:100B44009D03F06D08610D01E0065C16F04E004651
:100B5400F05FDC45D4744000DC4FD46E12000067B3
:100B6400DC5FC46E3800D4AE1600F09FF08EDA015C
:100B74000601DC4FF48E4900C084C4400200DC4FFF
:100B8400D45E38004054FD11D4400200F1C8DC4F5B
:100B9400E4CE4D00E6F4F000C4400400F07FF06EB3
:100BA400DC47A8466FF4DC47B846DC4FF48E4800B7
:100BB400C084B840DC4FA85E9AF50A90F07FF06ECE
:100BC4009EF5DC47B856DC4FF48E4C00C084B84028
:0C0BD400DC4FD45E1E00A8404054FD42DF
:100BE000C4B00600DC4FD44E32006EF4DC4FC44E6D
:100BF0003200F07FF06EDC47A846DFF4DC47B846F1
:100C0000DC4FD44E1E0046F4C000FD1EDC4FD4BEA7
:100C10000400E6FAC000F09FF08EDA01D200E6FA96
:100C2000F000F09FF08EDA013A01F09FF08EDA01C9
:100C3000A400F064DC4FD45E08002065DC4FD44E85
:100C400038002046C4400600D4600600DC4FC46E65
:100C50002000F09FF08EDA01E202F09FF08EDA01C0
:040C60009C060D4C95
:100C6400DC4FD45E1E00A8602065E0148840F04E7E
:100C740006F45A00F05F88508840F04E06F459009C
:100C8400F05F8850F0C4E6FBE001F0A6F09FF08E20
:100C9400DA01820306F0080049802D12DC4FF48E3D
:100CA4005900C08AF09FF08EDA019002D4C004008B
:100CB400D4B00200F0ADF09FF08EDA0160060D1C96
:100CC400DC4FF48E5A00C08BDC4FF48E5900C08A7E
:100CD400F09FF08EDA010E0349802D0AD4C004007F
:100CE400D4B00200F0ADF09FF08EDA0160060D047E
:080CF400F09FF08EDA019C066E
:0C0CFC0006F00800FCFFFCFEFCFDDB0025
:0E0D0800ECFDECFEECFFF0E8F0F906F0FAFF6F
:100D1600F07FF06EDC47A8466EF4DC47B846E10C7F
:100D2600DC4FE4CE5800F07FF06EDC47A8468FF427
:100D3600DC47B846F07FF06EDC47A8469EF4DC47F9
:100D4600B846DC4FD44E36006EF4DC5FC44E360037
:100D5600D44E34006EF4DC4FC44E3400E6FAFF0085
:100D6600F09FF08EDA017E00DC4FF48E5600C08DC7
:100D7600F04E004DF05FDC45F4845F00C084B8405F
:100D8600F07FF06EDC47A846AFF4DC47B846DC4F90
:0A0D9600D44E22006848EA30D80E5F
:100DA000DC4FF48E53003D15DC4FF48E4C00C08BAD
:100DB000DC4FD4AE0400F09FF08EDA01D200E6FAE8
:100DC000F000F09FF08EDA013A01E108E4800400BF
:100DD0000D1BDC4FF48E4C00C08B5C8BDC4FF48E13
:100DE0005300C0865C86DC4FD4AE04007C8A70A6BB
:100DF000F09FF08EDA01D200E6FAF000F09FF08E5C
:100E0000DA013A01E4800400F48004002D20E6F6C3
:100E1000FFFFDC5FC46E3800D44E28003FF4DC6F67
:100E2000C44E2800D47E3800D46E08000067DC5F12
:100E3000C46E2C00D46E32007EF66FF6DC4FC46EAA
:100E40003200F09FF08EDA016002EA00A411DC5F4C
:100E5000D45E1200D44E380040459D03DC4FC45E82
:100E60003800DC4FD44E28003FF4DC4FC44E28003D
:100E7000F09FF08EDA01A400F06406F60C00DC4F5F
:100E8000D44E08002064DC4FD44E38004046ED0EAE
:100E9000DC4FD44E320076F4C000DC4FC44E32003A
:100EA000E00AF09FF08EDA017E000D10DC5FD47E48
:100EB0003800D46E08000067DC5FC46E2C00D46E6E
:100EC00032007EF66FF6DC4FC46E3200F09FF08E7B
:080ED000DA016002EA00A4113E
:100ED800A8A0F09FF08EDA01340449802D06F09F17
:100EE800F08EDA016002EA00A411DC4FC4DE1A00B9
:100EF800E007F06D5C16F04E0046F05FDC45C47408
:100F08003C00F06D5C16F04E0046F05FDC45D464A2
:100F18004000DC5FC46E3800D4AE1600F09FF08E3F
:100F2800DA010601DC5FD46E3800C46E1E00F06D75
:100F38005C16F04E0046F05FDC45D4644000DC5F90
:100F4800C46E2000F48E4800C084C4400200DC4F08
:100F5800D46E1E004064FD5D46F6C000FD3ADC4FCD
:100F6800F48E53003D15E6FBC000DC4FD4AE040000
:100F7800F09FF08EDA01D200E6FAF000F09FF08ED2
:100F8800DA013A01DC5FD46E3800C46E20000D210E
:100F9800E6FB00C0DC4FF48E5300C0865C86DC4F55
:100FA800D4AE04007C8A70A6F09FF08EDA01D200DD
:100FB800E6FAF000F09FF08EDA013A0149802D033D
:100FC800E6F6FFFF0D03DC4FD46E3800DC4FC46E2D
:100FD8002000DC4FD44E2A00BFF4DC4FC44E2A0058
:100FE800F09FF08EDA01A400DC5FC44E3000D44ECE
:100FF800360076F4C000DC4FC44E3600E06AF09F3D
:10100800F08EDA017E00F09FF08EDA016002EA00CD
:10101800A411DC4FD45E1E00D46002002065E004F9
:101028008840F04E06F45A00F05F88508840F04E31
:1010380006F45900F05F8850F0C4E6FBF000F0A613
:10104800F09FF08EDA01820306F0080049802D1126
:10105800DC4FF48E5900C08AF09FF08EDA019002BE
:10106800E00CE00BF0ADF09FF08EDA016006EA00CC
:02107800A411C1
:10107A00DC4FF48E5A00C08BDC4FF48E5900C08AC4
:10108A00F09FF08EDA01BE01F0D4F09FF08EDA0103
:10109A00A400F05406F50C00DC4FD44E080020548E
:1010AA00405D8D5FDC4FD44E1E0046F4C000FD3A11
:1010BA00DC4FF48E53003D15E6FBC000DC4FD4AE86
:1010CA000400F09FF08EDA01D200E6FAF000F09FF9
:1010DA00F08EDA013A01DC5FD46E3800C46E20006B
:1010EA000D21E6FB00C0DC4FF48E5300C0865C86FF
:1010FA00DC4FD4AE04007C8A70A6F09FF08EDA0131
:10110A00D200E6FAF000F09FF08EDA013A01498047
:10111A002D03E6F6FFFF0D03DC4FD46E3800DC4FDB
:10112A00C46E2000DC4FD44E2A00BFF4DC4FC44EFC
:10113A002A00F09FF08EDA01A400DC5FC44E300072
:10114A00D44E360076F4C000DC4FC44E3600E06A56
:10115A00F09FF08EDA017E00F09FF08EDA016002D5
:10116A000D1CDC4FD44E2A00BFF4DC5FC44E2A00AB
:10117A00D46E0800006DDC5FC46E3000D46E360099
:10118A007EF66FF6DC4FC46E3600F09FF08EDA0101
:0A119A004202F09FF08EDA016002BD
:0A11A4000806FCFFFCFEFCFDDB006A
:0811AE00ECFEECFFF0E8F0F9A3
:1011B600E1020D10C028F0AE00A8F0BFDC4BF48AA7
:1011C6004400D085E6F490002045F1E8DC4BE4EAE3
:1011D6004800092149248DEEDC4FF48E51004981E7
:1011E600ED06F09FF08EDA016002EA002813DC4F6C
:1011F600A84E8AF414B0DC5FF4CE5200F48E500090
:10120600418C2D06F09FF08EDA016002EA00281369
:10121600F07FF06EDC47A846BFF4DC47B846DC4FEB
:10122600D44E02009AF40550F09FF08EDA01600267
:101236000D78DC4FD44E32009AF41260DC4FD44E57
:1012460028003FF4DC5FC44E2800D44E32007FF401
:10125600DC4FC44E3200E00AF09FF08EDA017E00C9
:10126600DC5FF4AE5000E4AE550049A28D03C0A485
:101276002842F1A8DC4FE4AE5600C0A6DC5FC46E7F
:101286001800F48E540049838D1DDC4FF48E5300F4
:10129600C086DC6FC46E3A00D46E0400C46E38009B
:1012A600E6FAF000F09FF08EDA013A0149802D034C
:1012B600E6F6FFFF0D03DC4FD46E3800DC4FC46E3C
:1012C60016000D0ADC5FD47E0E00D46E1000206777
:1012D6007C36DC4FC46E1600DC4FD46E120006F668
:1012E600FA00DC5FC46E3800D4AE16005C3AF09F9C
:1012F600F08EDA010601DC4FD44E38000841F1C801
:10130600DC5FE4CE5700D44E060046F42C018D0572
:10131600F09FF08EDA01B4080D04F09FF08EDA012A
:02132600080DB0
:06132800FCFFFCFEDB00EF
:020000040000FA
:10090000FFFFFFFFFFFFFFF9F3EDE8E3DED8D5D1EE
:10091000CDC9C5C3C0BDBBB8B5B2B1AFAEACAAA955
:10092000A7A5A4A2A09F9E9C9B9A98979694939209
:1009300090908F8E8D8C8B8A89888887868584831A
:10094000828180807F7E7E7D7C7B7B7A79787877E0
:10095000767675747373727170706F6E6D6D6C6C8A
:100960006B6A6A696968676766666564646363621F
:10097000616160605F5E5E5D5C5C5B5B5A5A5958AA
:100980005857575656555454535352525150504F2E
:100990004F4E4D4D4C4C4B4B4A49494848474646B3
:1009A000454544434342424140403F3E3E3D3C3C3E
:1009B0003B3A3A39383837363635343433323231D7
:1009C000302F2E2D2C2B2A2928272625242322219F
:1009D0001F1E1D1C1B1A1917161412100E0C0A09C3
:1009E00007050402000000000000000000000000F5
:1009F00000000000000000000000000000000000F7
:100A00001919191919191919191919191919191956
:100A10001919191919191919191919191919181848
:100A20001818181817171717171716161616161658
:100A30001515151515151414141414141313131374
:100A4000131312121212121211111111111010108F
:100A50001010101010101010101010101010101096
:100A60001010101010101010101010101010101086
:100A70001010101010101010101010101010101076
:100A80001010100F0F0F0F0F0F0F0F0F0F0F0F0F73
:100A90000F0F0F0F0F0F0F0F0F0F0F0F0F0F0F0F66
:100AA0000F0F0F0F0F0F0F0F0F0F0F0F0F0F0F0F56
:100AB0000F0F0F0F0F0F0F0F0F0F0F0F0F0F0F0F46
:100AC0000F0F0F0F0F0F0F0F0F0F0F0F0F0F0F0F36
:100AD0000F0F0F0F0F0F0F0F0F0F0F0F0F0F0F0F26
:100AE0000F0F0F0F0F0F0F0F0F0F0F0F0F0F0F0F16
:100AF0000F0F0F0F0F0F0F0F0F0F0F0F0F0F0F0F06
:100B00000A0A0A0A0A0A0A0A0A0A0A0A0A0A0A0A45
:100B10000A0A0A0A0A0A0A0A0A0A0A0A0A0A0A0A35
:100B20000A0A0A0A0A0A0A0A0A0A0A0A0A0A0A0A25
:100B30000A0A0A0A0A0A0A0A0A0A0A0A0A0A0A0A15
:100B40000A0A0A0A0A0A0A0A0A0A0A0A0A0A0A0A05
:100B50000A0A0A0A0A0A0A0A0A0A0A0A0A0A0A0AF5
:100B60000A0A0A0A0A0A0A0A0A0A0A0A0A0A0A0AE5
:100B70000A0A0A0A0A0A0A0A0A0A0A0A0A0A0A0AD5
:100B80000A0A0A0A0A0A0A0A0A0A0A0A0A0A0A0AC5
:100B90000A0A0A0A0A0A0A0A0A0A0A0A0A0A0A0AB5
:100BA0000A0A0A0A0A0A0A0A0A0A0A0A0A0A0A0AA5
:100BB0000A0A0A0A0A0A0A0A0A0A0A0A0A0A0A0A95
:100BC0000A0A0A0A0A0A0A0A0A0A0A0A0A0A0A0A85
:100BD0000A0A0A0A0A0A0A0A0A0A0A0A0A0A0A0A75
:100BE0000A0A0A0A0A0A0A0A0A0A0A0A0A0A0A0A65
:100BF0000A0A0A0A0A0A0A0A0A0A0A0A0A0A0A0A55
:020000040001F9
:10BE680046F8FF00FD03E7F8FF000D01F048DB008E
:10BE780048A03D03E6F4FFFFDB001B89F2F50CFE4A
:10BE8800F2F40EFEF06AE007DA01AAF0F064F07549
:10BE9800F046F05726F4FFFF3850FD03E6F4FFFFA5
:04BEA8000D01F04652
:02BEAC00DB00B9
:04BEAE00ECFEECFFBB
:10BEB200F049C082E003F0625C835C827C8670366B
:10BEC200F068E00720263037F04270433D02F04828
:10BED2000D32F042F05328403850DD06F0628160A6
:10BEE200F073187081700D02F062F073F04AE00591
:10BEF200DA0192F0F0E4F0F5F0EFE00FF04E704F5F
:10BF02003D02E01EE00FE6F4FFFFE0058850F0C4BA
:10BF1200E00AE00B28203830DD06F06E8160F07F09
:10BF2200187081700D02F06EF07FE00900861097A4
:06BF3200DA017AB30802F7
:06BF3800FCFFFCFEDB0033
:10BF3E00DC49D44808009AF405F0E7FC5B00DC49C4
:10BF4E00E4C80F00E7FC1400DC49E4C81100E7FC6C
:10BF5E001400DC59E4C81000F4880C00C084D740EB
:10BF6E000000F4C40009DC59E4C80D00A8489AF496
:10BF7E000300E7FC5B000D03DC49F4C80D00DC593F
:10BF8E00E4C80E00F4880E00C0875C87DC49D468D4
:10BF9E00060066F6FF007067DC49C4680600DB0029
:10BFAE00DC49A8489AF41070E7FC1400DC49E4C898
:10BFBE001100E7FC1400DC59E4C81000D44804005A
:0ABFCE002EF4DC49C4480400DB0037
:0ABFD800ECFDECFEECFFF0E8F0F9E0
:10BFE200DC5FA8DEF48E0C00C084D7400000F4C4ED
:10BFF2000009DC5FE4CE0D00F48E0D0047F8FD0071
:10C00200FD0DF04D66F4FFF0F0D48FFDDC4FD44E01
:10C0120004004FF4DC4FC44E04000D07DC4FD44E35
:10C0220004004EF4DC4FC44E0400DC4FD44E040036
:10C032007842DC5FC44E0400F48E0D0049829D0DEF
:10C04200F04D66F4FFF0F0D49FFDDC4FD44E0400B7
:10C052005FF4DC4FC44E04000D07DC4FD44E0400E5
:10C062005EF4DC4FC44E0400DC4FD47E04008AF739
:10C072001440DC4FF48E0D0049828D0FDC4FF4AE7C
:10C0820010002D0529A1DC4FE4AE10000D0FF06762
:10C092003FF6DC4FC46E04000D093EF7DC4FC47E50
:10C0A2000400E7FC1400DC4FE4CE1000DC4FD47E29
:10C0B2000400F04766F430002D0FDC4FF4AE11009F
:10C0C2002D0529A1DC4FE4AE11000D0FF067786455
:10C0D200DC4FC46E04000D092EF7DC4FC47E040051
:10C0E200E7FC1400DC4FE4CE1100DC4FD46E0400F8
:10C0F2009AF6033066FDBEF00D049AF6022076FD34
:10C10200410066F60C002D0276FD0220DC4FF4AEF3
:10C112000D009AFD1100DC4FD44E02008AF40A0091
:10C12200DC4FF48E120047F86800ED04DC4FF4AEE9
:10C1320012000D02E7FA5B00E6FACD0CC0A9DC4F53
:10C14200D48E0600DA01AEBEDC5FC44E0600D44EC9
:0EC1520006007C84F1C8DC4FE4CE0E00F04DF8
:08C16000FCFFFCFEFCFDDB000E
:10C16800DC49D4480A009AF40520DC59F4C80E00CA
:06C17800E4C80F00DB002B
:10C17E00F079F068DC47A84666F4F9FFDC47B8466C
:10C18E00E006DC49C4680600E006DC49C468040029
:02C19E00DB00C4
:10C1A000DC49A8489AF40A20DC49D458060046F530
:10C1B000FFFF9D040851DC49C4580600DC49A8C8AB
:10C1C000F04C68463D0CDC49D44802009AF42E60DD
:10C1D000F079F068F05C7852DC47B856DB00DC4957
:10C1E000F4880800C084D7400000F4C4000ADC4989
:10C1F000F4A80A0041ACFD099AFC1810F0BC78B410
:10C20000F06B1EF6DC49B868DB00DC49F4880900F5
:10C21000C084D7400000F4C4000B41AC9D078AFCE9
:0EC22000051078C2F06C2EF6DC49B868DB0021
:06C22E00ECFDF0C8F0D9A0
:10C23400DC5DD4AC0200A89CE6F8FF00DA0178BE0D
:10C24400E6FA9065DC4DD49C0400F084DA0178BEF3
:10C25400F084DA0168BEDC5DE48C2300D44C060073
:10C264007C24F1C8DC5DE4CC2800D44C08007C2498
:10C27400F1C8DC5DE4CC2A00D48C0A007C28DA0105
:10C2840068BEDC5DE48C2900D48C0C007C48DA01A7
:10C2940068BEDC5DE48C2600D48C0E007C48DA0198
:10C2A40068BEDC5DE48C2700D48C10007C58DA0175
:10C2B40068BEDC5DE48C2200D48C12007C28DA0198
:10C2C40068BEDC5DE48C2500D48C14007C58DA0153
:10C2D40068BEDC5DE48C2100D44C16007C84F1C87B
:10C2E400DC5DE4CC1F00D44C18007C84F1C8DC5D18
:10C2F400E4CC1E00D44C1A007C84F1C8DC5DE4CC90
:10C304002000F4AC1C0047FA0B00ED02E10C0D090F
:10C31400C0A5E0341B54F2F40EFE7C2426F408007D
:10C32400F1C8DC5DE4CC2400F4AC1D0047FACC0079
:10C334008D03E7FCFF000D07C0A5E0541B54F2F485
:0CC344000EFE7C24F1C8DC4DE4CC2B0084
:04C35000FCFDDB0015
:10E10200DC49D44810009AF41960DC49F4A80200F2
:10E112002D0529A1DC49E4A802000D1CDC49F48884
:10E1220003007981DC49E4880300F079F068DC4778
:10E13200A98667F8FE00DC47B9860D0CDC49F48835
:10E14200030067F8FE00DC49E4880300E1FCDC49D7
:10E15200E4C80200DC49D44808008AF404D0E10C87
:10E16200DC49E4C80600F079F068DC47A98667F864
:10E17200EF00DC47B986DC49F4A8050049A12D105F
:10E1820049A22D0EDC49D4480A008AF40940DC4930
:10E19200D4480C008AF40460DC49A98869862D1EE3
:10E1A200DC49F48803009AF40800DC49F488010091
:10E1B2007981DC49E48801000D08DC49F48801001A
:10E1C20067F8FE00DC49E4880100F079F068DC477A
:10E1D200A98677F84000DC47B9860D10DC49F4883F
:10E1E200010067F8FE00DC49E4880100F079F0687C
:10E1F200DC47A98667F8BF00DC47B986DC49F448EA
:10E2020005003D26DC49A9A8F18A6982C0843D2027
:10E21200DC49D4480E008AF41B30DC49D4480A0099
:10E2220066F418003D1569A1C0A43D12DC49D4482A
:10E232000C008AF40D60E10CDC49E4C80600F079B8
:10E24200F068DC47A98667F8F300DC47B986DB0093
:10E25200DC49A9688AF3530049413D0FF079F0681F
:10E26200F1A679A2DC47B9A6F079F068DC47A98665
:10E2720067F8FB00DC47B9860D0F49423D07F0798C
:10E28200F068F1267924DC47B9260D06F079F068AA
:10E2920067F6FB00DC47B966DC49A9488AF206202A
:10E2A200DC49D4480A0066F418002D08F079F068B9
:10E2B200F1A477FA0800DC47B9A6DB008AF20A105B
:10E2C200DC49D4480E008AF40530DC49D4480C00FD
:10E2D2009AF40D6067F41000C0443D09DC49D4484B
:10E2E20008009AF404D0E11CDC49E4C80600F07985
:10E2F200F068DC47A98667F8F700DC47B986DB00DF
:10E30200E11CDC59E4C80600F4A8050049A12D0C63
:10E3120049A22D0ADC49D4480A008AF40540DC49A6
:10E32200D4480C009AF40860F079F068DC47A986BA
:10E3320077F84000DC47B986E1FCDC49E4C802001A
:10E34200F079F068DC47A9867981DC47B986F079F3
:10E35200F068DC47A98667F8F700DC47B986E10C6C
:08E36200DC49E4C80400DB0003
:10E36A00DC49A9A89AF50A10DC49F48805003D069B
:10E37A00F079F06867FAF900DC47B9A6E10CDC49E4
:06E38A00E4C80600DB0000
:10E39000F079F068DC47A98667F8B900DC47B986F0
:10E3A000DC49F488010067F8FE00DC49E4880100DC
:02E3B000DB0090
:10E3B200DC49D44816007CC46843F1C8DC59E4C87F
:10E3C2002300D448180066F400602D07DC49F48865
:10E3D20023007984DC49E4882300DC49D4481A000C
:10E3E2009AF40800DC49F488230077F80800DC4935
:10E3F200E4882300DC49D44818009AF40830DC4948
:10E40200F488230077F82000DC49E4882300DC4903
:10E41200D44818009AF40860DC49F488230077F89D
:10E422004000DC49E4882300E7FCFF00DC59E4C833
:10E432002500D4481C009AF405F0DC59F4C82300E6
:06E44200E4C82400DB0029
:10E44800DC49F4882400604AC0842D398AFC011014
:10E45800DB00F04BC08CF028002CF039DC43F4A230
:10E468001E0047FAFF009D13DC49F4882500604A26
:10E4780049802D0D09A1DC43E4A21E00F05AB1A089
:10E48800DC49F4882500618ADC49E4882500A84035
:10E498009AF40C00F04BC087F0480047F059DC456F
:10E4A800F4A41E00F4870240418AED09F05AB1A095
:10E4B800DC49F4882400618ADC49E4882400DB0014
:0CE4C800ECFEECFFF0E8F0F906F0FCFFC1
:10E4D400B8E0C4F00200DC4FF48E2400EA20EEE53C
:10E4E400D4700200A860DC47A8468840DC47A8C670
:10E4F400E01BE01AF09FF08EDA0148E40802DC4FDA
:10E50400F48E240067F8FD00DC4FE48E2400D490E0
:10E514000200A880DC59D4580400D4C80200F04C8E
:10E524007045884060C5E04BE04AF09FF08EDA0108
:10E5340048E40802D4700200A860DC47D4C6060090
:10E5440088C0E03BE08AF09FF08EDA0148E40802DC
:10E55400DC4FF48E240067F8EF00DC4FE48E2400D7
:10E56400D4300200A820DC53D4820A00D45208001C
:10E57400F0657068DC43D4920C00F0797076DC436B
:10E58400D4C20E00F06C7067DC43D4721000F04704
:10E5940070468840F06560686096F06C60696076EB
:10E5A400F0C7E02BE6FA2000F09FF08EDA0148E491
:10E5B4000802D4900200A880DC59D4581400D4C8AE
:10E5C4001200F04C7045884060C5E00BE6FA40004C
:10E5D400F09FF08EDA0148E40802DC4FF48E240048
:0AE5E40067F87F00DC4FE48E24008E
:08E5EE000804FCFFFCFEDB0049
:10E5F600E102E10E0D08C026F0480046F059DC4560
:10E60600E4E41E00092149258DF6DC59F4C82300EF
:0EE61600E4C82400E7FCFF00DC49E4C825004E
:02E62400DB0019
:108DF60048A03D03E6F4FFFFDB00F06AE007F04819
:108E0600F059DA01AAF0F064F075F046F05726F44E
:0E8E1600FFFF3850FD03E6F4FFFF0D01F046AC
:028E2400DB0071
:108E2600ECFDF0C8F0D9E6FA6400E6F8B4C4E0490F
:0E8E3600DA01F68DDC4DC44C0A00FCFDDB00B9
:108E4400E6F69EFEDC49C4681C00E6F6DAF8DC5956
:108E5400C4681E00D4480C009AF40D50E6F6FF00D6
:108E6400DC59C4681A00D4480C0066F4FFD7DC4906
:108E7400C4480C000D04E006DC49C4681A00E0068E
:108E8400DC49C4681800E10CDC49E4C83C00E00695
:108E9400DC49C4682600E006DC49C4682800E10C0B
:108EA400DC49E4C83400E6F6FFFFDC49C468080086
:108EB400E6F6FFFFDC49C4680400E6F6FFFFDC5970
:108EC400C4680600D4480C00CEF4DC59C4480C0035
:108ED400F48838002D07DC49D4480C009EF4DC49A2
:108EE400C4480C00DC49D4780E007C676874DC4903
:108EF400D4680C0066F6F9FF7067DC49C4680C009E
:108F0400E10CDC59E4C83D00D4480C00AEF4DC4963
:108F1400C4480C00E10CDC49E4C83E00E10CDC4927
:108F2400E4C83A00E006DC49C4682A00E10CDC49E4
:0E8F3400E4C83F00E10CDC49E4C83800DB0073
:068F4200ECFDF0C8F0D9BF
:108F4800DC4DF48C34000981DC5DE48C3400F48C55
:108F5800340049813D15DC6DA86CC46C0200F4CC6A
:108F68003200DC5DE4CC3300D44C0C00BFF4DC4DA3
:108F7800C44C0C00E006DC4DC46C1800EA000892F2
:108F8800DC6DD46C0400C46C0600D46C0800DC5D95
:108F9800C46C0400F48C3300C084E005F054E00491
:108FA800F064F075DC4DD44C0200F084E009708662
:108FB8007097DC4DF48C3200C084E005F054E00476
:108FC800F064F075DC4DA84CE005704670572048F9
:108FD8003059F084F095F048F05966F5FF00F084B8
:108FE800F095F0697C487C495CC67086F048F05979
:108FF80026F4FFFF3850FD03E6F6FFFF0D01F06889
:10900800DC6DC46C0800D4BC0200A86CDC6DC46CB8
:109018000200F4CC3200E4CC3300DC5DD47C0A00DE
:10902800D44C04004047FD0EDC4DD44C08004047AA
:10903800FD09DC4DD46C0C006EF65FF6DC4DC46C9B
:109048000C000D0DDC4DD44C060040479D08DC4D4E
:10905800D46C0C006FF65EF6DC4DC46C0C00DC4D75
:10906800D4AC0800F06A7C16DC4DD44C04004046B1
:10907800FD08E6F8B4C4E049DA01F68DDC4DC44CCD
:109088001600DC4DD46C04007C16DC4DD47C0C003E
:109098008AF70260EA009E91DC4DD45C08004056D5
:1090A8009D7ADC4DD45C060040569D7576F70282A9
:1090B800DC5DC47C0C00F48C38002D07DC4DF48C8E
:1090C80039002981DC4DE48C3900DC4DD44C10008A
:1090D8009AF40D40DC4DD44C0E009AF402C0E00422
:1090E8000D01E024F1C8DC4DE4CC3A000D36DC4D2E
:1090F800F48C35009AF42D00DC4DF42C3600C02891
:10910800E6F41E001B84F2F70EFE06F71E00DC4D87
:10911800F44C3900C049207946F71E00DD05E10C02
:10912800DC4DE4CC3A000D190881F048C085E6F41E
:109138001E001B54F2F40EFEF074207946F75A0014
:10914800BD02E0040D01E024F1C8DC4DE4CC3A0096
:109158000D04E10CDC4DE4CC3A00DC4DD44C12009B
:109168006EF4DC6DC44C1200C4BC2200A86CDC4D4B
:10917800C46C2400E6F61E02DC4DC46C1A00E6F648
:10918800DAF8DC5DC46C1E00D44C20007FF4DC4DA2
:10919800C44C20000D35DC4DF48C35009AF43000B9
:1091A800DC4DF4EC390047FE64008D13C0E426F46E
:1091B8006400F1C8DC4DE4CC3B00E7FC1E00DC5D3C
:1091C800E4CC3900D44C20007FF4DC4DC44C2000A2
:1091D8000D1729E1DC5DE4EC3900F48C39003D1011
:1091E800E7FC1E00DC6DE4CC3900F4CC3700E4CC9D
:1091F8003600DC4DD44C20007FF4DC4DC44C2000FC
:04920800FCFDDB008E
:0E920C00ECFDECFEECFFF0C8F0D906F0FCFF24
:10921A00DC4DF48C3200C084E005F054E004F064C4
:10922A00F075DC4DA84CF0A4E00B70A670B7DC4DCD
:10923A00D44C14008AF42750DC4DD45C0800E6F4C0
:10924A00E0011B54F2F90CFEF2F80EFEF048F05958
:10925A0026F4FFFF36F5FF00FD04E6F8FFFFE6F906
:10926A00FF00F04A2048F05B3059F0E4F0F566FF61
:10927A00FF00F06EDC4DC46C2C00F04FE005F1C825
:10928A00DC4DE4CC4200DC4DF48C4200C084E005A5
:10929A00F054E004F064F075DC4DD44C2C00E00589
:1092AA00F0E470E6F0F570F7DC6DA86CC46C2C0085
:1092BA00F4CC3200DC4DE4CC4200F08A208EF09BE4
:1092CA00309F66F9FF00F068DC4DC46C2E00F0494F
:1092DA00E005F1C8DC5DE4CC4300D47C0C005C47BB
:1092EA0066F72000DC4DD46C14005EF67067DC5D16
:1092FA00C46C1400D44C0C009AF42010DC4DF48C8D
:10930A0043002D0FF048F059F0657C847C855C861B
:10931A007046F0A4E6F8D1F0E089DA01F68DF0643F
:10932A000D0ADC4DD4AC2E00E6F880D1E6F9F0083F
:10933A00DA01F68DF064DC4DC46C1600DC4DF44C99
:10934A00410047F496008D06DC4DD44C300046F4BB
:10935A0000962D4DDC4DD4AC3000F06A7C86C044BA
:10936A004046FD18E0741BA4F2F90CFEF2F80EFE5A
:10937A00C044E005F0645C855C847C8670560048D5
:10938A001059F0657C347C355CD67046B840C450C0
:10939A0002000D17E0341BA4F2F90CFEF2F80EFEDF
:1093AA00C044E005F0645C855C847C8670560048A5
:1093BA001059F0657C247C255CE67046B840C450A0
:1093CA000200A860D4700200F046F05726F4009616
:1093DA003850FD03E6F600960D00DC5DC46C3000E3
:0E93EA00D44C30007C84F1C8DC4DE4CC44004F
:0A93F8000804FCFFFCFEFCFDDB0096
:10940200DC49D4480C009AF40D50E10CDC49E4C864
:109412004100E006DC49C4681600E10CDC49E4C8FE
:109422004000DB00DC49D4581600E6F4A000F6F553
:109432000EFE5B44F2F40EFEF05446F5FF00FD030F
:10944200E7FCFF000D01F1CADC59E4C84000D46812
:10945200160046F600289D09E6F42800F6F60EFEF0
:109462005B44F2F40EFEF1C80D02E7FCFF00DC499A
:04947200E4C8410009
:02947600DB0019
:102B7200E6FBB809E00AE6F84426E6F9E000DA00E6
:042B8200E2DFDB00B3
:0E2B8600E6F8B02AE6F9E000DA01FCE8DB0030
:102B9400E6F4A024E6F5E000F0A4F0B5D740E000A8
:102BA400F3F842263D09E10CDC4BE4CA8201E10C56
:102BB400DC4BE4CA8301DB00DC4BF48A81012D2663
:102BC400DC4BF48A83013D09DC5BC48A8401C49A2A
:102BD4008601E11CDC4BE4CA8301DC5BD46A84011A
:102BE400D47A8601F0482046F0593057E6F6E803D7
:102BF400E007DA01AAF026F6F40138709D02E11C20
:102C04000D01E10CDC4BE4CA8201DB00E10CDC6B5E
:0C2C1400E4CA8301F4CA8001E4CA820112
:022C2000DB00D7
:042C2200F068F079ED
:102C2600E1020D0BC0295C19D740E000D4592E28CB
:102C3600D740E000C459A024092147F26B008DF269
:102C4600D740E000F3F8252849823D02E1180D013E
:102C5600E108D740E000F7F82126D740E000F3F876
:102C6600D72F2D13D740E000F3F8D82F3D0ED740CD
:102C7600E000F3F8D92F3D09D740E000F3F8D0295A
:102C8600D740E000F7F820260D17D740E000F3F80C
:102C960042262D0DD740E000F3F825283D06D74003
:102CA600E000F3F8CB299AF40200E0140D01E004E9
:102CB600D740E000F7F82026F086F097DA01942B4B
:022CC600DB0031
:042CC800ECFEECFF33
:102CCC00E6F44426E6F5E000F0E4F0F5DC4FF48E93
:102CDC0092093D65D740E000F3F8E7222D010D5F26
:102CEC00F0BFF0AEF08E06F86C04F09FDA0188E8C5
:102CFC00F1A8DC4FF48EBC073D05E11CDC4FE4CEA3
:102D0C0095090D4D49A02D02E0060D02E6F6008056
:102D1C00DC4FC46ED602F09FF08EDA00F2B149801F
:102D2C003D05E11CDC4FE4CE95090D39F09FF08E8A
:102D3C00DA00DEB2F09FF08EDA00A4B3DC4FD44E92
:102D4C00C00266F43FFFDC4FC44EC002E10CDC4F06
:102D5C00E4CEE801E10CDC4FE4CEE701F09FF08E0D
:102D6C00DA00423BF08E06F8C207F09FDA01DAF186
:102D7C00E7FC1F00DC4FE4CED007E11CDC4FE4CEB7
:102D8C009209E10CDC4FE4CE9509DA01862BD75081
:0E2D9C00E000F2F82826F2F92A26DA01222CAD
:062DAA00FCFFFCFEDB0053
:042DB000ECFEECFF4A
:102DB400E6F44426E6F5E000F0E4F0F5E6F8162E35
:102DC400E6F9E000DA004643F08E06F84604F09F88
:102DD400DA01B2E3F08E06F88603F09FDA0102E32B
:0E2DE400E118D740E000F7F8D72FDA01862B70
:062DF200FCFFFCFEDB000B
:102DF800ECFEECFFF0E8F0F9E6F4FF00E00588509F
:102E0800F0C4E00AE00BD740E000F2F49E2106F49B
:102E18002800F084F098BCF9DA017AB30802F1C806
:102E2800DC4FE4CEC602E6F4FF00E0058850F0C4AB
:102E3800E00AE00BD740E000F2F4A22106F42800F3
:102E4800F084F098BCF9DA017AB30802F1C8DC4FD3
:102E5800E4CEC702E6F4FF00E0058850F0C4E00ABB
:102E6800E00BD740E000F2F59621E044F6F50EFEBF
:102E78004B44F2F40EFEF084F098BCF9DA017AB310
:102E88000802F1C8DC4FE4CEC802E6F4FF00E00512
:102E98008850F0C4E00AE00BD740E000F2F89A212D
:102EA800F098BCF9DA017AB30802F1C8DC4FE4CE35
:102EB800C902E6F4FF00E0058850F0C4E00AE00B20
:102EC800D740E000F2F5A621E6F46400F6F50EFE20
:102ED8004B44F2F40EFEF084F098BCF9DA017AB3B0
:102EE8000802F1C8DC4FE4CECA02E6F4FF00E005B0
:102EF8008850F0C4E00AE00BD740E000F2F41E224C
:102F08007C54F084E009DA017AB30802F1C8DC4F96
:102F1800E4CECB02E6F4FF00E0058850F0C4E00AF6
:102F2800E00BD740E000F2F8FE21E009DA017AB3BD
:102F38000802F1C8DC4FE4CECC02D740E000F3FC35
:102F48007822DC4FE4CECD02D740E000F2F5D6225D
:102F5800F0457C3446F4FF00FD03E6F5FF000D0163
:102F68007C35F045F1C8DC6FE4CECE02F4CEC60263
:102F7800E4CEE602D740E000F3FA782249A23D0207
:102F8800E0460D0549A13D02E0260D01E006DC4FB3
:0A2F9800C46EDE02FCFFFCFEDB004D
:0A2FA200ECFDECFEECFF06F0EEFF84
:102FAC00E6F44426E6F5E000F0E4F0F5B8E0C4F011
:102FBC000200D740E000F3F842262D7CD740E00019
:102FCC00F3F8782249823D76D740E000F3F82422CA
:102FDC0049823D70DC4FF48E97093D09DC5FC48E4D
:102FEC008809C49E8A09E11CDC4FE4CE9709DC4FAA
:102FFC00F48E99093D1EDC5FD46E8809D47E8A0953
:10300C00F0482046F059305726F4B80B38508D1143
:10301C00E11CDC4FE4CE9909D4900200A880DC4975
:10302C00D458E40246F5FFFF9D040851DC49C4580E
:10303C00E402D740E000F3F8A02149813D3FDC4F8A
:10304C00F48E98093D0BD740E000F2F69E21DC4F40
:10305C00C46E8C09E11CDC4FE4CE9809DC4FF48E75
:10306C009A093D2CD740E000F2F59E2146F546002A
:10307C00CD25DC4FD44E8C09F064F076BCF7F045CE
:10308C00F054BCF52046305726F416003850CD16B7
:10309C00E11CDC4FE4CE9A09D4900200A880DC49F4
:1030AC00F4A8E80247FAFF009D0909A1DC49E4A84D
:1030BC00E8020D04E10CDC4FE4CE9709DC4FF48EF2
:1030CC0099092D31E00D0D1AF04DC088F0AE00A815
:1030DC00F0BFDC4BF44A9B09F1E4B1E0DC4BF4CAE1
:1030EC005009F16C616EE0440040F0140018B961B5
:1030FC00F1847186DC4BE48A9B0908D1F04D47F8CA
:10310C000E008DE2E04B00B066FBFF3FF2FC04FECC
:10311C00E6FA1995D4900200A880DA009EA04980A6
:10312C003D02E1080D72DC4FF48E9A092D31E00D51
:10313C000D1AF04DC088F0AE00A8F0BFDC4BF44A7D
:10314C00A909F1E4B1E0DC4BF4CA5009F16C616EF1
:10315C00E0440040F0140018B961F1847186DC4B36
:10316C00E48AA90908D1F04D47F80E008DE2E04B36
:10317C0000B066FBFF3FF2FC04FEE6FA2B95D49000
:10318C000200A880DA009EA049803D02E1080D3DB6
:10319C00DC4FF48E6E092D38E11CD4500200A8408F
:1031AC00DC45E4C4E801E11CD4500200A840DC4535
:1031BC00E4C4E701F0BE06FB5009F0CFE6FA9395A4
:1031CC00D4900200A880DA009EA049802D0DF0BE9C
:1031DC0006FB5009F0CFE6FA9495D4900200A88033
:1031EC00DA009EA049803D02E1080D0FE10CD4509D
:1031FC000200A840DC45E4C4E801E10CD450020014
:0A320C00A840DC45E4C4E701E11826
:0C32160006F01200FCFFFCFEFCFDDB00DB
:10322200ECFEECFF88B088A0F0E8F0F906F0F8FFB9
:10323200E6F44426E6F5E000B840C4500200E6F8A1
:103242004426E6F9E000C4800400C4900600F0AE13
:10325200F0BF06F86C04DA015CEAD4500200A84020
:10326200DC45F48492093D06F08EF09FDA01222CAF
:10327200EA003A35D4500200A840DC45F4849409AF
:103282003D0CD4500200A840DC45F48495093D056C
:10329200D740E000F3F8CA203D06F08EF09FDA0135
:1032A200222CEA003A35D4500200A840DC45F484CE
:1032B20093093D02DA01B02DD4900200A880DC49C6
:1032C200F48896093D16D4600800D4700A00DC59CF
:1032D200C4688009C4788209E11CD4500200A84065
:1032E200DC45E4C49609F08EF09FDA01222CEA0054
:1032F2003A35D4500200A840DC55D4648009D47415
:103302008209D4400800D4500A0020463057284091
:1033120036F500808D0DE12CD4500200A840DC452A
:10332200E4C49509F08EF09FDA01222CEA003A35C6
:10333200D4600800D4700A00D4500200A840DC55C2
:10334200C4648009C4748209D4500200A840DC55C8
:10335200D4644409D4744609F04E2046F05F3057D5
:1033620026F40A003850EA803A35D4900600D48018
:103372000400DA01F82DDA000A638850884088F0E8
:10338200F0CED4B00C00D4A00A00D4900800D480AF
:10339200060006F8D207DA00905E0806F08EF09F6B
:1033A200DA01A22F49803D07E13CD4500200A84037
:1033B200DC45E4C49509D4900200A880DC59D468A5
:1033C2008409D4788609F04E2046F05F305726F4FF
:1033D200640038508D71DC59C4E88409C4F8860948
:1033E200D4900600D4800400DA00C0B4D490060061
:1033F200D4800400DA0098A249803D07E13CD45011
:103402000200A840DC45E4C49509D4900600D480AB
:103412000400DC59F4C8E101E4C88B03D740E000A2
:10342200F3F842262D03E6F600200D01E006D45003
:103432000600D4400400DC45C4648E03D740E0009B
:10344200F3F8242249823D03E6F640000D01E0062E
:10345200D4500600D4400400DC45C4649603D490E2
:103462000600D480040006F88603DA0102E1D49053
:103472000600D4800400DC49F4888B033D09DC4952
:10348200F48889039AF4040006F88603DA016AE3F1
:10349200D4B00600D4A00400DC4BD47AC0028EF76C
:1034A200DC4BF48A8C032D03E6F600010D01E006E5
:1034B2007067DC4BC46AC002D4900600D48004005A
:1034C200DA006EB649803D07E13CD4500200A840C4
:1034D200DC45E4C49509D4700600D4600400DC47DE
:1034E200D446D0022D23F097F086DA00C63E4980FA
:1034F2003D08E15CD4500200A840DC45E4C49509D3
:103502000D15D4900200A88006F8D207DA004643CF
:10351200E10CD4500200A840DC45E4C49809E10C57
:10352200D4500200A840DC45E4C49709DA01862B96
:08353200F08EF09FDA01222C5B
:0A353A0006F00C00FCFFFCFEDB00B5
:04354400ECFEECFFAE
:10354800E6F44426E6F5E000F0A4F0B5DC4BF48A96
:1035580094093D2AE11CDC5BE4CA9409F48A9309C6
:103568002D14DC4BF48A95093D10DC6BF4CA9909DB
:10357800E4CAE501F4CA9A09DC4BE4CAE601F09B07
:10358800F08ADA0044AEDA01862BDA01F249D75024
:10359800E000F2FE2826F2FF2A26F084DA01144A17
:0835A800F08EF09FDA01222CE5
:0635B000FCFFFCFEDB0045
:1035B600D740E000F3F8D62F2D05D740E000F3F80A
:1035C600D82F3D02E108DB008890F0C8E6FA4426D1
:1035D600E6FBE000E6F8B02AE6F9E000DA0104EAE4
:0435E6000802DB00FC
:1035EA00D740E000F3F8D62F2D14D740E000F3F8C7
:1035FA00D82F2D0FD740E000F2F414293D0AE6F83F
:10360A00B02AE6F9E000DA01BCEA49802D02E014AA
:06361A000D01E004DB00DD
:10EAE400F0687C36DC4AB869F0686867DC5AC46947
:10EAF4000200A8592D12DC4AD449020048429D0D57
:10EB0400F07AF0692851DC47B856DC4AD44902004F
:0CEB140006F40800DC4AC4490200DB00E3
:10EB2000F0787C371B79F2F50CFEF2F40EFEF084DF
:10EB3000F095F048F05926F4FFFF3850FD03E6F653
:10EB4000FFFF0D01F068F04B49802D06206AF04769
:0AEB50005C144046FD01F064F0463D
:02EB5A00DB00DE
:10EB5C00F048F05926F4FF7F3850BD03E6F4FF7FF0
:10EB6C00DB00F048F05926F4008036F5FFFFDD039A
:0AEB7C00E6F40080DB00F048DB0047
:10EB8600F048F05926F4FFFF3850BD03E6F4FFFFC6
:10EB9600DB00F048F05928403850DD02E004DB0085
:04EBA600F048DB0058
:10EBAA00ECFDECFEECFFF01CF02BF0CAF0A8F0B97B
:10EBBA00F48002002D03E00EF0DC0D55A9803D041F
:10EBCA00DC4BF48A04002D0DDC4BA8EAF06EF076DB
:10EBDA00BCF7F08CE00900861097DA0186EBF0D4D6
:10EBEA000D4249202D19DC4BA84AF064F076BCF797
:10EBFA00D4400400F084E00900861097DA015CEB47
:10EC0A00F0E4F06EF076BCF7F08CE009008610971D
:10EC1A00DA0186EBF0D40D27F4200A002D0EF0421B
:10EC2A00E005F0645C855C847C867056C026E0074B
:10EC3A00DA01AAF0F064F0750D03E6F6FFFFE007CB
:10EC4A00F046F05726F4FFFF3850FD03E6FDFFFFBC
:10EC5A000D01F0D6F06CE007F08DE00920863097C0
:10EC6A00DA015CEBF0E4D4500800405EDD0E46F5B4
:10EC7A00FF7F9D0BF0F5F065E007F08CE009008658
:10EC8A001097DA0186EBF0D40D1EDC4BA84AF0840B
:10EC9A00F098BCF9D4400600E00520843095DA01EA
:10ECAA005CEBF054405EDD02F0FE0D0DF0F5DC4B3E
:10ECBA00A84AF064F076BCF7F08CE0090086109759
:10ECCA00DA0186EBF0D446FD7D009D03E6FD7D006A
:10ECDA00E00FDC5BC4DA0200B8FAA9C0DC4BE4CA74
:02ECEA00040024
:08ECEC00FCFFFCFEFCFDDB0057
:10ECF400F05BF06AF028F039E6F4FB008840E6F4B3
:10ED040053078840E6F47D008840E6F43F008840DD
:10ED1400F4800A00C0848840F4800A00C0848840DB
:10ED2400F04CC08CF0B5F0A6F093F082DA01AAEBB7
:06ED340006F00C00DB00FC
:10D0D400DC49F4881100C085E6F46A041B54F2F5B7
:10D0E4000CFEF2F40EFEF0657C247C255CE67046B2
:10D0F400F064DC59C4680C00D4480C007C84F1C88A
:08D10400DC49E4C81200DB0065
:04D10C00F0A8F0B9DE
:10D11000F09BF08ADA01D4D0DC4BD41A0A00F0413B
:10D12000E005F054E004F064F075DC4BD4CA08006C
:10D13000F08CE00970867097DC4BD47A0C0040715B
:10D14000ED1F40713D0248C02D44DC4BD45A0A000B
:10D150002057E6F433331B54F2F30CFEF2F20EFECA
:10D16000F04270433D02E012E003F048F0592042E3
:10D1700030539D03E008E0090D02208230930D2911
:10D18000DC4BD46A0A002076DC4BD45A08002D020E
:10D19000E0150D01E005F0672065E6F433331B640C
:10D1A000F2F30CFEF2F20EFEF04270433D02E0128A
:10D1B000E003E6F4FFFFE6F5FFFF20483059204288
:10D1C00030539D05E6F8FFFFE6F9FFFF0D020082F0
:10D1D0001093F068DC4BC46A0800F049E005F06485
:10D1E000DC6BC46A0A00D46A0A00C46A0E00DC4B15
:0ED1F000D44A0E007C84F1C8DC4BE4CA130064
:02D1FE00DB0054
:10D20000DC49F488100047F824009D03E7FC7F0008
:10D210000D03DC49F4C81000DC49E4C81100DB0050
:10D22000F0A8F0B9E7FC1E00DC4BE4CA1400E15C96
:10D23000DC4BE4CA1600E15CDC4BE4CA1500F09B51
:10D24000F08ADA0100D2F09BF08ADA01D4D0DC6BEC
:10D25000D46A0C00C46A0E00C46A0A00DC5BF4CA1B
:08D260001200E4CA1300DB0018
:10D26800DC49A8489AF40870E15CDC49E4C8160077
:0AD27800E15CDC49E4C81500DB00AE
:10D28200F0A8F0B9DC4BD44A06008AF41D20F09BCA
:10D29200F08ADA0100D2DC4BF48A100047F824004D
:10D2A2009D08DC4BD44A04007844DC4BC44A040099
:10D2B2000D07DC4BD44A04002EF4DC4BC44A0400B4
:0AD2C200F09BF08ADA010CD1DB00CA
:0AD2CC00ECFDECFEECFFF0E8F0F9D9
:10D2D600DC5FA8DED44E06008AF40220EA003CD4C5
:10D2E600DC4FD44E040066F4E0FFDC5FC44E04005D
:10D2F600F4AE100047FA24009D13F04D66F4FFF0DB
:10D30600F0D476FD4008DC4FD44E04007845DC4F5F
:10D31600C44E0400E7FC7F00DC4FE4CE11000D2074
:10D32600DC4FE4AE11006EFD8AFD020066FDFFF0E3
:10D33600DC4FF4AE100047FA5B009D08DC4FD44E7C
:10D3460004007841DC4FC44E04000D0A47FA9100F0
:10D35600FD07DC4FD44E04007842DC4FC44E040077
:10D36600F09FF08EDA010CD1DC4FF48E14003D29CB
:10D3760076FD0220DC4FD46E04009AF61510DC4FC1
:10D38600F48E18004980FD10DC4FD44E02008AF45A
:10D396000B00F04D66F4FFF0F0D48FFDF0564FF51C
:10D3A600DC4FC45E04000D0D9AF60B008AF60920C8
:10D3B600F04D66F4FFF0F0D49FFD3FF6DC4FC46EEF
:10D3C6000400F04D66F4000F2D06DC4FF48E1500B8
:10D3D6003D0276FD0320DC4FD44E040068433D0C2D
:10D3E600DC4FF4AE16003D0366FDFEF00D0929A1E3
:10D3F600DC4FE4AE16000D04E15CDC4FE4CE160013
:10D40600DC4FF48E14002D4BDC4FF48E170009818F
:10D41600DC5FE48E1700F48E170047F80A008D3F94
:10D42600E10CDC5FE4CE1700F48E14002981DC4F9A
:10D43600E48E14000D34E7FC1E00DC5FE4CE14001D
:10D44600D44E04009AF40D20F04D66F4FFF0F0D4AB
:10D4560076FD4008DC4FF48E15003D2176FD032055
:10D466000D1E6EFD8AFD020066FDFFF0DC4FF4AE78
:10D47600100047FA9100ED0F47FA5B008D0CDC4F68
:10D48600F4AE16003D0366FDFEF00D0929A1DC4F42
:10D49600E4AE16000D04E15CDC4FE4CE1600DC4F72
:10D4A600D44E040066F41C002D09DC4FF4AE1500C2
:10D4B6002D0929A1DC4FE4AE15000D04E15CDC4F1B
:06D4C600E4CE1500F04D5C
:08D4CC00FCFFFCFEFCFDDB008F
:10DB4800DC49A8489AF40E70E10CDC49E4C81A00D4
:10DB5800E10CDC59E4C81900D44806002EF4DC496D
:06DB6800C4480600DB00CA
:10DB6E00DC59A878F4C8160049C39D1E49C13D0D65
:10DB7E00DC49F488170049829D17DC49D44802001D
:10DB8E0066F4000F46F400082D0F49C23D24DC490F
:10DB9E00F488180049829D08DC49D448040066F4D4
:10DBAE00000F46F400083D17DC49F4A81B002D0BAE
:10DBBE0029A1DC59E4A81B00D4480A001EF4DC4954
:10DBCE00C4480A000D13DC49D4480A007842DC49E7
:10DBDE00C4480A000D0BE7FC3200DC59E4C81B00F8
:10DBEE00D4480A001EF4DC49C4480A00DC49D44873
:10DBFE00120046F480028D08DC49D4480A003FF436
:10DC0E00DC49C4480A000D07DC49D4480A003EF43A
:10DC1E00DC49C4480A00DC49D448120046F400012D
:10DC2E009D08DC49D4480A004FF4DC49C4480A0078
:10DC3E000D07DC49D4480A004EF4DC49C4480A00FA
:10DC4E00DC49F4881C0047F89000FD1CDC49D448E0
:10DC5E00140046F400059D16DC49F4A81D0047FA91
:10DC6E004B00FD1047FA64009D0DDC49D4480C00B2
:10DC7E009AF40850DC49D4480800FFF4DC49C44843
:10DC8E0008000D07DC49D4480800FEF4DC49C448FE
:10DC9E000800DC49F4881C0047F89000FD1FDC49A1
:10DCAE00D448140046F400059D19DC49F4881D0083
:10DCBE0047F84B00FD13DC49D4480E009AF40E30A1
:10DCCE00DC49F4881E0047F85000FD08DC49D448B2
:10DCDE000A007841DC49C4480A000D07DC49D448E3
:10DCEE000A000EF4DC49C4480A00DC49D448080096
:10DCFE008AF405F0DC49D4480A009AF40200E014D4
:10DD0E000D01E004F1A849A02D1FDC49F48819008B
:10DD1E000981DC59E4881900F4C8190047FC320067
:10DD2E00FD0B29C1DC59E4C81900D448060078411E
:10DD3E00DC49C44806000D12DC49D44806000EF436
:10DD4E00DC49C44806000D0AE10CDC59E4C8190090
:10DD5E00D44806000EF4DC49C4480600DC49D44819
:10DD6E00140046F400058D1FDC49F4881A00098161
:10DD7E00DC59E4881A00F4C81A0047FC3200FD0B87
:10DD8E0029C1DC59E4C81A00D44806007842DC499F
:10DD9E00C44806000D12DC49D44806001EF4DC49C6
:10DDAE00C44806000D0AE10CDC59E4C81A00D44838
:10DDBE0006001EF4DC49C4480600DC49D4480800BD
:10DDCE008AF4118066F7FEF0DC49D4480A009AF412
:10DDDE00021076F70108DC49D44810009AF427D0D7
:10DDEE0076F702200D24DC49D44806009AF4081078
:10DDFE00F0642EF6DC49C468060076F702200D08A2
:10DE0E009AF406007844DC49C448060076F70220EE
:10DE1E0066F7FEF0DC49D44806009AF4082049A0C3
:10DE2E002D03E6F401040D02E6F401087074F047C8
:02DE3E00DB0007
:10A15E0048A03D03E6F4FFFFDB00F06AE007F0489D
:10A16E00F059DA01AAF0F064F075F046F05726F4D3
:0EA17E00FFFF3850FD03E6F4FFFF0D01F04631
:02A18C00DB00F6
:10A18E00F069E007F048E00520463057F064F075BE
:10A19E00F046F05726F4FF7F3850BD03E6F4FF7FFC
:10A1AE000D0BF046F05726F4008036F5FFFFDD0369
:08A1BE00E6F400800D01F046FB
:02A1C600DB00BC
:04A1C800ECFEECFFBE
:10A1CC00DC4BA81AF041E005F054E004F064F075A3
:10A1DC00DC49A848F0E4E00F70E670F7401C8D20D5
:10A1EC00DC4BA85A405C3D03DC49A8482D3FDC4BB6
:10A1FC00A85A205CA8401B54F2F30CFEF2F20EFE9F
:10A20C00F04270433D02E012E003F04EF05F20425A
:10A21C0030539D03E00EE00F0D0220E230F30D26CB
:10A22C00DC4BA85AF04C2045DC49A8582D02E0150F
:10A23C000D01E0052045A8501B45F2F30CFEF2F28F
:10A24C000EFEF04270433D02E012E003E6F4FFFF25
:10A25C00E6F5FFFF204E305F204230539D05E6FEB1
:10A26C00FFFFE6FFFFFF0D0200E210F3F06EDC498A
:0CA27C00B868F04FE005F064DC4BB86AF5
:06A28800FCFFFCFEDB0000
:10A28E00DC49D448060076F43C00DC49C44806009C
:10A29E00E006DC59C4682C00D468360066F6FFF080
:10A2AE0076F6000ADC49C4683600E11CDC49E4C8D5
:10A2BE004300E11CDC49E4C84400E11CDC49E4C86D
:10A2CE004200E016DC49C4681400E016DC49C4689C
:10A2DE003400E6F69CFEDC49C4683A00E6F69CFEC5
:10A2EE00DC49C4683800E6F67D00DC49C4683C00F1
:0CA2FE00E7FC3200DC49E4C84500DB004E
:10A30A00DC69D4681800C4681A00D4683200DC69B1
:10A31A00C4681800F4C84300E4C84400DC49F4885F
:10A32A004200C086DC69C4683400F4C84200E4C84C
:10A33A004300DC49D44806005EF4DC59C4480600F0
:10A34A00D44802009AF41E80DC49D44804009AF4E6
:10A35A001980DC49A8488AF41500DC49F4884200CF
:10A36A00C087DC49D4682C000067DC59C4682C001B
:10A37A00D4582C0046F500808D0526F50080DC496E
:06A38A00C4582C00DB00AA
:0EA39000ECFDECFEECFFF0E8F0F906F0FAFF51
:10A39E00DC4FD44E04009AF40280EA00F8A4DC4F9D
:10A3AE00D44E06009AF40510E006DC4FC46E0E0083
:10A3BE000D4CDC4FF48E3E0049823D04DC4FD44EF2
:10A3CE0030000D03DC4FD44E2E00B840A85046F599
:10A3DE0000C89D13F045E005F0645C555C547CB6F6
:10A3EE007056F064F075E6F41900F6F60EFEF6F708
:10A3FE000CFE7B44F2F60EFE0D02E6F6FFFFDC5F6E
:10A40E00C46E2A00D44E08009AF40930E006DC6FC0
:10A41E00C46E2600D46E2A00C46E28000D11E6F418
:10A42E00FFFF8840DC4FD4CE2A00F0AE06FA28009B
:10A43E00F0BFF08E06F82600F09FDA01C8A10802E0
:10A44E00DC5FD46E2800C46E0E00DC4FD44E0600C6
:10A45E009AF40810DC4FD44E08003FF4DC4FC44E83
:10A46E0008000D07DC4FD44E08003EF4DC4FC44EFE
:10A47E000800DC6FD46E0E00C46E0A00F48E3F002E
:10A48E0049829D29DC4FF48E3E0049813D24E6F938
:10A49E00AF00DC4FF48E4000C088DA018EA1E035AB
:10A4AE000B45F2FD0EFE48D0DD0BE075205DE0841D
:10A4BE00F6F50EFE4B44F2F40EFEF0D481D00D06EE
:10A4CE00E084F6FD0EFE4B44F2FD0EFEF06DDC4F09
:10A4DE00E4CE47000D04E10CDC4FE4CE4700E0066D
:10A4EE00DC4FC46E1000EA0030A7DC4FD44E0600DD
:10A4FE009AF41B50DC4FF4AE410047FA10008D1059
:10A50E00E006DC5FC46E1200D44E06007844DC4FC9
:10A51E00C44E0600E11CDC4FE4CE4200EA0032A637
:10A52E0009A1DC4FE4AE41000D7DDC4FF48E4100FD
:10A53E0047F80F009D6CDC5FD47E1A00D46E1800B5
:10A54E002067DC5FC46E1C00F48E44002D04DC4FCB
:10A55E00F48E44000D01E118F0B4F04BC08ADC4FCC
:10A56E00D44E1C00F084E009DA015EA1F0A4E6F8F6
:10A57E00841EE009DA015EA1DC5FC44E1400D44EE5
:10A58E0014004844FD04E046DC4FC46E1400DC4F5A
:10A59E00D44E14003D04E016DC4FC46E1400DC4FA4
:10A5AE00D44E1400F1C8DC4FE4CE4200F04BC0850F
:10A5BE00E6F4BADB1B54F2F50CFEF2F40EFEF06478
:10A5CE005C755C747C967056C4400200C4500400E6
:10A5DE00F064DC4FC46E1E00D4400200D450040060
:10A5EE00F045E005F064DC5FC46E2000D4AE1C00C4
:10A5FE00D4800200D4900400DA015EA1DC5FC44E68
:10A60E001200D44E06002EF4DC4FC44E0600DC4F72
:10A61E00D44E06005FF4DC4FC44E0600E10CDC4F56
:10A62E00E4CE4100E6F400808840DC4FD4CE120028
:10A63E00F0AE06FA2400F0BFF08E06F82200F09F6E
:10A64E00DA01C8A10802DC6FD46E2400C46E0C00BF
:10A65E00C46E0A00DC4FD44E06009AF40520E10CBD
:10A66E00DC4FE4CE47000D1EDC5FD49E1600D48E68
:10A67E000C00DA018EA1E055F6F40EFE4B55F2FDFC
:10A68E000EFE46FD7F00BD03E6F47F000D0746FD7E
:10A69E0080FFDD03E6F480FF0D01F04DF1C8DC4FC5
:10A6AE00E4CE4700DC6FD46E0C00C46E1600D44EA0
:10A6BE00340046F4FE00FD04E016DC4FC46E340098
:10A6CE00DC4FD44E02009AF42880DC4FD45E2C006E
:10A6DE00E6F410271B54F2F50CFEF2F40EFEC44005
:10A6EE000200C4500400F064DC4FC46E1E00D4405F
:10A6FE000200D4500400F045E005F064DC4FC46E57
:10A70E002000E6FA8813D4800200D4900400DA0107
:10A71E005EA1DC4FC44E10000D04E006DC4FC46E8B
:10A72E001000DC4FD45E0A00E6F4A000F6F50EFE33
:10A73E005B44F2F50EFEB85046F5FF00FD03E7FC54
:0EA74E00FF000D02A840F1C8DC4FE4CE46002B
:0AA75C000806FCFFFCFEFCFDDB001C
:10C35400E6FB1000E00AE6F8CE35E6F9E000DA0084
:10C36400E2DFE6FB1200E00AE6F8BC35E6F9E0009D
:10C37400DA00E2DFE6FB1600E00AE6F8A635E6F9A5
:0CC38400E000DA00E2DFDA01722BDB00DF
:10C39000F068F079D770E000F78E4226F78EAC2275
:10C3A000F6F69E22F6F7A022D750E000F78E7F2205
:10C3B000F78E7D22F096F0A7E6F84000DA01CA94E5
:10C3C000DA016487DA010EA9E0048840E00CD74066
:10C3D000E000C2FB7E22E00AD740E000C2F97C22E6
:0AC3E000E008DA01364A0802DB002B
:0EC3EA00ECFDECFEECFFF0E8F0F906F0E2FFEF
:10C3F800F08EF09FDA015428D740E000F3F8D935E1
:10C408002D0FD750E000F2F6CE35F2F7D035F04ECA
:10C418002046F05F305726F40A003850EA805CC5A1
:10C42800D750E000F6FECE35F6FFD035E118D740FC
:10C43800E000F7F8D935DA018649F0D4F04D4981A2
:10C44800FD13D760E000F78EDC35F78ED835F78E10
:10C45800D735F08EF09FDA0190C3E118D740E0009D
:10C46800F7F8DB35EA00DAC7D740E000C2F5D73580
:10C478005C15F04DC08470456847D750E000F7F868
:10C48800D735F3FAD83549A39D0509A1D740E0006F
:10C49800F7FAD835D740E000F3F8D83549838D5AF4
:10C4A800D740E000F3FAD7352D0249A73D02E01442
:10C4B8000D01E004D750E000F7F8DC35F3FAD73582
:10C4C80049A73D13D740E000F3F8D6354981ED0D73
:10C4D800E118D750E000F7F8D635F78EDB35E118CC
:10C4E800D740E000F7F842260D3549A03D19D7405E
:10C4F800E000F3FAD6352D0249A13D12E128D760B4
:10C50800E000F7F8D635F6FED235F6FFD435DA0076
:10C51800447AF08EF09FDA0190C3DA0144350D1A9F
:10C52800D740E000F3F8D73549873D14D740E000FD
:10C53800F3FCD63549C28D0E49C52D0C49C72D0AC5
:10C54800E168D740E000F7F8D635E118D740E000B9
:10C55800F7F8DB35D740E000F3FCD63549C2EA806E
:10C56800DAC749C5EA20DAC749C73D02EA00DAC78F
:10C57800DA00447AD750E000F78E4226F3F8E72233
:10C588002D02DA010EA9D740E000F3F8D635498626
:10C598003D54D740E000F3F8DC35EA20DAC7D7404D
:10C5A800E000F3F8D7354987EA30DAC7D740E0002A
:08C5B800F3F85A22EA30DAC759
:10C5C000D740E000F3F85B22EA30DAC7D740E0005A
:10C5D000F3F85622EA30DAC7D740E000F3F85722E2
:10C5E000EA30DAC7D740E000F3F85822EA30DAC779
:10C5F000D740E000F3F85922EA30DAC7D740E0002C
:10C60000F3F8E722EA30DAC7D740E000F3F848242D
:10C61000EA30DAC7D750E000F2F79E24F2F69C2405
:10C620007067EA30DAC7DA015C774980EA30DAC746
:10C63000E178D740E000F7F8D635DA019449EA000E
:10C64000DAC7F08066F8FF3FF2F904FEDA014A40EB
:10C65000F4801A00EA30DAC7D4401400EA30DAC7AE
:10C66000D740E000F3F8E722EA30DAC7D740E0002D
:10C67000F3F84824EA30DAC7D750E000F2F79E24F6
:10C68000F2F69C247067EA30DAC7D740E000F3F88E
:10C69000C9202D02EA00DAC7D740E000F3F8C8331A
:10C6A0002D1DD740E000F3F8D0332D06D740E00031
:10C6B000F3F8CF3349813D0BF08EF09FDA01582615
:10C6C00049802D05E118D740E000F7F8D033E11894
:10C6D000D740E000F7F8DB35EA00DAC7D740E000E2
:10C6E000F3F8DA353D2FD740E000F3F8D62F2D05CB
:10C6F000D740E000F3F8002E3D06E118D740E000F7
:10C70000F7F8DB350D6AD740E000F3F8012E2D1560
:10C71000F08EF09FDA01B63549802D5FE118D750D1
:10C72000E000F7F8DA35F3F8D63549862D56E138CA
:10C73000D740E000F7F8D6350D50E118D740E000BB
:10C74000F7F8DA35DA01EA3549803D06E118D740D5
:10C75000E000F7F8DB350D41E148D750E000F7F88D
:02C76000D635CC
:10C76200F3F8DC352D39D740E000F3F8D7353D3406
:10C77200D750E000F2F6D235F2F7D435F04E20462B
:10C78200F05F305726F4983A38508D26D740E000B3
:10C79200F3F87C223D21D740E000F3F8CA202D1C9B
:10C7A200D740E000F3F8A02149813D16DA015C7719
:10C7B20049802D010D11DA01904949802D08E15877
:10C7C200D750E000F7F8D635F78EDB350D05E118C6
:08C7D200D740E000F7F8DB3569
:0CC7DA0006F01E00FCFFFCFEFCFDDB0076
:020000040000FA
:0640120008000A0B060580
:0C001C00545537343420302E302E320082
:1011BE00E6F4FC22E6F5E000F0A4F0B5DC4BF48A90
:1011CE008000C084084166F47F00F128DC4BF4AA4D
:1011DE00810041A23D05E11CDC4BE4CA8200DB002C
:1011EE00F078DC4BF48A8000C086F04A0046F05B53
:0A11FE00DC45B9E4DC4BE42A800074
:02120800DB0009
:10120A00E6F4FC22E6F5E000F024F035F01AE7FCFB
:10121A005500DC43E4C2B400F06ADC43E4C2B50022
:10122A00E00B0D15F048004BF059DC45A9E4F042FB
:10123A00004BF053DC45E4E4B600F048004BF059AB
:10124A00DC45A984C085C0240045F12808B1F04ACC
:10125A00C085405BEDE7F04AC086F0420046F05395
:10126A00DC45E424B600E006DC43C4623A01F04AF5
:0A127A00C0860863DC43C46238013B
:02128400DB008D
:0412860006F0FEFF71
:10128A00F04849802D02E1080D01E118B980E01A01
:0E129A00F08066F8FF3FF2F904FEDA000A1257
:0412A8000802DB005D
:0A12AC00ECFDECFEECFF06F056FF2F
:1012B600E6F47822E6F5E000F0E4F0F5E6F49621AF
:1012C600E6F5E000C4406200C4506400E6FB62003C
:1012D600E00AF08066F8FF3FF2F904FEDA00E2DF8A
:1012E600DA01F249C440A400E6F40A22E6F5E00079
:1012F600E6F666000060E6F71E00DA019CF1E6F409
:101306003622E6F5E000E6F684000060E6F7200007
:10131600DA019CF1D750E000F2F42826F2F52A26ED
:10132600C440A600C450A800D480A400DA01144A20
:10133600D4A07A00F08066F8FF3FF2F904FEDA01E5
:1013460018B3D4506400D4406200DC45D4A4040031
:10135600E028008066F8FF3FF2F904FEDA0118B3D0
:10136600D4506400D4406200DC45A854E0A4F6F5ED
:101376000EFE4B44F2F40EFEE4800400DC4FD44E25
:10138600180046F4FF00FD03E6F4FF000D03DC4FF2
:10139600D44E1800E4800500D4A08C00E0680080DC
:1013A60066F8FF3FF2F904FEDA0118B3D45098004C
:1013B600E0A4F6F50EFE4B44F2FA0EFEE08800803D
:1013C60066F8FF3FF2F904FEDA0118B3D4A09000E4
:1013D600E0A8008066F8FF3FF2F904FEDA0118B3D0
:1013E600E6F47F00E0058850F0C4E6FA80FFE6FBED
:1013F600FFFFD4506600D4406400DC45D4440800A6
:10140600F084F098BCF9DA017AB30802E4800C00A3
:10141600E6F47F00E0058850F0C4E6FA80FFE6FBBC
:10142600FFFFD4506600D4406400DC45D4440C0071
:10143600F084F098BCF9DA017AB30802E4800D0072
:10144600D4706400D4606200DC47D4561000E6F421
:101456006400F6F50EFE4B44F2F40EFEE4800E0038
:10146600DC47D4466C00E4800F00DC4FF48E160097
:10147600E4801000DC4FF48E1400E4801100DC4F91
:10148600F48E1500E4801200DC4FD46E5E00F04648
:101496007C34E4801300E6F464001B64F2F50CFE71
:1014A600F2F40EFEE6F60004E007DA013CF126F45B
:1014B60064003850E4801400DC4FF48E4F00E48062
:1014C6001600DC4FD4AE5200E6F81900008066F82C
:1014D600FF3FF2F904FEDA0118B3DC4FD45E3800A0
:1014E60046F56400FD02E1180D01E108E4801D00E7
:1014F60046F5FF00FD03E6F4FF000D03DC4FD44E76
:101506003800E4801E00DC4FD45E5400E0A4F6F5FB
:101516000EFE4B44F2F40EFEE4802000D740E000BD
:10152600F3F8EC22E4802100D740E000F3F8EA2249
:10153600E4802200DC4FD4AE3E00E6F823000080B3
:1015460066F8FF3FF2F904FEDA0118B3DA000A631F
:10155600DC45F484D805E4802500D740E000F3FE9E
:10156600E022E4E02600DC4FF48E0700E480280049
:10157600D4506400D4406200DC45D4446800E48062
:101586002900D740E000F3F8B535E4802A0049E2A7
:101596003D02E0250D01E00549E13D02E0160D01A1
:1015A600E0067065DC4FF48E34002D02E0450D0137
:1015B600E0057056D740E000F3FCE4222D02E084FB
:1015C6000D01E0047045E4802B00E4C02C00F4809B
:1015D6008100E4802D00D4407600D450780026F4B3
:1015E600FF003850FD04E6F4FF00E0050D04D4408A
:1015F6007600D4507800E4802E00D740E000F3F85F
:10160600E522E4802F00E108E4803000DC4FA98E5B
:1016160049813D02E0250D01E005F4808000498204
:101626003D02E0170D01E0077075DC4FF48E1500E2
:1016360047F86400FD02E0460D01E0067067DC4FE6
:10164600F48E140047F86400FD02E0870D01E00700
:101656007076DC4FF48E02002D03E6F610000D01C5
:10166600E0067067DC4FF48E36002D03E6F72000A7
:021676000D0164
:10167800E0077076DC4FF48E04002D03E6F6400098
:101688000D01E0067067DC4FF48E05002D03E6F4CB
:1016980080000D01E0047046E4803100DC4FF48ED8
:1016A80003002D02E0460D01E006DC4FF48E010038
:1016B8002D02E0150D01E0057056D740E000F3F863
:1016C800B6352D02E0860D01E0067065D4408A002B
:1016D8002D03E6F510000D01E0057056D440880092
:1016E8002D03E6F620000D01E0067065D740E00006
:1016F800F3F8CB202D03E6F540000D01E005705608
:10170800D740E000F3F848242D03E6F480000D01EB
:10171800E0047045E4803200DA000A63DC45F484B2
:10172800D405E4803300D740E000F3F84824E4808F
:0C1738003400DC4FF48E0600E480350025
:10174400DA01F249C440A400E00D0D19F48D1240F1
:10175400C085E0C40B54F2F40EFED740E000D4A4DC
:10176400D620F04D5C14E6F6360000600064F08686
:1017740066F8FF3FF2F904FEDA0118B308D148D63F
:0A1784008DE5D480A400DA01144AB8
:10178E00DC5FD44E1E00D45E2000D460A600D47060
:10179E00A80020643075E6F4E803F6F60EFEF6F7C0
:1017AE000CFE7B44F2FA0EFEE6F84200008066F86C
:1017BE00FF3FF2F904FEDA0118B3DC4FF48E02009B
:1017CE00E4804B00DC4FD4AE1800E6F84C000080ED
:1017DE0066F8FF3FF2F904FEDA0118B3DC4FD4AE1F
:1017EE003800E6F84E00008066F8FF3FF2F904FE7E
:1017FE00DA0118B3E148E4805000D4906400D4803C
:10180E006200DC49D4580C0046F57F00AD0346F566
:10181E0080FFDD02E0260D01E006DC49D458080009
:10182E0046F57F00AD0346F580FFDD02E0140D01A5
:10183E00E0047046E4805100DC49D4A80800E6F8C4
:10184E005200008066F8FF3FF2F904FEDA0118B389
:10185E00D4506400D4406200DC45D4A40C00E6F8F9
:10186E005400008066F8FF3FF2F904FEDA0118B367
:10187E00D4A09800E6F85600008066F8FF3FF2F913
:10188E0004FEDA0118B3D740E000F3F82226E48014
:10189E005800DA01F249C440A400D740E000F2FA41
:1018AE002822E6F85900008066F8FF3FF2F904FEA0
:1018BE00DA0118B3D480A400DA01144AD740E0004C
:1018CE00F3F8D62F2D2CD740E000F3F8242847F854
:0418DE001400ED25E0
:1018E200E6F44426E6F5E000F084F095DC49F4885D
:1018F200E001E4805B00E00D0D12E6F418001BD459
:10190200F2F60EFEF0480046F059DC45F4A402005F
:1019120069A1F4805C00018AE4805C0008D1DC49A2
:0A192200F488E001C085405DEDE8A7
:10192C00D740E000F3F8CA202D5CDA000A63DC45EE
:10193C00F48400063D56D4506400D4406200DC456B
:10194C00F484160049813D4DDA000A63F084F09569
:10195C0006F82009DA0104B3F084E009D4506400DD
:10196C00D4406200DC55D4647000D4747200D4404E
:10197C00A600D450A8002046305720483059ED31ED
:10198C00DA000A63DC45F484C308C085E0541B54B8
:10199C00F2F60EFED4506400D4406200DC45D44410
:1019AC006A0040469D04E118E4805D000D1ADA00DF
:1019BC000A63DC45F484C408C085E0541B54F2F679
:1019CC000EFED4506400D4406200DC45D4446A005E
:1019DC004046FD04E148E4805D000D03E128E4800D
:1019EC005D00D4A0A600D4B0A800E6F85E0000808C
:1019FC0066F8FF3FF2F904FEDA000CD1E6FA620059
:0E1A0C00F08066F8FF3FF2F904FEDA000A12DD
:0C1A1A0006F0AA00FCFFFCFEFCFDDB0057
:0A1A2600ECFDECFEECFF06F088FF7B
:101A3000E6F47822E6F5E000F0E4F0F5E6F496212D
:101A4000E6F5E000C4402C00C4502E00DA000A6322
:101A5000C4403000C4503200DA01F249F094E6F498
:101A60000A22E6F5E000E6F634000060E6F71E0024
:101A7000DA019CF1E6F43622E6F5E000E6F65200E3
:101A80000060E6F72000DA019CF1D750E000F2F4A4
:101A90002826F2F52A26C4407400C4507600D740A8
:101AA000E000F2F42822C4407200D740E000F2FDCA
:101AB000CC20F089DA01144AE6FB2C00E00AF08021
:101AC00066F8FF3FF2F904FEDA00E2DFE138B980A0
:101AD000D4A04800E018008066F8FF3FF2F904FE49
:101AE000DA0118B3E6F4FFFFE0058850F0C4E00A1D
:101AF000E00BD4503000D4402E00DC45D444040028
:101B0000F084F098BCF9DA017AB30802F0A4E03866
:101B1000008066F8FF3FF2F904FEDA0118B3E6F43C
:101B2000E803E0058850F0C4E00AE00BD450300030
:101B3000D4402E00DC45A844F084F098BCF9DA01CA
:101B40007AB30802F0A4E058008066F8FF3FF2F98B
:101B500004FEDA0118B3E6F4FF00E0058850F0C493
:101B6000E00AE00BD4503000D4402E00DC45D444D1
:101B70000800F084F098BCF906F828001890DA0103
:101B80007AB30802E4800700E6F4FF00E00588501D
:101B9000F0C4E00AE00BD4503000D4402E00DC4505
:101BA000D4440C00F084F098BCF906F82800189092
:101BB000DA017AB30802E4800800E6F4FF00E005E9
:101BC0008850F0C4E00AE00BD4503000D4402E001E
:101BD000DC45D4541000E6F46400F6F50EFE4B44E8
:101BE000F2F40EFEF084F098BCF9DA017AB3080240
:101BF000E4800900D740E000F3F8CA202D1FD4503C
:101C00003200D4403000DC45F48400062D17D49017
:101C10002E00D4802C00DC49F488160049813D0E4A
:101C2000DC49D4486C0046F4FF00FD03E6F4FF00F5
:101C30000D03DC49D4486C00E4800A00D4502E0027
:101C4000D4402C00DC45D4546A00E054F6F50EFE76
:101C50005B44F2F40EFEF064E007F046F05726F421
:101C6000FF003850BD04E6F4FF00E0050D02F04629
:101C7000F057E4800B00DC4FF48E1600E4800C007B
:101C8000DC4FD4AE5E00E0D8008066F8FF3FF2F98A
:101C900004FEDA0118B3DC4FD4AE1800E0F800807F
:101CA00066F8FF3FF2F904FEDA0118B3D4A05A0037
:101CB000E6F81100008066F8FF3FF2F904FEDA0151
:101CC00018B3D4A06600E6F81300008066F8FF3F62
:101CD000F2F904FEDA0118B3DC4FF48E1400E4804C
:101CE0001500DC4FF48E1500E4801600DC4FD44E56
:101CF000380046F4FF00FD03E6F4FF000D03DC4F5F
:101D0000D44E3800E4801700D740E000F2F4EA2215
:101D100046F4FF00FD03E6F4FF000D04D740E000A9
:101D2000F2F4EA22E4801800DC4FD46E3E00E0A416
:101D3000F6F60EFE5B44F2F40EFE46F4FF00FD03E1
:101D4000E6F4FF000D06E0A4F6F60EFE5B44F2F4A6
:101D50000EFEE4801900D4902E00D4802C00DC49C3
:101D6000D448680046F4FF00FD03E6F4FF000D03CD
:101D7000DC49D4486800E4801A00DC4FF48E62002D
:101D8000E4801B00DC4FD44E640046F4FF00FD03EA
:101D9000E6F4FF000D03DC4FD44E6400E4801C0029
:101DA000DC4FF48E6300E4801D00DC4FD44E6600EF
:101DB00046F4FF00FD03E6F4FF000D03DC4FD44EB4
:101DC0006600E4801E00DC4FA9CE49C13D02E0253B
:101DD0000D01E005F4804E0049823D02E0170D013F
:101DE000E007707549C23D02E0460D01E0067067EC
:021DF000DC4FC6
:101DF200F48E02002D02E0870D01E0077076DC4FC1
:101E0200F48E36002D03E6F610000D01E006706731
:101E1200DC4FF48E04002D03E6F720000D01E007ED
:101E22007076DC4FF48E05002D03E6F640000D01BE
:101E3200E0067067DC4FF48E03002D03E6F48000A9
:101E42000D01E0047046E4801F00DC4FF48E0100B7
:101E52002D02E0150D01E005D44056002D02E026CA
:101E62000D01E0067065D44058002D02E0450D01D9
:101E7200E0057056D740E000F3F8B6352D02E08653
:101E82000D01E0067065D740E000F3F8CB202D038A
:101E9200E6F510000D01E0057056D740E000F3F8BA
:101EA20048242D03E6F620000D01E0067065D740B8
:101EB200E000F3F822262D03E6F540000D01E005CF
:101EC2007056D740E000F3F8C9202D03E6F48000F5
:101ED2000D01E0047045E4802000D740E000F3F8F3
:101EE200CA202D49D4703200D4603000DC47F48619
:101EF20000063D41DC49F488160049813D3C06F666
:101F02002009F097F086DA0104B3F084E009D430B6
:101F12002E00D4202C00DC53D4627000D4727200E4
:101F2200D4407400D45076002046305720483059AF
:101F3200ED22D4903200D4803000DC49F488C3080A
:101F4200C085E0541B54F2F60EFEDC43D4726A00E4
:101F520040769D02E0140D0DDC49F488C408C0856A
:101F6200E0541B54F2F60EFE4076FD02E0440D01F1
:101F7200E024E4802100D740E000F3FAB53547FAC7
:101F82000F00FD02E0F40D01C0A45C44F1A8F4804E
:101F92002100718AE4802100D4A07200E6F82200B8
:101FA200008066F8FF3FF2F904FEDA0118B3F0ADE3
:101FB200E6F82400008066F8FF3FF2F904FEDA0139
:101FC20018B3D4404400D450460026F4FFFF3850E2
:101FD200FD04E6F4FFFFE0050D04D4404400D450B4
:101FE2004600F0A4E6F82600008066F8FF3FF2F90A
:101FF20004FEDA0118B3D4A07400D4B07600E6F877
:102002002800008066F8FF3FF2F904FEDA000CD1E6
:10201200E6FA2C00F08066F8FF3FF2F904FEDA00DF
:022022000A12A0
:0C20240006F07800FCFFFCFEFCFDDB0079
:0A203000ECFDECFEECFF06F068FF8B
:10203A00E6F4FC22E6F5E000B840C4500200E6F6F9
:10204A00FC22E6F7E000F08606F88300F097C480E9
:10205A000400C4900600DC47F486AC00F0E4DC49D6
:10206A00A988F0F4E108E4800800DA01F249F0D422
:10207A00D750E000F2F42826F2F52A26C440900050
:10208A00C4509200F08DDA01144AF04F49803D0C99
:06209A00F04E49813D09F2
:1020A000E0BAE6F81C00E6F90000DA000A12EA00DD
:0220B000A83254
:1020B200F04F47F810003D07F04E49813D04DA0029
:1020C200AC12EA00A832F04F47F813003D07F04E79
:1020D20049813D04DA00261AEA00A832F04F47F897
:1020E20034003D1DF04E49813D1AD4A09000D4B079
:1020F2009200E6F81000008066F8FF3FF2F904FE55
:10210200DA008CD2E6FA4000E6F81000008066F8A9
:10211200FF3FF2F904FEDA000A12EA00A832F04F99
:1021220047F835003D39F04E49823D36D45006001D
:10213200D4400400DC45F484010049833D1AD4A054
:102142009000D4B09200E6F81000008066F8FF3FDD
:10215200F2F904FEDA0026D6E6FA5600E6F8100096
:10216200008066F8FF3FF2F904FEDA000A12EA0084
:10217200A832D4909000D4A09200D4500600D4404B
:102182000400DC45F4840100C088DA000ED5C08862
:10219200DA008612EA00A832F04F49813D54F04E2F
:1021A20049813D51D740E000F3F848243D1FD74014
:1021B200E000F3F8C9203D1AD4809000D490920038
:1021C200DA01689AD740E000F3F841262D0CD74097
:1021D200E000F3F878223D07D740E000F2F41E2237
:1021E2003D02E0140D01E004E4800800F4800800E0
:1021F2002D14E11CD4500200A840DC45E4C4460181
:10220200D4609000D4709200D4500200A840DC55F3
:10221200C4644801C4744A010D0FD4700200A8605E
:1022220006F63C01DC57A846D45602000841185075
:10223200DC57B846C4560200F4800800C088DA00B1
:102242008612EA00A832F04F47F811003D3CF04EEA
:1022520049813D39DA01F249F0D4E004C4400E006C
:102262000D1DD4500E00E0C41B54F2F40EFED740F4
:10227200E000D4A4D620D4400E005C14E6F6100090
:1022820000600064F08666F8FF3FF2F904FEDA01AE
:1022920018B3D4400E000841C4400E00D4400E00D2
:1022A20046F410008DDEF08DDA01144AE6FA2000C1
:1022B200E6F81000008066F8FF3FF2F904FEDA004B
:1022C2000A12EA00A832F04F47F83100EA306624D9
:0822D200F04E4981EA30662458
:1022DA00DA01F249F0D4D770E000F2F63A21F2F7C7
:1022EA003C21F2F42826F2F52A2620463057C4402B
:1022FA009400C4509600E118E4801000D740E00032
:10230A00F3F840212D11D4409400D450960026F4BD
:10231A0064003850ED09D740E000F2F4362146F463
:10232A00FF03ED02E0160D01E006D740E000F3F8E6
:10233A0078223D0CD740E000F3F824223D07D7402D
:10234A00E000F2F41E223D02E0250D01E005705680
:10235A00D740E000F3F842262D02E0460D01E006E0
:10236A007065D740E000F3F8CA202D02E0850D0120
:10237A00E0057056D740E000F3F8E02249813D03BA
:10238A00E6F410000D01E0047045E4801100D74026
:10239A00E000F2FA3621E6F81200008066F8FF3F04
:1023AA00F2F904FEDA0118B3D4409400D45096002E
:1023BA0026F4FFFF3850FD04E6F4FFFFE0050D04A4
:1023CA00D4409400D4509600F0A4E6F8140000809B
:1023DA0066F8FF3FF2F904FEDA0118B3DA000A637D
:1023EA00F084F09506F8B007DA0104B3F0A4E6F831
:1023FA001600008066F8FF3FF2F904FEDA0118B30E
:10240A00DA000A63F084F09506F8B207DA0104B339
:10241A00F0A4E6F81800008066F8FF3FF2F904FE1F
:10242A00DA0118B3D740E000F2FACC20E6F81A0035
:10243A00008066F8FF3FF2F904FEDA0118B3F08D66
:10244A00DA01144AE0CAE6F81000008066F8FF3F95
:0C245A00F2F904FEDA000A12EA00A832CF
:10246600F04F47F820003D3EF04E49813D3BE138B4
:10247600E4801000E158E4801100E6FA000CE6F86A
:102486001200008066F8FF3FF2F904FEDA0118B385
:10249600D740E000F2FACC20E6F81400008066F897
:1024A600FF3FF2F904FEDA0118B3E7F82000E480F2
:1024B6001600E7F88000E4801700E108E4801800C1
:1024C600D740E000F3F84026E4801900E0AAE6F8D9
:1024D6001000008066F8FF3FF2F904FEDA000A12E7
:1024E600EA00A832F04F47F82D003D2CF04E498106
:1024F6003D29E118E4801000E118E4801100E6FAB5
:102506000004E6F81200008066F8FF3FF2F904FEC8
:10251600DA0118B3E128E4801400E118E48015001C
:10252600E108E4801700E108E4801600E08AE6F896
:102536001000008066F8FF3FF2F904FEDA000A1286
:10254600EA00A832F04F47F82E00EA305626F04E41
:1025560049813D7EDA01F249F0D4E118E4801000A9
:10256600D740E000F3F85022E4801100D740E000A5
:10257600F3F87622E4801200E108E4801300E00418
:10258600C4400E000D44D4400E005C14D740E00059
:10259600D4A46822D4400E005C14E6F61400006051
:1025A6000064F08666F8FF3FF2F904FEDA0118B31C
:1025B600D4400E005C14D740E000D4A46C22D44072
:1025C6000E005C14E6F6180000600064F08666F8FB
:1025D600FF3FF2F904FEDA0118B3D4400E005C1492
:1025E600D740E000D4A47222D4400E005C14E6F674
:1025F6001C0000600064F08666F8FF3FF2F904FEF6
:10260600DA0118B3D4400E000841C4400E00D4408D
:102616000E0048428DB8D740E000F2FA7022E6F884
:102626002000008066F8FF3FF2F904FEDA0118B3D5
:10263600F08DDA01144AE6FA1200E6F8100000807E
:1026460066F8FF3FF2F904FEDA000A12EA00A83241
:10265600F04F47F82F00EA305029F04E49812D10EF
:10266600F04E4982EA305029D4700600D460040046
:10267600DC47F4A6010049A12D0349A2EA305029FE
:10268600DA01F249F0D4E118E4801000E108E480B0
:102696001100D740E000F2FA6A08E6F8120000805E
:1026A60066F8FF3FF2F904FEDA0118B3D740E000FE
:1026B600F2FA6C08E6F81400008066F8FF3FF2F9BB
:1026C60004FEDA0118B3D740E000F2FA6E08E6F825
:1026D6001600008066F8FF3FF2F904FEDA0118B32F
:1026E600D740E000F2FA7008E6F81800008066F8B5
:1026F600FF3FF2F904FEDA0118B3D740E000F2FA20
:102706007208E6F81A00008066F8FF3FF2F904FE48
:10271600DA0118B3D740E000F2FA7022E6F81C009E
:10272600008066F8FF3FF2F904FEDA0118B3F04EB6
:1027360049823D13D4500600D4400400DC45F4849D
:10274600010049813D0AD770E000F68E7008F68ECA
:102756006E08F68E6C08F68E6A08F04E4982EA30EC
:102766001229D4500600D4400400DC45F48401004C
:102776004982EA301229E128E4801000E6FB520083
:10278600E00AE6F81E00008066F8FF3FF2F904FE54
:10279600DA00E2DFD740E000F2FA7608E6F81E003B
:1027A600008066F8FF3FF2F904FEDA0118B3E6F896
:1027B6001E00008066F8FF3FF2F904FEDA0104B35A
:1027C6004840EA20F828D740E000F2FA7808E6F810
:1027D6002000008066F8FF3FF2F904FEDA0118B324
:1027E600D740E000F2FA7A08E6F82200008066F8A0
:1027F600FF3FF2F904FEDA0118B3D740E000F2FA1F
:102806007C08E6F82400008066F8FF3FF2F904FE33
:10281600DA0118B3D740E000F2FA7E08E6F826009F
:10282600008066F8FF3FF2F904FEDA0118B3D740DC
:10283600E000F2FA8008E6F82800008066F8FF3F1C
:10284600F2F904FEDA0118B3D740E000F2FA820882
:10285600E6F82A00008066F8FF3FF2F904FEDA0186
:1028660018B3D740E000F2FA8408E6F82C0000809E
:1028760066F8FF3FF2F904FEDA0118B3D740E0002C
:10288600F3F8C208E4802E00D740E000F3F8C3084E
:10289600E4802F00D740E000F3F8C408E48030005D
:1028A600D740E000F3F8C508E4803100E004C440F6
:1028B6000E000D1AD4400E005C14D740E000D4A4DC
:1028C6008608D4400E005C14E6F63400006000640E
:1028D600F08666F8FF3FF2F904FEDA0118B3D44039
:1028E6000E000841C4400E00D4400E0046F41E00FF
:1028F6008DE1D740E000F2FA7408E6F83200008075
:1029060066F8FF3FF2F904FEDA0118B3F08DDA013A
:10291600144AF04E49823D0CD4500600D4400400BF
:10292600DC45F484010049823D03E6F460000D01B4
:10293600E0E4C08AE6F81000008066F8FF3FF2F98E
:1029460004FEDA000A12EA00A832F04F47F82B001C
:102956003D4DF04E49813D4AE118E4801000E168A2
:10296600E4801100D740E000F2FAC433E6F8120022
:10297600008066F8FF3FF2F904FEDA0118B3D7408B
:10298600E000F2FAC633E6F81400008066F8FF3F6E
:10299600F2F904FEDA0118B3D740E000F3F8CA33BF
:1029A600E4801600D740E000F3F8C833E48017004F
:1029B600D740E000F3F8CE33E4801800D740E000BB
:1029C600F3F8CF33E4801900E108E4801A00E10847
:1029D600E4801B00E0CAE6F81000008066F8FF3FBE
:1029E600F2F904FEDA000A12EA00A832F04F47F8BC
:1029F6002C00EA30022BF04E4982EA30022BD4300A
:102A06000600D4200400DC43F422010049218D761F
:042A16004926ED74EC
:102A1A00C028E0C41B84F2F60EFEE6F47033E6F535
:102A2A00E0000046C4409400C45096002881E01695
:102A3A004C68E118E4801000E4201100D740E0005F
:102A4A00F2F4C43360462D02E1180D01E108E48076
:102A5A001200D740E000F2F4C63360462D02E118B6
:102A6A000D01E108E4801300D4709600D46094004C
:102A7A00DC47A986E4801400E108E4801500DC47FD
:102A8A00D4A60200E6F81600008066F8FF3FF2F9C5
:102A9A0004FEDA0118B3D4509600D4409400DC55F1
:102AAA00D4A40400D4B40600E6F81800008066F83E
:102ABA00FF3FF2F904FEDA0152B3D4509600D44033
:102ACA009400DC55D4A40800D4B40A00E6F81C002B
:102ADA00008066F8FF3FF2F904FEDA0152B3E6FA23
:102AEA001000E6F81000008066F8FF3FF2F904FED5
:082AFA00DA000A12EA00A8321A
:102B0200F04F47F821002D04F04F47F822003D1303
:102B1200F04E49813D10F06FD4500200A840DC45D0
:102B2200E4C44401E10CD4500200A840DC45E4C4F2
:102B32004501EA00A832F04F47F823003D0AF04E63
:102B420049813D07DA00447AE118E4800800EA008E
:102B52007A32F04F47F824003D0DF04E49813D0A8C
:102B6200D4809000D4909200DA01B07BE480080017
:102B7200EA007A32F04F47F82500EA30122DF04E83
:102B82004981EA30122DDA01F249F0D4D740E0004F
:102B9200F2FA2822E6F81000008066F8FF3FF2F908
:102BA20004FEDA0118B3D740E000F2FA2A22E6F86E
:102BB2001200008066F8FF3FF2F904FEDA0118B352
:102BC200D740E000F2FACC20E6F81400008066F864
:102BD200FF3FF2F904FEDA0118B3D740E000F2FA3F
:102BE200CE20E6F81600008066F8FF3FF2F904FEF8
:102BF200DA0118B3D740E000F3F89A24E480180011
:102C0200D740E000F3F84126E4801900D740E00005
:102C1200F3F8E022E4801A00D740E000F3F8E4225F
:102C2200E4801B00D740E000F2FAEA22E6F81C003A
:102C3200008066F8FF3FF2F904FEDA0118B3D740CC
:102C4200E000F2FAEC22E6F81E00008066F8FF3F90
:102C5200F2F904FEDA0118B3D740E000F2FA40229A
:102C6200E6F82000008066F8FF3FF2F904FEDA0180
:102C720018B3D740E000F2FA3E22E6F822000080C4
:102C820066F8FF3FF2F904FEDA0118B3E06BE00ADE
:102C9200E6F82400008066F8FF3FF2F904FEDA004D
:102CA200E2DFD740E000F3F8AE22E4802A00D7400A
:102CB200E000F3F88F22E4802B00D750E000F2FA14
:102CC2002C22F2FB2E22E6F82C00008066F8FF3F51
:102CD200F2F904FEDA0152B3D740E000F3F82026FD
:102CE200E4803000D740E000F3F82126E480310090
:102CF200F08DDA01144AE6FA2200E6F810000080AC
:102D020066F8FF3FF2F904FEDA000A12EA00A8327E
:102D1200F04F47F82700EA30562EF04E4981EA304C
:102D2200562EE118E4801000D740E000F3F8D635C3
:102D3200E4801100D740E000F3F8DB35E4801200B4
:102D4200D740E000F3F8CA35E4801300D740E00032
:102D5200F3F8B235E4801400D740E000F3F8B3355D
:102D6200E4801500D740E000F3F8B535E4801600A2
:102D7200D740E000F3F8D62FE4801700D740E000F8
:102D8200F3F8D72FE4801800D740E000F3F8D92FEA
:102D9200E4801900D740E000F2FAD22FE6F81A00D8
:102DA200008066F8FF3FF2F904FEDA0118B3D7405B
:102DB200E000F2FAD42FE6F81C00008066F8FF3F2C
:102DC200F2F904FEDA0118B3D740E000F3F8002E5E
:102DD200E4801E00D740E000F3F8012EE4801F00DB
:102DE200D740E000F3F8FA2DE4802000D740E0005D
:102DF200F3F8FE2DE4802100D740E000F3F8032E23
:102E0200E4802200D740E000F3F8052EE48023009E
:102E1200D740E000F3F82428E4802400D740E00003
:102E2200F3F82026E4802500D740E000F3F82126BD
:102E3200E4802600E108E4802700E6FA1800E6F8BC
:102E42001000008066F8FF3FF2F904FEDA000A1271
:102E5200EA00A832F04F47F82A003D45F04E49817A
:102E62003D42E118E4801000F2F4668846F45352C1
:102E72003D02E1180D01E108E4801100F480110027
:102E82002D03F2FA68880D01E00AE6F812000080CC
:102E920066F8FF3FF2F904FEDA0118B3E02AE6F819
:102EA2001400008066F8FF3FF2F904FEDA0118B35D
:102EB200F48011002D06F2F468889AF40210E014EE
:102EC2000D01E004E4801600E108E4801700E08AC6
:102ED200E6F81000008066F8FF3FF2F904FEDA001F
:102EE2000A12EA00A832F04F47F828003D2BF04EB4
:102EF20049823D28D4700600D4600400DC47F4A661
:102F0200010049A2ED1F49A03D07DA016487E118DB
:102F1200E4800800EA007A32D4909000D4A09200B3
:102F2200D4500600D4400400DC45F48401004982F8
:102F32003D02E0180D01E008DA017687E48008001E
:102F4200EA007A32F04F47F830003D4CF04E4981AA
:022F52003D49F7
:102F5400E6F44426E6F5E000F064F075D740E000BE
:102F6400F3F84226EA207A32D740E000F3F87822D8
:102F7400EA307A32D740E000F2F41E22EA307A32A4
:102F8400DC47F4869209EA207A32DC47F486930916
:102F9400EA207A32DC47F4869409EA307A32DC4754
:102FA400F4869509EA307A32DC47D446C0028AF4C2
:102FB4000250EA007A32E0048840E00CF0B7F0A650
:102FC400F08606F86C04F097DA013AE908024980C1
:0E2FD400EA207A32DA01E02AE118E4800800EF
:102FE200EA007A32F04F47F829003D23F04E498239
:102FF2003D20D4700600D4600400DC47F4A6010032
:1030020047FA14009D16D740E000F3F8D62F2D1191
:10301200E6FA1800C0A5E6F418000B54F2F40EFE0E
:10302200E6F84426E6F9E0000084DA000A12EA0033
:10303200A832F04F47F826003D30F04E49823D2D30
:10304200D4700600D4600400DC47F4A6010047FAFD
:1030520080009D23E4A01000C0A8D740E000F488BF
:10306200A025E48011005C18D740E000D4A8A02479
:10307200E6F81200008066F8FF3FF2F904FEDA017A
:1030820018B3E04AE6F81000008066F8FF3FF2F954
:1030920004FEDA000A12EA00A832F04F47F83200C2
:1030A2003D67F04E49858D64D4900600D4800400BB
:1030B200DC49F4880300C0840844F1A8F04E41A81A
:1030C2003D570881DA0104B3F084D4A00600D490FD
:1030D2000400DC4AF4890300C08B0894DA005079BA
:1030E200F1A8E4A0080049A03D0FD4700200A86036
:1030F20006F63C01DC57A846D45602000841185097
:10310200DC57B846C4560200DA01F249F0D4F48022
:1031120008002D02E1080D01E118E4801000D740FB
:10312200E000F2FACC20E6F81100008066F8FF3FDA
:10313200F2F904FEDA0118B3D740E000F2FAD02027
:10314200E6F81300008066F8FF3FF2F904FEDA01A8
:1031520018B3F08DDA01144AE05AE6F81000008044
:1031620066F8FF3FF2F904FEDA000A12EA00A8321A
:10317200F04F49843D36F04E49843D33D4900600E9
:10318200D48004000881DA0104B3C4400C00D45096
:103192000600D4400400DC45F4A40300E4A00A00C5
:1031A20049A02D6AF4800A0047F88000ED65D460DA
:1031B2000C0046F6000CED60E6F5000C2056F4809B
:1031C2000A00C0844045ED58D4D00C00DA000A63EE
:1031D200F084F095008DF4800A00C08ADA000A12A9
:1031E2000D62F04F49853D48F04E49848D45D4909B
:1031F2000600D48004000881DA0104B3C4400C0044
:10320200D4A00600D4900400DC4AF4A90300E4A090
:103212000A0049A02D31F4800A0047F82000ED2C65
:10322200F4800A00C08BF04B0844F1A8F04E41A88C
:103232003D23D4800C0046F8000CED1EE6F5000C90
:10324200205840B5ED19D740E000F3F8C9203D0FF2
:10325200F06FD4500200A840DC45E4C44401E10C04
:10326200D4500200A840DC45E4C445010D1C08947A
:10327200DA00CE76E4800800F48008003D0FD470B6
:103282000200A86006F63C01DC57A846D4560200AC
:1032920008411850DC57B846C4560200F4800800B2
:0632A200C088DA0086126C
:0C32A80006F09800FCFFFCFEFCFDDB00C3
:1032B400E6F4FC22E6F5E000F0A4F0B5E10CDC4B0A
:1032C400E4CA4401F04849803D0EF06A06F63C0128
:1032D400F07BDC57A846D456020008411850DC574E
:0E32E400B846C4560200F048C088DA008612D0
:0232F200DB00FF
:0A32F400ECFDECFEECFF06F0FCFF21
:1032FE00E6F4FC22E6F5E000F0E4F0F5F04E06F41C
:10330E008300F05FB840C4500200D740E000F3F8ED
:10331E0078223D02E01D0D01E00DDC4FF48E4401DC
:10332E0007F8DE002D0809813D20DA007476C0888A
:10333E00DA00B4320D5ADC4FF4AE4501F18A098140
:10334E00DC4FE48E450149A03D08DA003477498010
:10335E003D4CE008DA00B4320D48F04DC088DA007A
:10336E00B077C088DA00B4320D40DC4FF48E4501E0
:10337E003D0CE11CDC4FE4CE4501DA007476498049
:10338E003D34E008DA00B4320D30DC4FF48E4501E6
:10339E0049813D1CE12CDC4FE4CE4501D490020066
:1033AE00A8800881DA0104B3F084D4A00200A890AA
:1033BE00DC4AF4890300C08B0894DA00CE7649808B
:1033CE002D0FDA00347749803D100D0AF04DC0887C
:1033DE00DA00B07749802D04E018DA00B4320D051A
:0A33EE00DA00447AE008DA00B43295
:0A33F8000804FCFFFCFEFCFDDB00F6
:04340200ECFEECFFF1
:10340600E6F4FC22E6F5E000F0E4F0F5DC4FD45EED
:1034160038012D21DC4FD44E3A0140459D1CDC4F2E
:10342600D46E3A01F0460841DC4FC44E3A01F04EE4
:103436000046F05FDC45F484B400C088DA01644BD2
:10344600DC5FD46E3801D44E3A0140463D04E006B6
:06345600DC4FC46E3801DA
:06345C00FCFFFCFEDB009A
:10346200F048F059E6FAFF00F084F095DA0074347F
:02347200DB007D
:10347400ECFDECFEECFFF0DAF0E8F0F906F0F6FF14
:10348400E6F4FC22E6F5E000B840C4500200E7F898
:103494002000E4800600F08EF09FDA004E7AD450CB
:1034A4000200A840DC45F48444012D120D02DA0028
:1034B400F432F05DF0D528D149A0EA20BC38D450CC
:1034C4000200A840DC45F48444013DF1EA00BC3824
:1034D400D4500200A840DC45F48446012D38D45071
:1034E4000200A840DC45D44438013D31DA01F249F8
:1034F400C4400800DA01A04BE4800400D480080032
:10350400DA01144AF4800400EA20BC38D740E00011
:10351400F3F8E7222D11D4500200A840DC55D464FE
:103524004801D4744A01F04E2046F05F305726F427
:10353400C8003850EAF0BC38DA01A4F3E10CD450E6
:103544000200A840DC45E4C44601EA00BC38D4507B
:103554000200A840DC45D44438012D3FDA01F24989
:10356400C4400800D4500200A840DC45D4443801CB
:103574002D2EDA01A04B49802D2AD4900200A88078
:10358400DC49D4683A01F0460841DC49C4483A01B0
:10359400D4500200A8400046DC45F484B400C0883E
:1035A400DA01644BD4500200A840DC45D4643801ED
:1035B400D4500200A840DC45D4443A0140463D07BB
:1035C400E006D4500200A840DC45C4643801D4802D
:1035D4000800DA01144AEA00BC38DA01F249C440AE
:1035E4000800D4900200A880DC49F48882002D22CF
:1035F400DC59F4C88000E4C88100E10CD450020016
:10360400A840DC45E4C48200E10CD4500200A84088
:10361400DC45E4C4AE00D4700200A86006F64001A4
:10362400DC57A846D456020008411850DC57B84667
:10363400C4560200D4800800DA01144AD4B002004F
:10364400A8A0DC4BF48AAE00EA208E38DC5BD46A96
:10365400B000D47AB200F04E2046F05F305726F422
:1036640064003850EAF08E38E10CDC4BE4CAAE005A
:10367400D4700200A86006F63C01DC57A846D45674
:10368400020008411850DC57B846C4560200EA004C
:103694008E38D4500200A840DC45F4848100C086F2
:1036A400D4500200A8400046DC45A984E48004000C
:1036B400D4500200A840DC45F4848100C084084151
:1036C40066F47F00F1C8D4500200A840DC45E4C48D
:1036D4008100D4500200A840DC45F484AE003D17BC
:1036E400F480040047F8AA00EA308E38E11CD45074
:1036F4000200A840DC45E4C4AE00D4500200A84057
:10370400DC55C4E4B000C4F4B200EA008E38D450EE
:103714000200A840DC45F484AE0049813D3FF480BA
:1037240004002D05F480040047F82400FD18E10C82
:10373400D4500200A840DC45E4C4AE00D4700200BA
:10374400A86006F63C01DC57A846D456020008419E
:103754001850DC57B846C4560200EA008E38F4C04C
:103764000400D4500200A840DC45E4C4AC00F4C01A
:103774000400D4500200A840DC45E4C4AD00E10CD0
:10378400D4500200A840DC45E4C4AB00E12CD45082
:103794000200A840DC45E4C4AE000D77D45002001A
:1037A400A840DC45F484AE0049823D3DF420040089
:1037B400D4700200A860DC47F4A6AB00F18A09814A
:1037C400DC47E486AB00C0A6D4500200A840004603
:1037D400DC45E4248300D4500200A840DC45F48492
:1037E400AD00C085F4800400C0840045F1C8D45005
:1037F4000200A840DC45E4C4AD00D4500200A84057
:10380400DC45F4C4AC00D4500200A840DC45F48488
:10381400AB00418C3D3AE13CD4500200A840DC4569
:10382400E4C4AE000D32E10CD4500200A840DC45E3
:10383400E4C4AE00D4500200A840DC45F4A4AD00BA
:04384400F480040008
:1038480041A83D12DA0030200D02DA00F432F05DB2
:10385800F0D528D149A02D2ED4500200A840DC452F
:10386800F48444013DF20D26D4700200A86006F6E7
:103878003C01DC57A846D456020008411850DC57D2
:10388800B846C4560200F4A00600F18A2981E480F3
:10389800060049A02D0FD4500200A840DC45F4C40E
:1038A8008000D4500200A840DC45F4848100418C9B
:0438B800EA30963626
:0C38BC0006F00A00FCFFFCFEFCFDDB0037
:020000040001F9
:08404A00ECFEECFFF0E8F0F9D8
:10405200DA01F249F094E6F40A22E6F5E000F06EA5
:10406200F07FE6F21E00DA01C6F1F089DA01144AA5
:06407200FCFFFCFEDB0078
:0E407800ECFDECFEECFFF0E8F0F906F0FAFFCC
:10408600D740E000F3F826223D0CE118D760E000A7
:10409600F7F82622F6FE0A22F6FF0C22E108EA00CD
:1040A6002E44D750E000F2F60A22F2F70C22F04E28
:1040B6002046F05F3057B840C4500200D750E000A9
:1040C600F2FA0E22F2FB1022A820D4300200F042AF
:1040D600F05326F4640038508D0DF04AF05B7C14E2
:1040E6004AF5F40F7C15F064F075F042F053204663
:1040F60030579D03E108EA002E44D750E000F6FE53
:104106000A22F6FF0C22F042F05326F4711C3850B6
:10411600ED2DF04AF05B26F4711C3850ED27F07255
:10412600F06AF0975C290097F0865C380086486054
:104136002D09F0565C1500564059ED024098FD02D7
:10414600E0140D01E004F1A8E4A0040049A02D0B41
:10415600F0565C250056F0675C164065FD04406825
:104166009D02E0140D01E004F0D40D4AF04A704BB4
:104176002D1CE056E007F04AF05BDA0192F0F0847D
:10418600F09500221033F042F05320483059FD0DCF
:10419600E096E007F04AF05BDA0192F0F084F095E1
:1041A600202830399D02E0140D01E004F0D4F04AD5
:1041B600704B2D23E036E007F04AF05BDA0192F00F
:1041C600F084F095E056E007A840D4500200DA01EA
:1041D60092F0F024F035F042F053204830598D0B20
:1041E600E096E007F04AF05BDA0192F0F084F09591
:1041F60020283039FD02E0140D01E004E4800400BB
:10420600A840D450020026F490D03853FD2DD77024
:10421600E000F78E2422F68E0E22F68E1022F78EFE
:104226002722D750E000F68E1E22F2F42022084103
:10423600D760E000F6F42022F2F92826F2FA2A26C0
:10424600E018DA01CA94E0048840E00CD750E00098
:10425600C2FB2522F2FA2022F08EF09FDA001A41E4
:104266000802E108EA002E44F04D49802D70D7403F
:10427600E000F2F422220841D750E000F6F42222B0
:10428600F3F827222D2BD740E000F3F8252247F834
:1042960039003D24D750E000F2F61622F2F7182234
:1042A600F04E2046F05F3057D770E000F6F4122249
:1042B600F6F51422F2F61222F2F71422E6F4C0689A
:1042C600E6F57804DA01AAF0D740E000F6F41E22FB
:1042D600E128D740E000F7F824220D2BD740E00074
:1042E600F3F8242249823D0ED750E000F2F41A2258
:1042F600F2F51C2208411850D750E000F6F41A22B5
:10430600F6F51C22D740E000F2F420220841D740FF
:10431600E000F6F42022E118D770E000F7F8242236
:10432600F68E1E22F2F92826F2FA2A26E018DA017B
:06433600CA94D750E0001C
:10433C00F6FE1622F6FF1822E118D750E000F7F827
:10434C002722F78E25220D4CD740E000F3F82422CB
:10435C002D2ED740E000F3F8252247F839009D03B5
:10436C00F48004002D24D750E000F2F41A22F2F568
:10437C001C2208411850D760E000F6F41A22F6F51A
:10438C001C22F2F420220841D770E000F6F420221F
:10439C00F78E2422F78E2722F68E1E22D750E000AD
:1043AC00F2F92826F2FA2A26E018DA01CA94D74044
:1043BC00E000F3F8252247F8FF009D09D740E00004
:1043CC00F3F825220981D740E000F7F82522A84010
:1043DC00D4500200D750E000F6F40E22F6F510226D
:1043EC00D740E000F3F8242249823D02E1180D0188
:1043FC00E1088840F04DC08CD750E000C2FB25226C
:10440C00F2FA2022F08EF09FDA001A410802D7400F
:10441C00E000F3F8242249823D020FF40D010EF462
:02442C006981A4
:0A442E000806FCFFFCFEFCFDDB00AD
:0A443800ECFDECFEECFF06F0FEFFC9
:10444200F049C0815C110018D441FEFFB840E6FD7E
:10445200FFFFE002E007E1060D29F049C0815C118F
:104462000018A8F1A850F06F206546F664008D2A66
:1044720046F6711CFD010D26F0E65C2E00E6F05BAF
:104482005C15005B405EED1EF05B5C35005B405EE0
:104492009D010D18406D9D01F0D6002640269D011C
:1044A2000871F0B6B8F008C109610891F05AF049F4
:1044B200418A9D08F04C47F838009D04F04C47F8BB
:1044C2001D003DCBF087E009F098E008F062E007BC
:1044D20070687079D4500400D4400200DC55B8648E
:1044E200C4740200D4500400D4400200DC45C4B4B9
:1044F2000400D4500400D4400200DC45C4D40600B9
:0E450200D4500400D4400200DC45E4640800FC
:0A4510000802FCFFFCFEFCFDDB00CE
:10451A00A848E00AE007E11C0D0CC0C15C110018B4
:10452A00A8C1F0BC20B400AB40AB9D010871F04CAF
:10453A0009C1F05941CA8DF1F047E005F054E00491
:0C454A00F064F075F04AE0057046705710
:02455600DB0088
:10455800ECFDECFEECFFF0FCF02AF03BF0D9F0E8C3
:0445680006F0DAFF80
:10456C00E6F4FFFFE6F5FFFFC4400800C4500A0064
:10457C00E004E005C4400C00C4500E00E004C4404C
:10458C001000E108E4801400E108E4801600E10862
:10459C00E4801800F04DC089F08EDA011A45F084E1
:1045AC00F095F0422048F0533059B840C450020006
:1045BC00E108E4801200F48016003D36D740E0009C
:1045CC00F3F8242249823D30D740E000F3F826224C
:1045DC002D2BD750E000F2F40E22F2F5102270458C
:1045EC002D23D750E000F2F40E22F2F5102226F41F
:1045FC00711C3850ED19D750E000F2F40A22F2F594
:10460C000C22C4400C00C4500E00D740E000F2F461
:10461C000E22C4401000D740E000F3F82522E480BD
:10462C001400E118E4801600E108E4801A00F4801C
:10463C001600EA205647D4600C00D4700E00A84037
:10464C00D450020020463057C4400400C450060029
:10465C00F480140047F838009D59F480140047F892
:10466C001D002D54D4400400D450060026F46400E0
:10467C0038508D4CD4400400D450060026F4711CE4
:10468C003850ED44D4400400D4500600F084F09827
:10469C005C290098D45010005C15D44010000054D4
:1046AC004059ED34D45010005C35D4401000005407
:1046BC0040598D2CD4600800D4700A00D4400400FA
:1046CC00D4500600204630579D08D4400400D450E6
:1046DC000600C4400800C4500A00A840D450020090
:1046EC00C4400C00C4500E00F48014000981E48016
:1046FC001400C4801000E118E4801800F04F4980C9
:10470C003D02DA001041E118E4801A00F4801A002E
:10471C003D1CD4400C00D4500E00D750E000F6F4F1
:10472C000A22F6F50C22F4801400D740E000F7F8CA
:10473C002522D4401000E005D750E000F6F40E22FC
:10474C00F6F51022E108E4801600F4801A003D61B1
:10475C00D750E000F2F60A22F2F70C22A840D4500F
:10476C00020020463057C4400400C4500600D44018
:10477C000400D450060026F4640038508D13D46025
:10478C000800D4700A00D4400400D450060020461F
:10479C0030579D08D4400400D4500600C440080093
:1047AC00C4500A00A880D4900200DA017840E4805A
:1047BC001A00F4A01A00F4801800718AE480180022
:1047CC00F4801A003D26D740E000F3F824224982F9
:1047DC003D20D760E000F78E2422F78E2722F2F4DA
:1047EC0020220841D760E000F6F42022F2F41A22CD
:1047FC00F2F51C2208411850D770E000F6F41A228A
:10480C00F6F51C22F2F92826F2FA2A26E018DA012B
:10481C00CA94F48012000981E4801200C085F04D26
:10482C00C0844045FD7AF48016002D60E6F41C002F
:10483C00004066F4FF3FF2F504FE88508840F48097
:10484C001800C08CD4B01400F04DC08AF48016004F
:10485C00C089F08EDA0138440804F48024002D4617
:10486C00D4601C00D4701E00A840D4500200004636
:10487C001057B840C4500200A840D4500200C440A5
:10488C000C00C4500E00F4802400C085F480140089
:10489C00C0840045E4801400D4402000C4401000C3
:1048AC00D4402200E005D4600800D4700A002046F1
:1048BC0030579D07D4402200E005C4400800C45086
:1048CC000A00E118E4801800F04F49803D02DA003C
:1048DC001041F4802400C085F4801200C08400458F
:1048EC00F148E4401200F05D414A9D17F46012005B
:1048FC00C0615C11001ED451FEFFC0615C11001E32
:10490C00A8412045E005A860D4700200004610576D
:10491C00B840C4500200EA00C245F48016002D19BC
:04492C00D4400C0067
:10493000D4500E00D750E000F6F40A22F6F50C220F
:10494000F4801400D740E000F7F82522D44010008E
:10495000E005D750E000F6F40E22F6F51022D46000
:104960000800D4700A00D4502800D4402600DC553A
:0A497000B864C4740200F48018005B
:0C497A0006F02600FCFFFCFEFCFDDB004C
:10699000F048F05926F4FFFF3850FD04E6F4FFFFFD
:0A69A000E0050D02F048F059DB009D
:1069AA00ECFDF0D8E6FB7C1DE00AE6F8C808E6F93B
:1069BA00E000DA00E2DFE6FB5E00E00AE6F86A08D9
:1069CA00E6F9E000DA00E2DFDA016820F04DD740AC
:1069DA00E000F7F84026DA0154C3DA003ABFF04D76
:1069EA0049802D02E0040D02E6F480007843D74086
:1069FA00E000F6F42822E014D740E000F6F42A2258
:106A0A00E6F43200D740E000F6F46222E6F43200FF
:106A1A00D740E000F6F46622E015D750E000F68E83
:106A2A00CE22F6F5D022E6F40004D740E000F6F4D0
:106A3A00D622E7F86400D740E000F7F88D22E6F4A2
:106A4A006400D740E000F6F4B222E6F46400D740CE
:0E6A5A00E000F6F4B022DA006282FCFDDB0000
:086A6800E018DA01706ADB009E
:086A7000ECFDECFEECFFF0D898
:106A7800DA01F249F094F06DE007D750E000F2F443
:106A88002826F2F52A2600461057D770E000F6F4BB
:106A98002826F6F52A26F2FE2826F2FF2A26F0896D
:106AA800DA01144AD740E000F2F56E08405D9D0413
:106AB800D740E000F6FD6E08D740E000F2F4282247
:106AC8003D22D750E000F2F45222F2F55422F08E23
:106AD8002084F09F3095DA019069D740E000F2F504
:106AE800700840549D10D750E000F2F45222F2F59D
:106AF8005422F08E2084F09F3095DA019069D740B7
:106B0800E000F6F4700848D3FD06F09EF0AFE6F812
:106B18002000DA01CA94D750E000F2F62C26F2F7EA
:106B28002E26F04E2046F05F305726F432003850BB
:106B3800FD06F09EF0AFE6F82000DA01CA94D740CF
:106B4800E000F2F428223D17D750E000F2F6522276
:106B5800F2F75422F04E2046F05F3057D740E0005D
:106B6800F2F64822E00720463057FD05F09EF0AFC8
:066B7800E088DA01CA9476
:086B7E00FCFFFCFEFCFDDB0046
:106B8600ECFDECFEECFF88B088A0F0E8F0F906F02A
:026B9600D4FF2A
:106B9800DA000A63B840C4500200E6F47822E6F549
:106BA800E000C4400400C4500600E00DE6F8782276
:106BB800E6F9E000DC59D4682A00D4782C00F04EBD
:106BC8002046F05F3057C4402A00DC59C4E82A0048
:106BD800C4F82C00D740E000F3FC4226E6F4782203
:106BE800E6F5E000DC45E4C43400E6F87822E6F98E
:106BF800E000DC49F48834002D1EDC49F4883500B7
:106C08003D1AD4500200A840DC45F484EC05C08548
:106C1800E6F464001B54F2F70CFEF2F60EFE006E6A
:106C2800107FDC59C4682600C4782800F08EF09FD5
:106C3800DA014AA90D1BD4500600D4400400DC45F3
:106C4800F48434003D13D4500600D4400400DC45DD
:106C5800F48435002D0BD4500600D4400400DC55D4
:106C6800C4E42600C4F42800DA010EA9D490060072
:106C7800D4800400DC59F4C83400E4C83500F08E30
:106C8800F09FDA01C265D4500200A8408850F0C4D1
:106C9800D4B03000D4A02E00F08EF09FDA01025A52
:106CA8000802D4902E00D4802C00DA01EA8BD4504C
:106CB8002E00D4402C00DC45F4841A0049822D01B2
:106CC80078D1D4500600D4400400DC45F484340064
:106CD8003D016FFDE6FB2000E00AE088008066F8D1
:106CE800FF3FF2F904FEDA00E2DFD4502E00D44070
:106CF8002C00DC45D4441400C4401600C4E0240031
:106D0800C4F02600D740E000F2F4CC20C4400800CC
:106D1800D4900200A88006F82209DA0104B3C4401E
:106D28001A00D4900200A880DA01E6C7E084004087
:106D380066F4FF3FF2F504FE88508840D450060000
:106D4800D44004008850F0C4D4B03400D4A0320039
:106D5800F08EF09FDA01F05B0806D4500200A840DC
:106D680088508840D4C03200D4B03000D4A02E005F
:106D7800F08EF09FDA01EE9A0804D4500200A84081
:106D88008850F0C4D4503000D4402E00DC45D4B430
:106D98001400D4A02C00F08EF09FDA012ACE08024D
:106DA800E084004066F4FF3FF2F504FE8850884016
:106DB800D4500600D44004008850F0C4D4B0340045
:106DC800D4A03200F08EF09FDA01DE510806DA0115
:106DD800F249C4402800D4502E00D4402C00DC4591
:106DE800D4541600D740E000F2F4202240453D0676
:106DF800D740E000F3F8242249822D0178D1F09E93
:106E0800F0AFF08DDA011096D740E000F2F42A22B4
:106E1800C4400A00E088008066F8FF3FF2F904FEEB
:106E2800DA017A96D4802800DA01144AD450020094
:106E3800A8408850F0C4D4B03000D4A02E00F08E02
:106E4800F09FDA01BEC90802D4500200A840885059
:106E5800F0C4D4B03000D4A02E00F08EF09FDA0039
:046E680048C0080214
:0C6E6C0006F03000FCFFFCFEFCFDDB002B
:0A6E7800ECFDECFEECFF06F0DAFF83
:106E8200E108E4800600DA01F249F0D4D750E000CC
:106E9200F2FE2826F2FF2A26F08DDA01144AF08E3D
:106EA200F09FDA004E7AD750E000F2F62C26F2F785
:106EB2002E26F04E2046F05F305726F4320038502E
:106EC200FD06F09EF0AFE6F82000DA01CA94F0AEBB
:106ED200F0BFD740E000F3F8CA202D02E0090D010F
:106EE200E019E008DA017C20F08EF09FDA01EAC3B3
:106EF200D750E000F2F6A222F2F7A422F04E20468A
:106F0200F05F305726F40A003850EA801870E11812
:106F1200E4800600E088008066F8FF3FF2F904FE94
:106F2200DA014A40D740E000F3F8CA202D0BE08A8C
:106F320000A066FAFF3FF2FB04FEF08EF09FDA013A
:106F4200866B0D0BF09EF0AFE028DA01CA94D750A1
:106F5200E000F6FEA222F6FFA422D750E000F2F6ED
:106F62003426F2F73626F04E2046F05F305726F4EC
:106F7200F40138508D50DA01F249F0D4D740E000E4
:106F8200F2F43026C4400400F08DDA01144AD740EE
:106F9200E000F3F8CA202D2ADA000A63F084F095A3
:106FA20006F81409DA0104B3F064E007D740E00000
:106FB200F2F43226D45004002054E6F4100E1B548E
:106FC200F2F50CFEF2F40EFEDA01AAF0D750E00060
:106FD200F2F83426F2F93626F06E2068F07F307926
:106FE200DA01AAF0D740E000F6F4FE21D740E00033
:106FF200F2F53226D460040040562D02E1180D014C
:10700200E108D770E000F7F80422F6F63226F6FE21
:107012003426F6FF3626DA01B449F0A4F0B5F08E34
:10702200F09FDA012232F08EF09FDA014AAAF48050
:107032000600C08AF08EF09FDA007434F08EF09F62
:10704200DA01607DDA01F249F0D4D750E000F2F4BF
:107052002826F2F52A26B840C4500200D740E000A4
:10706200F3F8C6082D3AA880D4900200208E309FF3
:08707200DA019069D740E0004B
:10707A00F2F56A0840549D0BA880D4900200208E35
:10708A00309FDA019069D740E000F6F46A08D750D9
:10709A00E000F2F42C26F2F52E26F08E2084F09FE2
:1070AA003095DA019069D740E000F2F56C08405457
:1070BA009D10D750E000F2F42C26F2F52E26F08E21
:1070CA002084F09F3095DA019069D740E000F6F409
:1070DA006C08E118D760E000F7F8C608F6FE2C261F
:1070EA00F6FF2E26F08DDA01144AD750E000F2F6A8
:1070FA003826F2F73A26F04EF05F204630572D1127
:10710A00A840D4500200204E305F26F43200385096
:10711A00ED08D750E000F6FE3826F6FF3A26DA01E7
:02712A005A4BBE
:0C712C0006F02600FCFFFCFEFCFDDB0072
:02947800ECFD09
:10947A00DA01F249F054D740E000F3F840262D18FB
:10948A00D740E000F3F8CA202D13D740E000F3F8E4
:10949A0042262D0ED740E000F3F841263D09D74079
:1094AA00E000F2F4282266F4F2013D02E0140D0114
:0C94BA00E004F0D4F085DA01144AF04D13
:0494C600FCFDDB00CE
:1094CA00ECFDECFEECFFF0E9F0FAF0D806F0FAFF5A
:1094DA00DA01F249B840E6F42822E6F5E000C44091
:1094EA000200C4500400E6F82822E6F9E000DC494C
:1094FA00A858605D405D2D2ADC49D4480200084125
:10950A00DC49C4480200D4700400D4600200086434
:10951A00DC57A846D456020008411850DC57B84612
:10952A00C4560200D4700400D4600200DC47D4465A
:10953A000C003D0CDC47C4D60C00D4500400D440C7
:10954A000200DC55C4E40800C4F40A00D470040024
:10955A00D4600200DC47A846704DDC47B846E008F4
:10956A00DA00CABFDA00EE81F04D66F480012D13ED
:10957A00DA002282E10CD4500400D4400200DC4517
:10958A00E4C43300E10CD4500400D4400200DC45AA
:10959A00E4C432000D10F04D66F421003D06D740B8
:1095AA00E000F3F8242249822D02E0140D01E004C0
:1095BA00C088DA00DC83E10CD4500400D4400200F5
:1095CA00DC45E4C43100E10CD4500400D44002006C
:1095DA00DC45E4C43000E10CD4500400D44002005D
:1095EA00DC45E4C42F00E10CD4500400D44002004E
:0C95FA00DC45E4C42E00A880DA01144A0D
:0A9606000806FCFFFCFEFCFDDB0083
:10961000ECFDECFEECFFF0E9F0FAF0D806F0FEFF0E
:10962000DA01F249B840D740E000F2F4282266F4AB
:10963000B00170D448D02D05F09EF0AFF08DDA0166
:10964000CA9448D03D0ED740E000F2F428222D09FC
:10965000D740E000F2F42A220841D740E000F6F4B7
:109660002A22D740E000F6FD2822A880DA01144A19
:0A9670000802FCFFFCFEFCFDDB001D
:0E967A00ECFDECFEECFFF0E8F0F906F0FCFF72
:10968800DA01F249F0D4E6F42822E6F5E000B84021
:10969800C4500200E6F62822E6F7E000DC47A846B8
:1096A8003D08DC47D4660200DC4FD44E0200404639
:1096B8002D05F08DDA01144AE1080D38DC4FD44E3F
:1096C80004002D1EDA00EE81E10CD4500200A840FF
:1096D800DC45E4C43100E10CD4500200A840DC456C
:1096E800E4C43000E10CD4500200A840DC45E4C4D6
:1096F8002F00E10CD4500200A840DC45E4C42E0041
:10970800DC4FD44E06002D03E008DA00DC83D47069
:109718000200A86006F60E00F04EF05FE6F22000A8
:0C972800DA01C6F1F08DDA01144AE118F4
:0A9734000804FCFFFCFEFCFDDB0056
:10973E00D740E000F2F428223D32D750E000F2F597
:10974E002A22F2F4382240453D2AD740E000F3F8B1
:10975E00242249823D24D770E000F2F65222F2F71D
:10976E005422F2F42826F2F52A2620463057D74006
:10977E00E000F2F64822E00720463057ED10F048A0
:10978E0049802D05D740E000F2F43C220D04D7406D
:10979E00E000F2F43A2248403D02E0140D01E004EC
:0297AE00DB00DE
:0897B000ECFDECFEECFFF0D82B
:1097B800DA01F249F0F4F04DC0845C14F0E4F04DA5
:1097C8004981ED18E008DA013E9749802D13D7400A
:1097D800E000F2F43E2246F414008D0CF04EC085F1
:1097E800D740E000F48556223D05D740E000F485D7
:1097F80057222D05F08FDA01144AE1080D5AD74097
:10980800E000C2F64E22F04DC0855C15D740E0005E
:10981800D44560220046D750E000C4456022D445B4
:10982800602246F464008D0FD740E000D4456022E2
:1098380026F46400D740E000C4456022F08FDA01C6
:10984800144AE1080D36D740E000F2F83E22DA016A
:1098580004B4F0D4F09DF04EC088DA00DA8849806C
:109868002D09F09DF04EC0840841C088DA00DA88DE
:1098780049803D0FD750E000F2F92826F2FA2A264F
:10988800E6F80001DA01CA94F08FDA01144AE10817
:109898000D10E11AF04EC086D740E000E4A657222A
:1098A800E11AD740E000E4A65622F08FDA01144A04
:0298B800E118B5
:0898BA00FCFFFCFEFCFDDB00DD
:1098C200ECFDECFEECFFF0EAF0F9F0D806F0FEFF5A
:1098D200DA01F249B840F04D4981ED18E018DA0199
:1098E2003E9749802D13D740E000F2F52A22405FCF
:1098F2003D0DF04DC084D740E000F4845A223D066D
:1099020046FEF4018D0346FE7017FD05A880DA01BC
:10991200144AE1080D52D740E000C2F64F22F04D42
:10992200C085F0855C18D740E000D4486422004628
:10993200D750E000C4486422D448642246F464004C
:109942008D0FD740E000D448642226F46400D7404B
:10995200E000C4486422A880DA01144AE1080D2D0F
:10996200F08EDA0104B4F094F04DC088DA0040873A
:10997200F1A849A12D1149A03D0AD750E000F2F902
:109982002826F2FA2A26E6F80001DA01CA94A8800B
:10999200DA01144AE1080D11F04DC086F0465C145C
:1099A200D740E000C4F45C22E11AD740E000E4A60C
:0A99B2005A22A880DA01144AE118D5
:0A99BC000802FCFFFCFEFCFDDB00CE
:1099C600F04849849D07E10AF048C084D740E0008A
:0699D600E4A45622DB00B0
:0699DC00ECFDECFEF0D8EA
:1099E200DA01F249F0E4F04D49829D37F04D4980A9
:1099F2003D29F04DC085D740E000F4855A222D2242
:109A02005C15D750E000D4555C22F2F42A2240457E
:109A12003D19D740E000F3F8242249823D13D74094
:109A2200E000F2F428223D0EDA01B449F084F09508
:109A3200D750E000C2FB2522F2FA2022DA002840A9
:109A4200DA01A049F04DC088DA008C88E10AF04DB5
:109A5200C084D740E000E4A45A22F08EDA01144A0E
:069A6200FCFEFCFDDB0030
:0A9A6800ECFDECFEECFFF0E8F0F975
:109A7200DA01F249F0D4D740E000F3F878223D153C
:109A8200D740E000F3F824223D10D740E000F3F87D
:109A9200E02249812D0AD740E000F3F85A223D0521
:109AA200D740E000F3F85B222D05F08DDA01144A6D
:109AB200E1080D18E118D740E000F7F84126F09EC2
:109AC200F0AFE6F81000DA01CA94F08DDA01144A18
:109AD200DA010EA9D740E000F3F8E7223D02E118CF
:049AE2000D01E10889
:089AE600FCFFFCFEFCFDDB00AF
:1061D600F0487CC4F1E8C0EBE0C40BB4F2F50EFE67
:1061E600D740E000C485D820F06866F6FF03D77074
:1061F600E000C465D620C495DA20C4A5DC20D445C9
:10620600DE200841D740E000C445DE20E11CD7402F
:06621600E000E4C5E020F9
:02621C00DB00A5
:10621E00ECFDECFEECFF88C0F0EAF0FB8890F0D8C5
:04622E0006F0EEFF89
:10623200E6F49621E6F5E000C4400E00C4501000DA
:10624200DA01F249F074F04DC088E0C40B84F2F92F
:106252000EFED740E000D449D620B840D750E00027
:10626200D449DA20D459DC20C4400400C4500600CA
:10627200D740E000D449DE20C4400200D740E0000D
:10628200F489E020E4800C00D750E000F2F42826E4
:10629200F2F52A26C4400800C4500A00F087DA0149
:1062A200144AD4600800D4700A00F046204EF05719
:1062B200305F284036F500809D02F0E6F0F7F4806A
:1062C2000C002D15DA000A63F084F09506F8200917
:1062D200DA0104B3F084E009D4600400D47006004B
:1062E200F04E2046F05F305720483059FD02E12C35
:1062F2000D01E11CD4501600D4401400DC45B9C491
:10630200A8504851FD0346F5FE038D07E14CD450D9
:106312001600D4401400DC45B9C4F04D49853D2B2C
:10632200DA000A63F084F09506F81E09DA0104B374
:10633200F084E009A8A0E6F4E8031BA4F2FF0CFE37
:10634200F2FE0EFEE6F62400E007F04EF05FDA0100
:10635200AAF0F024F035F042F053204830598D0471
:1063620026F250463830FD07E14CD4501600D44096
:106372001400DC45B9C4D4501600D4401400DC45E6
:10638200A98449812D02A8400D68F04DC081D43006
:106392001000D4200E00F0420041F053DC45F4849A
:1063A20058003D16A870F0815C18F0A200A8F0B366
:1063B200DC4BC47A1800F4E00C00F04DC086D450D7
:1063C2001000D4400E000046DC45E4E458000D2DD8
:1063D200F0A15C1AF0E200EAF0F3DC4FD45E380080
:1063E200D440020040542D21DC4FD45E1800F4C08A
:1063F2001200C0C41B54F2F90CFEF2F80EFEE6F7CE
:1064020000012074A8601B67F2F70CFEF2F60EFE84
:10641200F0460048F0571059F0657C847C855C8614
:106422007046F084DC4FC48E1800D4700200F04D28
:10643200C0865C16D4501000D4400E000046DC45E5
:10644200C4743800F04DC0865C16D4501000D4409D
:0A6452000E000046DC45D44418009B
:0C645C0006F01600FCFFFCFEFCFDDB005F
:10646800ECFDECFEECFFF0DBF0E9F0FA888006F0DA
:02647800F4FF2F
:10647A00F08E008DF09FDA0104B3D4800C001B4823
:10648A00F2F50CFEF2F40EFEE6F600042068E007D0
:10649A00DA01AAF0B840C4500200F08E008DF09FD5
:1064AA000882DA0104B3F064E007A840D45002007D
:1064BA00204630578D07F08E06F86004F09FDA0107
:1064CA0004B30D74E108E4800A000D65F4800A0043
:1064DA00C0845C14004DF08E0084F09F0882DA01BB
:1064EA0004B3C4400400F4800A00C0845C14004D64
:1064FA00F08E0084F09F0884DA0104B3C4400600D9
:10650A00D4400600F064E007A840D45002002046B8
:10651A0030578D3CD4400400E005A860D4700200D6
:10652A0020463057F0645C855C847C867056F06443
:10653A00F075D4500600D44004002045F6F60EFE4D
:10654A00F6F70CFE7B44F2F40EFEC4400800F48019
:10655A000A00C0845C14F08E0084F09F06F862047E
:10656A00DA0104B3F094ECF9F4800A00C0845C14F4
:10657A00F08E0084F09F06F86004DA0104B3F08418
:10658A00D4A00800FCF9DA0154B40D10F4800A0012
:10659A000981E4800A00F4800A0047F80F008D960A
:0C65AA00F08E06F87E04F09FDA0104B3C6
:0C65B60006F00E00FCFFFCFEFCFDDB000C
:0E65C200ECFDECFEECFFF0E8F0F906F0F0FF67
:1065D000DA000A63F064F075B860C4700200E6F493
:1065E0009621E6F5E000C4400400C4500600E6F43D
:1065F0009621E6F5E00008428850F0C4F0AEF0BF06
:10660000DC47F4862806C089E088DA011E62F0D4EF
:106610000802D4900200A88006F8B007DA0104B39B
:10662000C4400800D4900200A88006F8B207DA013E
:1066300004B3C4400A00D48008004048ED10E18C47
:10664000D4500600D4400400DC45E4C40200E00657
:10665000D4500600D4400400DC45B8640D25D44075
:106660000A002048E0058850F0C4E00AE00BF0681A
:10667000E007F08DE00920863097DA017AB308024E
:10668000E6F6E803E007DA0192F0D4700800D4607F
:106690000A002067E007DA013CF1F064D4500600FC
:1066A000D4400400DC45B864D4500600D440040053
:1066B00008468850F0C4F0AEF0BFD4500400D44077
:1066C0000200DC45F4842906C089E008DA011E6274
:1066D000F0D40802E0F41BD4F2F50CFEF2F40EFE46
:1066E000F054C4500800E6F4FF03F6F50EFE5B44D8
:1066F000F2F40EFEF128E4200E00E6F4FF03F6F5B6
:106700000EFE5B44F2F40CFEF2F60EFEE005F064C1
:106710005C855C847C867056F064F075E6F4FF035B
:10672000F6F60EFEF6F70CFE7B44F2F40EFEC440C5
:106730000C0047F20F008D09D4900200A88006F8E3
:10674000B205DA0104B3F0640D21F4800E00C084B8
:106750005C14D4900200A880008406F89605DA0143
:1067600004B3F094ECF9F4800E00C0845C14D4906F
:106770000200A880008406F89405DA0104B3F084CE
:10678000D4A00C00FCF9DA0154B4F064D450060033
:10679000D4400400DC45C4640400D4500600D44056
:1067A000040006F40A008850F0C4F0AEF0BFD450E4
:1067B0000400D4400200DC45F4842A06C089E0A825
:1067C000DA011E62F0D40802E6FB5005D4A00200F4
:1067D000A890F08DDA016864D4700600D4600400DB
:1067E000DC47C4460800D4500600D440040006F438
:1067F0000E008850F0C4F0AEF0BFD4500400D44076
:106800000200DC45F4842B06C089E0B8DA011E6280
:10681000F0D40802E6FB7205D4A00200A890F08D27
:10682000DA016864D4700600D4600400DC47C44612
:106830000C00D4500600D440040006F41200885026
:10684000F0C4F0AEF0BFD4500400D4400200DC45E8
:10685000F4842D06C089E058DA011E62F0D40802E3
:10686000E6F4E8031BD4E6F624007B66F2F60EFE9F
:10687000D4500600D4400400DC45C4641000D49019
:106880000200A88006F81E09DA0104B3D4B006009D
:10689000D4A00400DC4BD45A100040548D06DC4BCD
:1068A000D44A100046F45046BD04E14CDC4BE4CA27
:1068B0001200D4500600D440040006F4160088509C
:1068C000F0C4F0AEF0BFD4500400D4400200DC4568
:1068D000F4842C06C089E068DA011E62F0D4080254
:1068E000E6F488131BD4E6F6FF037B66F2F60EFE91
:1068F000D4500600D4400400DC45C4646A00D4B01F
:106900000200A8A0DC4BF48A0106C086DC4BF48AA6
:106910000206C08520561BD5F2F50CFEF2F40EFEE1
:10692000E6F6FF03E007DA01AAF0F084F095DC4B0D
:10693000F4CA0106C0C6E007F0460048F0571059F7
:10694000F064D4500600D4400400DC45C4646C00FC
:10695000D4900600D4800400DC59D4686C00C4686C
:106960001400F08EF09FDA018821F08EF09FDA019A
:1069700040DED4500600D4400400DC55C4E470006E
:04698000C4F47200E9
:0C69840006F01000FCFFFCFEFCFDDB0038
:020000040000FA
:02402600000098
:0D002C0000000000000000004C52433300B3
:020000040001F9
:1078BA00F04870492D08D750E000F2F79E24F2F6FE
:1078CA009C2470672D02E108DB00D750E000F6F82F
:0A78DA009C24F6F99E24E118DB005F
:1078E400F0A8F0B9D750E000F2F79E24F2F69C24F9
:1078F400206A307B3D08E004E005D750E000F6F450
:087904009C24F6F59E24DB0033
:10790C00ECFDECFEECFFF0E8F0F9DC4FA98E47F84B
:10791C004C003D3ADC4FF48E010047F852003D34E8
:10792C00DC4FF48E020047F843003D2EDC4FF48E02
:10793C00030047F833003D28F08E0884F09FDA01ED
:10794C0004B348453D21F08E0886F09FDA0104B35C
:10795C0046F4000C3D19E6FB1400F0AFF09EE6F87F
:10796C00FFFFDA011AB4F0D4F08E06F81400F09F81
:10797C00DA0104B3404D3D08DC4FF48E1F0047F88C
:10798C00A5003D02E0140D01E004FCFFFCFEFCFD33
:02799C00DB000E
:08799E00ECFDECFE06F0D4FF45
:1079A600E6F42640F060E027E964086128713DFCB2
:1079B600E6F42C00E6F50000E6F624000060E08719
:1079C600DA01AAF1E6F84824E6F9E000DA01BA7825
:1079D6004980EA20A67BE00EEA00147BE6FC200044
:1079E600E02A00A066FAFF3FF2FB04FEE009F04E33
:1079F600C088DA0134D64980EA20127BE02800806C
:107A060066F8FF3FF2F904FEDA010C7949803D0180
:107A16000D7DE0A8008066F8FF3FF2F904FEDA016A
:107A26002CB3F06EC0C8F0785C27E6F62400006040
:107A36000067B846C4560200E11CF0400048B9C4CD
:107A4600E00D0D23E6FC2000F04EC085E6F4000CA8
:107A56000B54F2F40EFE004DE6FAC808E6FBE00011
:107A660000A4F09D06F92000F04EC088DA0134D655
:107A760049803D07E10CF04EC085F0400045B9C491
:107A86000D07DA015A4B06FD200046FD000C8DDA83
:107A9600F04EC086F0100016A9812D38E6FB000CCA
:107AA600E6F4000C0B64F2F40EFEE6F9C808E6FAFA
:107AB600E0000094E6F8FFFFDA011AB4F0D4E0E83B
:107AC600008066F8FF3FF2F904FEDA0104B3404D88
:107AD6003D17E6FA220000A066FAFF3FF2FB04FE1D
:107AE600F04EC085E6F4000C0B54F2F40EFEE6F8F8
:107AF600C808E6F9E0000084DA00446349803D06E0
:107B0600E10CF04EC085F0400045B9C408E1F04EE6
:107B16004982EA80E279A9803D03F48001002D3A8A
:107B2600F48001002D11A9802D0DD4602400D4709D
:107B36002600D4402800D4502A002046305728403A
:107B46003850BD02E0140D01E004F1A8D740E00072
:107B5600F7FAC820E118D740E000F7F8CA20E01489
:107B6600D750E000F6F4CC20F7FA4A24E118D740C3
:107B7600E000F7F84B24C0A45C24E6F124000010D2
:107B86000014A841D4510200D750E000F6F4922424
:107B9600F6F59424E6F84824E6F9E000DA01E478FC
:0A7BA60006F02C00FCFEFCFDDB00E5
:0C7BB000ECFEECFFF0E8F0F906F0FCFF42
:107BBC00E6F44824E6F5E000B840C4500200E6F6CE
:107BCC004824E6F7E000DC47A9863D10D740E000EA
:107BDC00F3F8C9203D0BD740E000F3F8CA202D067E
:107BEC00F097F086DA01BA7849803D03E108EA00A3
:107BFC00587DF08EF09FDA01689A49803D08D49048
:107C0C000200A880DA01E478E108EA00587DD490FB
:107C1C000200A880DC49F48803002D06DC49F488B6
:107C2C000200F1C859C10D01E10CDC49E4C80100A6
:107C3C00D740E000F2F6CC20D4500200A840DC453E
:107C4C00C4644800E6FB2000E6FAFFFFD490020073
:107C5C00A8800884DA00E2DFE04CE6FA3400E6FBA8
:107C6C000000D4900200A8800884DA00EA3FE05AB1
:107C7C00D4900200A88006F80800DA0118B3E6FADE
:107C8C00000CD4900200A88006F80A00DA0118B3A0
:107C9C00D4900200A880DC59D4A84A00D4B84C0077
:107CAC0008A118B006F80C00DA0152B3DA000A6326
:107CBC00F094F0A5E6FB000CE6F8FFFFDA011AB42D
:107CCC00F0A4D4900200A88006F81000DA0118B3D2
:107CDC00D4900200A880DC49D4A8480006F8120011
:107CEC00DA0118B3E6FB1400D4A00200A8900894A3
:107CFC00E6F8FFFFDA011AB4F0A4D4900200A880D1
:107D0C0006F81800DA0118B3E006D4500200A840B7
:107D1C00DC45C4644400E11CD4500200A840DC459E
:107D2C00B9C4E10CD4500200A840DC45E4C45200B4
:107D3C00F06E06F61027F07F1870D4500200A840A1
:0C7D4C00DC55C4644E00C4745000E11803
:087D58000804FCFFFCFEDB0047
:0E7D6000ECFDECFEECFFF0A8F0B906F0FEFF23
:107D6E00E6F44824E6F5E000F0E4F0F5DC4FA92E49
:107D7E00EA202080D750E000F2F79E24F2F69C24F1
:107D8E00206E307FEA300A80DC5FD46E4E00D47EE7
:107D9E005000F04A2046F05B305728403850DD093D
:107DAE00DC4FD45E4800D740E000F2F4CC204045D2
:107DBE002D0DE12CDC4FE4CE5200E10CDC4FB9CEA0
:107DCE00F09FF08EDA01E478EA00208007F2FFFFE0
:107DDE004927EA900A80C0245C2406F4EE7D9C04B8
:107DEE00EA000A7EEA00447EEA007E7EEA00F67E23
:107DFE00EA001C7FEA005E7FEA00947FD750E00025
:107E0E00F2F53424F2F436244045EA802080DA017B
:107E1E00A04B49803D02EA002080DC4FF48E010029
:107E2E00C088DA0182D64980EA200A80E12CDC4F34
:107E3E00B9CEEA002080DC4FD4DE4400DA000A63BB
:107E4E00F0A4F0B500ADE6FC2000DC4FD49E44005B
:107E5E0006F92000DC4FF48E0100C088DA01E8D666
:107E6E004980EA200A80E13CDC4FB9CEEA0020804E
:107E7E00E6FC2000F0AE06FA2400F0BFDC4FD49EE4
:107E8E00440006F92000DC4FF48E0100C088DA01B0
:107E9E0034D64980EA200A80DC4FD4DE4400DA0072
:107EAE000A63F0A4F0B500ADE6FC2000F08E06F8F3
:107EBE002400F09FDA01FCF448402D02EA000A800B
:107ECE00DC4FD44E440006F42000DC5FC44E440068
:107EDE00D44E440046F4000C3D02E14C0D01E12C61
:107EEE00DC4FB9CEEA002080E6FC2000F0AE08A4FC
:107EFE00F0BFE009DC4FF48E0100C088DA01E8D64D
:107F0E0049802D7CE15CDC4FB9CEEA002080E6FC96
:107F1E002000F0AE06FA2400F0BFE009DC4FF48E2C
:107F2E000100C088DA0134D649802D68E6FC2000B5
:107F3E00F0AE08A4F0BFF08E06F82400F09FDA0130
:107F4E00FCF448402D010D5AE16CDC4FB9CE0D61A9
:107F5E00E7F8FF00B980E7F8A500E4800100E02C07
:107F6E00F0A066FAFF3FF2FB04FEE6F91E00DC4FBE
:107F7E00F48E0100C088DA01E8D649802D3FE17CFD
:107F8E00DC4FB9CE0D46E6FC2000F0AE06FA24001A
:107F9E00F0BFE009DC4FF48E0100C088DA0134D660
:107FAE0049802D2CF08E06F82400F09FDA010C7912
:107FBE0049803D010D23F08E06F80C00F09FDA018A
:107FCE002CB3DC7FC44E4A00C45E4C00F4CE0100DC
:107FDE00E4CE0200E11CDC4FE4CE0300E10CDC4FEA
:107FEE00B9CEE11CDC4FE4CE5200D740E000F78E54
:107FFE00CB20F09FF08EDA01E4780D0BE10CDC4F14
:10800E00B9CEE13CDC4FE4CE5200F09FF08EDA01A7
:02801E00E47804
:0A8020000802FCFFFCFEFCFDDB0083
:10876400D760E000F78EB335F78EB235F78EB635A5
:02877400DB0028
:10877600ECFDECFEECFFF0E9F0FAF0D806F0F6FFBF
:10878600DA000A63B840C4500200F04D4981ED3268
:10879600D740E000F3F8CA202D2DD740E000F3F8CB
:1087A60042262D28D740E000F3F841263D23D490F9
:1087B6000200A880DC49F488D4056984C0842D1A97
:1087C60006F83009DA0104B348402D14D740E0001A
:1087D600F3F8982149813D0ED740E000F2F4962146
:1087E60046F41400AD07D740E000F2F4282266F400
:1087F60060012D02E1080D63DA01F249F064D74009
:10880600E000F2F43026C4400400D750E000F2F451
:108816003C26F2F53E26C4400600C4500800F08609
:10882600DA01144AF04D49802D13D740E000F2F4E6
:10883600FE213D0CD4600600D4700800F04E2046A0
:10884600F05F305726F4E80338509D16E1080D37DF
:10885600D740E000F3F804222D0DD4500200A840C2
:10886600DC45F484AF07C085D740E000F2F4FE2172
:1088760040458D02E1080D23E118D740E000F7F8E6
:10888600B235F04DD760E000F7F8B335F6FEA63501
:10889600F6FFA835D740E000F2F4CC20D740E00040
:1088A600F6F4AE35D4400400D770E000F6F4B035E7
:0E88B600F78EB435F78EB835F78EB735E1186A
:0C88C40006F00A00FCFFFCFEFCFDDB00DF
:1088D000ECFDECFEECFF88C088B088A0F0E8F0F971
:0488E00006F0FCFFA3
:1088E400DA000A63F084F095B880C490020006F8B8
:1088F4003209DA0104B3F0D4D740E000F78EB6357C
:1089040048D02D0AD4500200A840DC45F484B407B2
:1089140067F80800C0843D08D4900200A88006F8D7
:10892400E705DA0104B3F0D4D740E000F3F8B83532
:108934002D1BD4900200A88006F83609DA0104B38E
:10894400F084E009D750E000F2F6AA35F2F7AC352E
:10895400F04E2046F05F3057204830598D05E1181D
:10896400D740E000F7F8B735D4900200A880DC497E
:10897400F488B40767F84000C084EA20BC8AD74072
:10898400E000F3F87B22EA20BC8AD740E000F3F849
:10899400B735EA30BC8A06F83609DA0104B3484030
:1089A400EA20BC8AD4500600D4400400DC45D454E8
:1089B4001400405DEA80BC8AD740E000F3F87922D5
:1089C4003D7BD4300A00D4200800DC43D4420400A8
:1089D40066F417003D71D740E000F3F8A021498107
:1089E4003D6BD740E000F3F8A42149813D65D740B1
:1089F400E000F2F69E2146F63C00CD5ED4B00200C3
:108A0400A8A0DC4BF48A3809C0854065AD55DC4B21
:108A1400F48A3909C085D740E000F2F4A221404528
:108A2400BD010D4AD740E000F3F8B8353D09E1181F
:108A3400D760E000F7F8B835F6FEAA35F6FFAC3596
:108A4400E118D740E000F7F8B635DC4BF48AB407F8
:108A54009AF43270DC43D44204009AF40730DC43C5
:108A6400D44206003FF4DC43C4420600D4700A003A
:108A7400D4600800DC47D44604003EF4DC47C44616
:108A84000400D740E000F3FCB935D4500A00D440C8
:108A94000800DC45E4C41800D4900A00D48008001F
:108AA400DC49F4A81900D740E000F3FEBA3541EAE6
:088AB400FD03DC49E4E81900B0
:0C8ABC0006F00A00FCFFFCFEFCFDDB00E5
:0E8AC800ECFDECFEECFFF0E8F0F906F0FCFF30
:108AD600DA000A63B840C4500200D740E000F3F859
:108AE600B2353D02E1080D79DA01F249D740E000DE
:108AF600F2FD3026F084DA01144AD740E000F3F89C
:108B060042262D61D740E000F3F841263D5CD74070
:108B1600E000F3F8CA202D57D4900200A880DC4963
:108B2600F488D4056984C0842D4ED740E000F2F560
:108B3600CC20D740E000F2F4AE3540453D4406F87F
:108B46003009DA0104B3F084E009D750E000F2F608
:108B5600A635F2F7A835F04E2046F05F305720488C
:108B660030599D31D740E000F3F8982149813D2BDB
:108B7600D740E000F2F428223D26D740E000F3F883
:108B8600B3352D0AD740E000F2F5B035405D2D0231
:108B9600E0140D01E0040D15D740E000F3F80422BF
:108BA6002D0DD4500200A840DC45F484AF07C085E3
:108BB600D740E000F2F4FE2140458D02E0140D019D
:108BC600E00448402D09DA016487E118D740E00047
:0A8BD600F7F8B435E1080D01E118CD
:0A8BE0000804FCFFFCFEFCFDDB00B6
:0E8BEA00ECFDECFEECFF8890888006F0EAFFC0
:108BF800DA000A63B840C4500200E6F4FFFFE6F565
:108C0800FFFFC4400C00C4500E00E6F4FFFFE6F579
:108C1800FFFFC4401000C4501200E108E4801400B3
:108C2800D740E000F78EB535D740E000F3F80422CE
:108C3800EA20EA8DD740E000F2F4FE214845EA80B8
:108C4800EA8DD740E000F3F878224982EA30EA8DCD
:108C5800D4501800D4401600DC45F4841A00498228
:108C68002D02EA00EA8DD4900200A88006F8AD072C
:108C7800DA0104B37C14F064E007D740E000F2F5B1
:108C8800FE21E6F41B411B54F2FF0CFEF2FE0EFE21
:108C980000E610F7D4900200A88006F8AD07DA01C4
:108CA80004B3F064E007F04EF05FDA01AAF0C440C4
:108CB8000400C4500600E00D0D75F04DC0845C142E
:108CC800D4900200A880008406F8A307DA0104B350
:108CD800F064E007D4400400D4500600DA0192F0B2
:108CE80006F432001850E6F66400E007DA01AAF04C
:108CF800F0E4F0F5D4900200A88006F8A107DA01A4
:108D080004B3F0A4E6FB6400F08EF09FDA01ACB384
:108D1800F0E4F0F5D4901800D4801600DC49D4486B
:108D28001400E005204E305FFD07DC49D4481400EC
:108D3800E005204E305F0D09DC49D4481400F0648A
:108D4800E007F04E2046F05F3057C4400800C4509A
:108D58000A00D4A00C00D4B00E00D4200800D430EF
:108D68000A00F042F053204A305B9D0EC4A0100068
:108D7800C4B01200C4200C00C4300E00F04DC084F2
:108D88000841E48014000D0DD4601000D470120066
:108D9800F042F053204630579D04C4201000C430E0
:108DA800120008D1F04D49858D88D4400C00D4506C
:108DB8000E0026F4F4013850ED14D4600C00D47081
:108DC8000E0006F664001870D4401000D45012004B
:108DD80020463057FD06F4801400D740E000F7F82D
:028DE800B5359F
:0C8DEA0006F01A00FCFFFCFEFCFDDB00A4
:0EDE4000ECFDECFEECFFF0E8F0F906F0F4FF6C
:10DE4E00DA000A63F084F095B880C4900200E6F41C
:10DE5E009621E6F5E000C4400800C4500A00E10C2B
:10DE6E00E6F49621E6F5E000DC45E4C46F00DC49FB
:10DE7E00F48800062D1DD4500200A840DC45F48421
:10DE8E0016096981C0842D14D740E000F3F84226AC
:10DE9E002D0FD740E000F3F8CA202D0AD740E0003E
:10DEAE00F3F840262D05D740E000F3F841262D0A61
:10DEBE00D760E000F78ECA35F78ECC35F78ECB35AE
:10DECE00EA00F6E0D4500200A840DC45F4842609AE
:10DEDE003D22D750E000F78ECC35F78ECB35D4905F
:10DEEE000A00D4800800DC49F488160049813D02FE
:10DEFE00E1580D01E148D750E000F7F8CA35F3F8C4
:10DF0E00CA3549853D02E11C0D01E10CDC49E4C82E
:10DF1E006F00EA00F6E0D740E000F3F8CB353D1590
:10DF2E00D750E000F6FEBC35F6FFBE35D740E00018
:10DF3E00F2F4CC20D740E000F6F4C835E118D75003
:10DF4E00E000F7F8CB35F78ECC35DA01F249D74041
:10DF5E00E000F2FD1E21F084DA01144AE6F4881383
:10DF6E001BD4F2F50CFEF2F40EFEE6F6FF03E0070C
:10DF7E00DA01AAF0C4400400C4500600D4500A00CE
:10DF8E00D4400800DC45F484160049813D22D4902B
:10DF9E000200A88006F82C09DA0104B3F064E00749
:10DFAE00D4400400D4500600204630578D12D49031
:10DFBE000200A88006F82E09DA0104B3F064E00727
:10DFCE00D4400400D450060020463057ED02E01431
:10DFDE000D01E004F1A849A02D1BD740E000F3F895
:10DFEE00CC352D28D4900200A88006F82009DA013D
:10DFFE0004B3F084E009D750E000F2F6C435F2F72E
:10E00E00C635F04E2046F05F305720483059FD128D
:10E01E00D760E000F78ECC35F6FEBC35F6FFBE3588
:10E02E00E148D760E000F7F8CA35F6FEC435F6FFD2
:10E03E00C6350D5AD750E000F6FEC435F6FFC6358C
:10E04E00D4900200A88006F82809DA0104B3F084FF
:10E05E00E009D750E000F2F6BC35F2F7BE35F04ECF
:10E06E002046F05F3057204830599D06E118D740C2
:10E07E00E000F7F8CA350D38D740E000F3F8CC359C
:10E08E003D0BD750E000F6FEC035F6FFC235E11865
:10E09E00D740E000F7F8CC35E128D740E000F7F89C
:10E0AE00CA35D4900200A88006F82A09DA0104B312
:0CE0BE00F084E009D750E000F2F6C03515
:10E0CA00F2F7C235F04E2046F05F305720483059FB
:10E0DA008D0DE138D740E000F7F8CA35E11CD4507D
:0CE0EA000A00D4400800DC45E4C46F00CC
:0CE0F60006F00C00FCFFFCFEFCFDDB0053
:020000040000FA
:0C006800080A0B0C060000020003000454
:020000040001F9
:0A498600F2F4C8FF7C446841DB0036
:04499000E108DB005F
:06499400BE88DA00628219
:04499A00B748B7B7AC
:02499E00DB003C
:0649A0007EC46FC4DB00C1
:0E49A6006EC47EC4D740E000F78E6E34DB0096
:1049B4004A88F9B06891BE88F2F53488F2F852FE5C
:1049C4009ACF03700851F2F852FEF045E005F05416
:1049D400E004F064F075F048E00570467057F06448
:0C49E400F075F0493A88883BF046F05727
:0249F000DB00EA
:1049F200F2F510FF66F500F846F500E09D08F2F4C6
:104A020010FF66F4FF0F76F400E0F6F410FFF045B5
:024A1200DB00C7
:104A1400F2F410FF66F4FF077048F6F410FFDB00B1
:084A24004A88F4B06841BE8825
:024A2C00DB00AD
:084A2E00F0483A88883BDB00E8
:104A3600ECFDECFEECFFF0DC88B0F0EAF0F98880E3
:044A460006F0FEFF79
:104A4A00DA01F249B840DA01789449803D05E10873
:104A5A00E4800200E00EE00DF48002003D020FF453
:104A6A000D010EF44AF4EA01F04F49803D020FF4B9
:104A7A000D010EF44AF4E801F04F49803D020FF4AB
:104A8A000D010EF44AF4E20FF04D6981C0843D0233
:104A9A000FF40D010EF44AF4E602F04D6982C08467
:104AAA003D020FF40D010EF44AF4E604F480060008
:104ABA003D020FF40D010EF44AF4E204F4800400FE
:104ACA00F7F84488D740E000F2F428222D02E108E2
:104ADA000D01F04EF7F84288F3F842882D05F3F8F5
:104AEA00428847F864008D0B6691FF0FF3F84288FD
:104AFA003D020FF40D010EF44AF4EA030D21F2F41B
:104B0A0022FF66F400F046F400F02D1AC2F542883E
:104B1A00E6F402121B54F2F50CFEF2F40EFEE6F66F
:104B2A006400E007DA01AAF006F4FEED1850F6F484
:104B3A0066FED1907EB3E629FEED769100F03EEA5C
:064B4A00A880DA01144A04
:0A4B50000806FCFFFCFEFCFDDB0084
:044B5A00E6D7018019
:044B5E00A758A7A706
:024B6200DB0076
:104B6400DA01F249F064F048F7F84388E118F7F8FD
:104B74004188D750E000F2F42826F2F52A260843AB
:104B84001850F6F43888F6F53A887EB6F048C084B2
:0A4B9400F6F4B0FEF086DA01144AD0
:024B9E00DB003A
:104BA000DA01F249F064F3F841882D0FD750E000A4
:104BB000F2F42826F2F52A2622F4388832F53A88CB
:104BC00028403850CD02F78E41889AB60570F3F828
:104BD00041883D02E0140D01E004F1A8F086DA01FD
:044BE000144AF18AF8
:024BE400DB00F4
:104BE600F04849858D0BF04847F81000ED07F0486E
:0E4BF600C084D7400000F48463000D01E10884
:024C0400DB00D3
:104C06001FE22EE23FE25EE26EE2F048C088DA0181
:0E4C1600E64BC0847C2469813A88EA35DB00D5
:104C24009ACFFE7046293B0A8DFD76E26E0076E34C
:104C34006E00E10A0D02CC0009A149A38DFCF2F437
:104C4400D4FF0EF45FF4F6F4D4FF76EB2100F2F611
:104C540052FEF2F452FE204646F4514E8DFAF048CC
:064C6400C088DA01064CD5
:024C6A00DB006D
:104C6C00BE8876E0032076E1032066E1FF3F66E133
:104C7C00FFFC76E8760076E9760076EA8E0076EB35
:104C8C008E0076E210A676E310A666E3FFF666E3E6
:104C9C00FEFF76E6140076E7140076E4800076E5F5
:104CAC00800066E5EFFFE6940000E6930000E692D4
:104CBC000000E6910000E6AC0000E6AB0000E6AABE
:104CCC000000E6A90000E6ABA900E6C464006EC4CF
:104CDC00E6C565006EC5DA006C82E62B0000E6289E
:104CEC000000E62A0000E6CE0000E6A84A41E6CF26
:104CFC007F00E6670000D190E62A0000E62800005D
:104D0C00E6904100D1A0E6BD0000E62BFEEDE629C1
:104D1C00FEED76900044D190E6BE0000E6B358005C
:104D2C00E6A30000E6230000E6B35900D180E6BB01
:104D3C005A00DEE0E6CB7E00D180E6C76600DA00E2
:104D4C0010D7E6CA5400E6AC00A9D1B0E6C6730091
:104D5C00E6C27200E6BC7100E6B77000D180E6B422
:104D6C007800E6600000D180E6B57900E6610000CD
:104D7C00E6BC7700E6BD7600E6C27500E6C07400BE
:104D8C00D190E6B90000E6B80000E624E104E6257F
:104D9C00E104E6A4C280E6B46800E6D02FF6E6CCC7
:104DAC00600076D08000E6D90000D180E65A800001
:104DBC00E6D957C0E6BA6D006EBAD190E6B66E0071
:104DCC006EB6E6B90000E6BB0000E65A1F00E6D856
:104DDC001180E6B76C00E6B600007FB6E6D701009E
:044DEC00A758A7A776
:024DF000DB00E6
:104DF200C6030300EC00C6871000EC06EC07ECF1DA
:104E0200ECF2ECF3ECF4ECF5ECF6ECF7ECF8ECF994
:084E1200ECFAECFBECFCECFDFA
:104E1A00DA01244AF0D4F2F990FEF2F752FEF2F6E1
:104E2A0034889ACF03700861F2F752FE4097FD0169
:104E3A002861F08DDA012E4AF046E005F054E004CC
:104E4A00F064F075F049E00570467057F064F0754B
:104E5A00DA01F249F0D4F086F097DA007E406EC4A7
:064E6A00F08DDA01144A8C
:104E7000FCFDFCFCFCFBFCFAFCF9FCF8FCF7FCF686
:104E8000FCF5FCF4FCF3FCF2FCF1FC07FC06FC87EF
:064E9000FC00FC03FB889E
:104E9600C6030300248F3488D1807FC7FC03FB88B8
:104EA600C6030300EC00C6871000EC06EC07ECF125
:104EB600ECF2ECF3ECF4ECF5ECF6ECF7ECF8ECF9E0
:0C4EC600ECFAECFBECFCECFDECFEECFF6D
:104ED200DA01244AF094F2F53488F2F852FE9ACFBD
:104EE20003700851F2F852FEF045E005F054E00478
:104EF200F064F075F048E00570467057F064F075A4
:104F0200F089DA012E4AF3F840883D07E118F7F8F4
:104F12004088E6FEE204E00F0D06F0E622FE3C8841
:104F2200F0F732FF3E88F6F63C88F6F73E88F2F458
:104F32003688E00500E410F5F04EF05F26F48813A1
:104F420038509D10E00D0D0426FEE20438F008D121
:104F5200F04EF05F26F4E20438509DF6F04EF6F47F
:104F620036880D13E6F6E204F6FE0EFEF6FF0CFEA0
:104F72007B66F2FD0EFEE6F6E204E007F04EF05F1D
:104F8200DA01AAF0F046F6F43688F08DDA01706A9A
:104F9200DA018872F3F845880981F7F8458849856E
:104FA2008D05F78E45888AD001807FD0258F46886F
:104FB200F3F8468847F80A008D21F78E46886EA3DB
:104FC2007EB3F3F844883D022FE80D182EE8F3F87B
:104FD200448847F864009D12C2F54488E6F4F4015F
:104FE2001B54F2F90CFEF2F80EFEE006E017F04652
:104FF2002048F0573059F6F446FE6FA3D740E00040
:10500200F2F428222D056691FF0F3FEAF78E4288BF
:0E501200DA01789449803D031FEA2FE64FE64D
:10502000FCFFFCFEFCFDFCFCFCFBFCFAFCF9FCF8C4
:10503000FCF7FCF6FCF5FCF4FCF3FCF2FCF1FC07DD
:0A504000FC06FC87FC00FC03FB8863
:10504A00C6030300EC00C6871000EC06EC07ECF17F
:10505A00ECF2ECF3ECF4ECF5ECF6ECF7ECF8ECF93A
:06506A00ECFAECFBECFC8B
:10507000F2FBA0FEDA01F249D750E000F2F6282652
:10508000F2F72A26F084DA01144AF096F0A7F08BA2
:04509000DA01D6610A
:10509400FCFCFCFBFCFAFCF9FCF8FCF7FCF6FCF568
:1050A400FCF4FCF3FCF2FCF1FC07FC06FC87FC00BE
:0450B400FC03FB8876
:0C50B800C6030300ECF4ECF5ECF6ECF899
:1050C400DA01F249F064D740E000F2F430260841F6
:1050D400D770E000F6F43026F2F42826F2F52A26FA
:1050E400F6F43C26D740E000F6F53E26F086DA01D9
:0250F400144A5C
:0C50F600FCF8FCF6FCF5FCF4FC03FB8865
:10510200C6030300EC00C6871000EC06EC07ECF1C6
:10511200ECF2ECF3ECF4ECF5ECF6ECF7ECF8ECF981
:08512200ECFAECFBECFCECFDE7
:10512A00F2F4B2FEF0D4F3F841882D09F04D43F8B9
:10513A0043883D05F78E4188DA0002340D06F78E62
:0A514A004188F04DC088DA00BE1164
:10515400FCFDFCFCFCFBFCFAFCF9FCF8FCF7FCF69F
:10516400FCF5FCF4FCF3FCF2FCF1FC07FC06FC8708
:06517400FC00FC03FB88B7
:0C517A00C60303002FE86EA3FC03FB88B3
:10518600C6030300C6871000EC06EC07ECF1ECF250
:10519600ECF3ECF4ECF5ECF6ECF7C2F54288E6F449
:1051A60002121B54F2F50CFEF2F40EFEE6F6640053
:1051B600E007DA01AAF006F4FEED1850F6F466FEF2
:1051C600FCF7FCF6FCF5FCF4FCF3FCF2FCF1FC0746
:0851D600FC06FC87FC03FB88CA
:020000040000FA
:10D6E600F048C086F0465C14C494DEF7E6F43C00CD
:10D6F6000B64F2F50EFEE6F42AF70045F6F4FAFCA2
:0AD70600F0499FF4F6F4CCFEDB00BE
:10D71000F78EF4F7F78EF3F7F78EFAF7F78EF1F747
:10D72000F78EF0F7F78EF2F7F68E6288F68E608845
:10D73000F62826F7F68E24F7F68E28F7E6F49EFEF6
:10D74000F6F4F8FCE6670000E019E008DA00E6D637
:02D75000DB00FC
:10D75200C2F5F1F7E6F43C000B54F2F50EFEE6F4E6
:10D762002AF70045F0B4F2F6FAFC406B3D06F2F7F8
:10D7720028F7F0A722FA24F70D0FF0462842F014FA
:10D78200A871F05B085240563D03F2FA28F70D04E7
:10D79200F0462844F014A8A19ACB0770F2F49EFE3A
:10D7A20040472D03F0A7F2F79EFEDC49B878F04718
:02D7B200204A0B
:02D7B400DB0098
:10D7B600ECFDECFEECFF88C088B088A0F0E8F0F93C
:10D7C600E00DDA01244AF0C4E1040D18F2F650FE29
:10D7D600DC4FB86ED4900200A880DA0052D7D4701D
:10D7E6000600D4600400DC47B846DC4FA85EF2F4BD
:10D7F60050FE40453D02E01D0D03094149438DE6BB
:08D80600F08CDA012E4AF04D0E
:0AD80E000806FCFFFCFEFCFDDB0039
:10D81800D740E000F2F476083D58D760E000F6F90A
:10D828007808F6FA7A08F6FB7C08F2F49EFED740F0
:10D83800E000F6F47E08F2F496FFD740E000F6F434
:10D848008008F2F4CCFED740E000F6F48208F2F447
:10D85800FAFCD740E000F6F48408F04CD740E0002A
:10D86800F7F8C208F3F8FAF7D740E000F7F8C3086A
:10D87800A980D740E000F7F8C408D4400200D74098
:10D88800E000F7F8C508E10E0D19C0E5D440020024
:10D8980040549D0CC0E45C14F05CC0A6E6F53C0066
:10D8A8000B6502F40EFED4542AF70D01E005C0E41E
:10D8B8005C14D740E000C454860809E147FE1E0006
:0AD8C8008DE4D740E000F6F8760882
:02D8D200DB0079
:10D8D400E118F7F8F3F76ECBE6660000D1807FC756
:02D8E400DB0067
:10D8E600C6030300EC00C6871000EC06EC07ECF15B
:10D8F600ECF2ECF3ECF4ECF5ECF6ECF7ECF8ECF916
:10D90600ECFAECFBECFCECFDECFEECFF06F0F6FFB3
:10D91600F3F8F1F7B980A9A0C0A40841E480020099
:10D92600C0A45C14D4F4DEF7DA017636F480020083
:10D9360049833D03E108E4800200F04F02F426F734
:10D94600C4400800F2FE50FEA980C085E6F43C0003
:10D956000B54F2F30EFEF02F5C12F0420043D44457
:10D9660028F7C4400600F3F8F2F73D4BE10C0D141E
:10D97600F2FE50FE9ACB0870D4500600F2F49EFEDA
:10D9860040452D02E0140D01E004E4800400F2F4A9
:10D9960050FE404E2D0309C149C38DEA49C33D27B8
:10D9A60088F0F4800400C0848840F4800400C08CB1
:10D9B600D4B00A00D4A00C00F09EE048DA0018D8D3
:10D9C6000804248F6088D740E000F2F4720846F419
:10D9D600FFFF2D09D740E000F2F472080841D74056
:10D9E600E000F6F47208DA00D4D8EA00DEDBF48050
:10D9F6000400C085F04E2045C4400800E118F7F841
:10DA0600F2F7F420020043F2FAF72D14D46008006E
:10DA160040E62D61F04E204648413D0C9ACB0A70F7
:10DA2600D4500600F2F49EFE40452D04F2F450FE5A
:10DA3600404E2D5188F0C0248840F4800400C08CEC
:10DA4600D4B00A00D4A00C00F09E43F2FAF73D02CF
:10DA5600E0180D01E028DA0018D80804248F608841
:10DA6600D740E000F2F4720846F4FFFF2D09D740D4
:10DA7600E000F2F472080841D740E000F6F47208BC
:10DA8600F480020043F8FAF73D04DA00D4D8EA003D
:10DA9600DEDBD740E000F2F4740846F4FFFF2D0900
:10DAA600D740E000F2F474080841D740E000F6F4ED
:10DAB6007408F78EF2F7F78EF4F7F78EF9F7E11898
:10DAC600F7F8F0F7E019A980C088DA00E6D6D18029
:10DAD6007FC7EA00DEDBF2FE52FEF2F534889ACF0B
:10DAE60003700851F2FE52FED4A0060040AEFD01BE
:10DAF6002851F045E005F054E004F064F075F08A32
:10DB0600E0097086709748F1FD060023D45226F787
:10DB1600F0BA20B50D03F0BA22FB28F7F04BF6F465
:10DB260024F7F6FA28F7D4400800F6F426F7A98079
:10DB3600C0845C24C484E4F7C494E6F7D450080097
:10DB4600A980C0845C14C4541EF7E6FDFF00F3F8F8
:10DB5600F9F72D0ED450080022F51CF7C2F4F5F79C
:10DB6600F0D400D50D0226FD3A0046FD3A009DFB95
:10DB7600F05DA980C084E4A4F6F7E01FF3F8F4F79B
:10DB860049813D03E6FF1E000D19F3F8F4F74982BB
:10DB96003D1546FD3A009D1248D19D04E014F0F46F
:10DBA60020FD0D0C46FD1F009D05E6F41F00F0F458
:10DBB60020FD0D04E6F43B00F0F420FDF09FF48018
:10DBC6000200C088DA00E6D6F4800200F7F8F1F722
:08DBD600248F6288D1807FC713
:10DBDE0006F00A00FCFFFCFEFCFDFCFCFCFBFCFA64
:10DBEE00FCF9FCF8FCF7FCF6FCF5FCF4FCF3FCF29B
:0EDBFE00FCF1FC07FC06FC87FC00FC03FB8826
:02DC0C00ECFD2D
:10DC0E00D740E000F3F826222D40DA01B449D75070
:10DC1E00E000F2F60A22F2F70C222046305726F4E4
:10DC2E0090D03853ED010D31DA01244AF0D4D7707B
:10DC3E00E000F78E2422F68E1E22F68E0E22F68E2F
:10DC4E001022D760E000F78E2622F78E2722F2F4FC
:10DC5E0020220841D740E000F6F42022F78EF4F798
:10DC6E00F78EF9F7D750E000F2F92826F2FA2A26B5
:10DC7E00E018DA01CA94F62826F7E019C2F8F1F78F
:0ADC8E00DA00E6D6F08DDA012E4A26
:04DC9800FCFDDB00B4
:02DC9C00ECFD9D
:10DC9E00DA01244AF0D4D740E000F3F82422498276
:10DCAE003D0ED750E000F2F41A22F2F51C22084184
:10DCBE001850D750E000F6F41A22F6F51C22D77051
:10DCCE00E000F78E2422F68E1E22F68E0E22F68E9F
:10DCDE001022D760E000F78E2622F78E2722F2F46C
:10DCEE0020220841D740E000F6F42022F78EF4F708
:10DCFE00F78EF9F7D750E000F2F92826F2FA2A2625
:0CDD0E00E018DA01CA94F08DDA012E4A08
:04DD1A00FCFDDB0031
:10DD1E00DA01244AF054F78EF0F7F3F8F1F7F7F83A
:0CDD2E00FAF7F085DA012E4ADA009CDCDE
:02DD3A00DB000C
:10DD3C00C6030300EC00C6871000EC06EC07ECF100
:10DD4C00ECF2ECF3ECF4ECF5ECF6ECF7ECF8ECF9BB
:10DD5C00ECFAECFBECFCECFDECFEECFF06F0FCFF53
:10DD6C00F3F8F3F72D19D750E000F2F92826F2FA60
:10DD7C002A26E6F82000DA01CA94D740E000F3F82E
:10DD8C0024223D06D740E000F3F82622EA20B6DF35
:10DD9C00DA009CDCEA00B6DFF3F8F0F72D02DA00CB
:10DDAC001EDDF3F8F1F743F8FAF73D04DA000CDC6A
:10DDBC00EA00B6DFF3F8FAF7F0D4F04DC086F0764F
:10DDCC005C17D4E7DEF7F486F6F749812D05F48667
:10DDDC00F6F747F81F003D39D740E000F3F824224E
:10DDEC0049823D33F0565C25D495E4F7D4A5E6F78B
:10DDFC00D4871EF7DA01763848E1FD12F04DC08762
:10DE0C00E6F43C000B74F2F90EFEF08E5C18F05840
:10DE1C000059D46526F7D44528F7F0C420C60D0464
:10DE2C00D740E000F2FC0E22F04DC086F0465C14A8
:10DE3C00D4B41EF7F0565C25D495E4F7D4A5E6F7D8
:10DE4C00F486F6F7C088DA005492F04066F4FF3F8F
:10DE5C00F2F504FE88508840DA00C040C08CF04DCA
:10DE6C00C086F0465C24D4A4E4F7D4B4E6F7F04EB4
:10DE7C00C089E6F43C000B64F2F40EFEE6F82AF7D7
:10DE8C000084DA0158450804F0F4DA01244AF0E47D
:10DE9C00F3F8F0F72D07F08EDA012E4ADA001EDDCA
:10DEAC00EA00B6DFD750E000F2F40E22F2F51022B1
:10DEBC0070452D15A860D4700200D750E000F2F424
:10DECC000E22F2F51022204630579D09D750E00063
:10DEDC00F2F40E22F2F51022B840C4500200A860F1
:10DEEC00D4700200F046F05726F444043850FD0775
:10DEFC00F3F8F4F72D0E26F6E20438709D0AD7409D
:10DF0C00E000F3F8242249823D02E1280D01E118DA
:10DF1C000D01E108F7F8F4F7D740E000F3F82522FB
:10DF2C00F7F8F5F7F04DC0865C16D4461EF7F6F4FC
:10DF3C001CF7D740E000F3F8242249823D02E11897
:10DF4C000D01E108F7F8F9F7D4461EF7F6F46488EA
:10DF5C00F08EDA012E4AF04F49802D0ED740E000AA
:10DF6C00F3F8242249823D08D750E000F2F80A2247
:04DF7C00F2F90C2288
:10DF8000DA00A48ADA01244AF0E4F04D49823D0225
:10DF9000E1080D03F04DC0840841F7F8FAF7F3F8F3
:10DFA000F1F743F8FAF72D02D1807FC7F08EDA013E
:06DFB0002E4ADA000CDC31
:10DFB6000804FCFFFCFEFCFDFCFCFCFBFCFAFCF987
:10DFC600FCF8FCF7FCF6FCF5FCF4FCF3FCF2FCF1C7
:0CDFD600FC07FC06FC87FC00FC03FB8839
:1081EE00669400F06692FF0FD1B07EB77EBC7EC261
:1081FE007EC67FEA5FE84FE86FE8F78E17F6F78ED8
:10820E0016F6F78E15F6F78E14F6F78E10F7F78E24
:04821E0006F7DB0084
:1082220066A900FF66AAF0F0669200FFD1907EB5C3
:108232007EB47EC27EC07EBD7EBC6EC57EC51FE0A2
:108242000FE0F78E0F88F78E0E88DA00AE83F78E76
:10825200D3F6F78ED2F6D740E000F78E7622DB0017
:0A826200DA00EE81DA002282DB0070
:10826C00DA006282F78E1BF7E128F7F81AF7E6FBC3
:10827C006800E00AE6F83A36E6F90300DA00E2DFD5
:10828C00F78E1688F78E1988F78E1788E10EE10A9B
:10829C000D04C0E4E4A420F609E149E48DFAE10EF2
:1082AC000D15E006C0E8E0640B84F2F90EFEC4691B
:1082BC00EEF6E006C469F0F6E11CE4C9F2F6E10A58
:1082CC00E4A8A2F6E10AE4A8B2F609E149E28DE9D4
:0282DC00DB00C5
:1082DE00F04849803D137EC2F6F98CFEF2F554FF4C
:1082EE0066F5FFF0F04A49802D03E6F4000C0D020E
:1082FE00E6F400047045F6F454FFDB007EC0F6F998
:10830E0088FEF2F554FF66F5F0FFF04A49802D0223
:0E831E00E0C40D01E0447045F6F454FFDB00AE
:10832C00F04849803D1366A9F0FF7EBCF6F980FE4B
:10833C00F2F552FF66F5F0FFF04A49802D02E0D4C9
:10834C000D01E0447045F6F452FFDB0066A90FFF07
:10835C007EBDF6F982FEF2F552FF66F50FFFF04A8C
:10836C0049802D03E6F4D0000D02E6F44000704580
:06837C00F6F452FFDB00E5
:10838200F04849803D0466A9F0FF7EBCDB0066A987
:068392000FFF7EBDDB00C1
:10839800F04849803D0466AAFFF07EC2DB0066AA69
:0683A800F0FF7EC0DB00C7
:1083AE00E10E0D12E10CC0E8E0C40B84F2F90EFEF2
:1083BE00E4C9DEF6E10CE4C9BEF6E10AE4A8ACF6C7
:0C83CE00E10AE4A80CF609E149E28DEC9C
:0283DA00DB00C6
:0683DC00ECFDECFEF0D800
:1083E20066AAF0F07EC27EC0DA00AE83F78ED3F6C4
:1083F200F78ED2F66EC57EC5E128F7F81AF7E00EC1
:108402000D41F04EC084D740E000F4845A223D056D
:10841200F04EC088DA008C880D34E0144C4EF1A87E
:10842200D740E000F3F87622718AD740E000F7F8EF
:108432007622F04D49802D25F04EC084F48416F743
:108442003D20E11AF04EC084E4A416F7E01AF04E83
:10845200C0845C14D494A4F6F04EC088DA002C8355
:10846200F04EC0845C14D444A4F6F2F552FE2045CA
:1084720046F40C00AD06F04E49803D027FBC0D0172
:0A8482007FBD08E1F04E49828DBC79
:06848C00FCFEFCFDDB001C
:10849200F048C084F48420F62D14F048C0845C14A3
:1084A200D4542EF6D740E000F2F42A2240453D098A
:1084B200F048C0845C14D45426F640953D02E1088D
:1084C200DB00E11AF048C087E4A720F6F0475C140D
:1084D200C49426F6D740E000F2F52A22C4542EF6C0
:0484E200E118DB00C2
:1084E600D740E000F2F4702246F4FFFF2D09D74092
:1084F600E000F2F470220841D740E000F6F4702262
:02850600DB0098
:10850800ECFDECFEECFF88C0F0DBF0EAF0F98880C7
:0485180006F0F8FF72
:10851C00E108E4800600E024004066F4FF3FF2F539
:10852C0004FE8850F0C4E02A00A066FAFF3FF2FB7C
:10853C0004FEE068008066F8FF3FF2F904FEDA0002
:10854C00B6D7080249803D05DA00E684E108EA0066
:10855C005E86D4500400405D2D24205D48513D17AB
:10856C00D4A00200E0541BA4F2F90CFEF2F80EFEAB
:10857C00E096E007D750E000F2F40E22F2F510225C
:10858C00DA0192F0F064F07520863097FD04DA0081
:10859C00E684E1080D5EA840204AB840E118E4806A
:1085AC000600D4D002002D26E0541BD4F2F30CFEAE
:1085BC00F2F20EFEE036E007D750E000F2F40E22A5
:1085CC00F2F51022DA0192F0F064F075F042F053FB
:1085DC00204630578D0FE096E007D750E000F2F4BC
:1085EC000E22F2F51022DA0192F0F064F0752026DA
:1085FC003037FD0BD750E000F2F92826F2FA2A2684
:10860C00E018DA01CA94E1080D24F04EC08BF0AFEB
:10861C00D4900800F08DDA0120EBF0640868D45097
:10862C000C00D4400A00DC45B864F48006002D1020
:10863C00D4500C00D4400A00DC45A844F2F552FE9C
:10864C00204546F40C00AD04DA00E684E1080D0187
:02865C00E11823
:0C865E0006F00C00FCFFFCFEFCFDDB0045
:02866A00F078A6
:10866C00C0EBE0C40BB4F2F40EFEE6F6D6F60064F2
:10867C00F046DA0178F1F024F035DC43F4220800FE
:10868C002D58DC43D4520600D740E000F2F42A22E5
:10869C0040452D09E10CDC43E4C20800E10AC0E4CA
:1086AC00E4A40CF6DB00D740E000F48B5A222D41F9
:1086BC00DC43D4520400F06B5C16C456A4F649217A
:1086CC003D1EE10AE4AB16F7DC43A892C4960EF605
:1086DC00DC43F4820900C085C45636F6E00AC0E8D3
:1086EC00DA002C83DC43A842F2F550FE20454840CA
:1086FC00AD1C49E03D027FBC0D187FBD0D16E11A83
:10870C00E4AB16F7E01ADC43A892C0E8DA002C833D
:10871C00DC43A842F2F552FE204546F40C00AD05B0
:10872C0049E03D027FBC0D017FBDE10CDC43E4C29E
:02873C00080033
:02873E00DB005E
:02874000F078CF
:1087420049E1ED0646F971028D0346F94C1DFD0221
:10875200E108DB0049E03D020EE00D011EE0F2F50A
:1087620052FEC0EBF08B5C18C458CEF6E0144C47B6
:108772009140F1A8D740E000F3F87622618AD74011
:10878200E000F7F87622F2F550F006F5BD1F49E059
:108792003D0CD1807EB4F6F568FEF2F424FF66F457
:1087A200F0FF7844F6F424FF0D0BD1807EB5F6F588
:1087B2006AFEF2F424FF66F40FFF6FF4F6F424FF6E
:1087C200F48BACF62D03D468A8F60D01F069D458E9
:1087D200CEF60056C458A4F6E11AE4AB16F7E01A36
:1087E200D498A4F6C0E8DA002C83C0E9F0495C14FE
:1087F200D444A4F6F2F552FE204546F40C00AD0531
:1088020049E03D027FBC0D017FBDF489ACF62D0D20
:10881200E10AE4A9ACF6E10CE0C40B94F2F40EFE1A
:10882200E4C4DEF6E11AE4A90CF6E10AE4A9B4F61E
:10883200E10AE4A9B2F6C0E5E0042045D740E00031
:10884200F4845B223D0BD740E000F3F878224982A2
:108852003D05D740E000F3F850223D02E0140D013F
:10886200E004F1A8E4A9A2F6F489A2F63D05F7FE18
:108872001AF77EC56FC50D046EC5E128F7F81AF721
:08888200E12AE4A90E88E118C7
:02888A00DB0011
:10888C00F04849803D0966A9F0FF0FE06692F0FFC1
:10889C00D1807EB47EBC0D0866A90FFF1FE06692E6
:1088AC000FFFD1807EB57EBDE10AF048C084E4A400
:1088BC000E88E0144C489140F1A8D740E000F3F842
:0E88CC007622618AD740E000F7F87622DB00C2
:0888DA00ECFDECFEF0E9F0D822
:1088E200DA01B449F084F095F2F6AEF6F2F7B0F69A
:1088F20020683079F04D4983ED1046FE19008D0D48
:1089020046FE127AED0AF046F05726F4400038503F
:10891200CD0426F630753870BD02E1080D59D740F6
:10892200E000F2F52A22F04DC088F0785C17C457B7
:1089320018F6F05E02F518F7C45700F6E11AE4A83B
:1089420014F6F04D07F8FF002D1207F8FF002D1B5B
:1089520009823D26D1807EC6F23E18F7F2F428FF46
:1089620066F4FFF076F40005F6F428FF0D25D180B9
:108972007EBCF23C18F7F2F428FF66F4F0FF78456B
:10898200F6F428FF0D19D1807EC2F23D18F7F2F4F9
:1089920028FF66F40FFF76F45000F6F428FF0D0C62
:1089A200D1807EB7F23718F7F2F424FF66F4FF0F96
:1089B20076F40050F6F424FFF2F550F0F2F418F7D2
:1089C20020454840AD04DA00EE81E1080D01E118CE
:0689D200FCFEFCFDDB00D1
:0489D800ECFDF0D8EA
:1089DC00F04DC085E0A40B54F2F40EFEE6F6FEF664
:1089EC000064F046DA0178F1F084F095F04DC08423
:1089FC005C14F1A8DC49F48808002D4CC0A4D740C5
:108A0C00E000F48456223D46C0A4D740E000F48434
:108A1C0057222D010D3FE10CDC49E4C80800D7407A
:108A2C00E000F2F428223D36DC49D4580600D74049
:108A3C00E000F2F42A2240452D010D2CDC59A84807
:108A4C00D4580200F6F4AEF6F6F5B0F6DC49D4488C
:108A5C000400F6F418F7DA01B449F084F095F2F654
:108A6C00AEF6F2F7B0F6F0462048F057305926F43F
:108A7C0040003850DD0BD750E000F2F92826F2FA0E
:108A8C002A26E6F82000DA01CA940D04F04DC088BD
:048A9C00DA01B097B4
:048AA000FCFDDB00FE
:0E8AA400ECFDECFEECFFF0E8F0F906F0F2FF5E
:108AB200D740E000F3F824224982EA305E8DD740A5
:108AC200E000F2F428222D02EA005E8DDA01B449B8
:108AD200F084F095C4800A00C4900C00F2F450F0C7
:108AE200C4400400E6F61E00E007D750E000F2F4AE
:108AF2000E22F2F51022DA0192F0F0A4F0B5208EE7
:108B0200309F208A309BFD0CD750E000F2F92826D6
:108B1200F2FA2A26E6F82000DA01CA94EA005E8D0B
:108B2200D4400A00D4500C00204E305FF064D44090
:108B320004002046C4400400E00DEA000C8DD7403A
:108B4200E000F2F54622E6F43C00F6F50EFE5B4448
:108B5200F2F50EFEF04D49802D03E6F41E000D01E4
:108B6200E004F0640065D740E000F2F42222B8404D
:108B7200D740E000C2F525224056FD03A840084137
:108B8200B840D740E000C2F525224056ED07D74055
:108B9200E000C2F52522F07620750D09F04606F4B4
:108BA2003C00D740E000C2F52522F0742075F06742
:108BB200E007D750E000F2F40E22F2F51022DA01BB
:108BC20092F0C4400600C4500800D4400600D450BD
:108BD200080026F430753850EAE00A8DDA01B4490B
:108BE200F0A4F0B5D4800600D4900800F06E0068BE
:108BF200F07F1079F046204AF057305B26F480006F
:108C02003850DD02EA000A8DDA01F249C44002005E
:108C1200DA01B449F0A4F0B5D4800600D49008007B
:108C2200F06E0068F07F1079F046204AF057305B12
:108C320026F480003850DD07DA00E684D480020092
:108C4200DA01144A0D61D740E000F2F428223D58BF
:108C5200A890F04DC0840842C088DA00928449800E
:108C62002D4FF04DC085E0A40B54F2F40EFEF484B7
:108C720006F72D0BD750E000F2F92826F2FA2A2641
:108C8200E6F82000DA01CA940D3BD4400600D45025
:108C92000800F06E0064F07F1075F04DC085E0A40E
:108CA2000B54F2F40EFEC464FEF6C47400F7D44012
:108CB2000600D4500800F064D44004000064F04D73
:108CC200C085E0A40B54F2F40EFEC46402F7D74050
:108CD200E000F2F62A22F04DC085E0A40B54F2F433
:108CE2000EFEC46404F7E11CF04DC085E0A40B54F1
:108CF200F2F40EFEE4C406F7F04DC088DA00D8891B
:108D0200D4800200DA01144A08D1F04D4982EA8087
:108D1200408BDA00DA91D740E000F3F8252249814E
:108D22002D07D740E000F3F8252247F81F003D1633
:108D3200F3F81BF73D13DFE0E118F7F81BF7D180DA
:108D42007EBBF2F450F006F4A60EF6F476FEF2F4D0
:0C8D520026FF66F4FF0FEFF4F6F426FF96
:0C8D5E0006F00E00FCFFFCFEFCFDDB003C
:0E8D6A00ECFDECFEECFFF0E9F0D806F0F6FFB1
:108D7800D740E000F2F84222DA0104B4F0F446FFEA
:108D880071028D0346FF4C1DFD03E004EA001A8FB3
:108D9800DA01F249F064F04DC088F488D2F6E48034
:108DA8000200F0585C15D44512F7B840F488D4F6A0
:108DB800E4800400F48812F6E4800600F48824F6BF
:108DC800E4800800E10AE4A8D2F6F086DA01144A41
:108DD800D740E000F3F850222D09F4A002002D3905
:108DE800F48004003D03F48008002D33E006F04DC4
:108DF800C088E0640B84F2F70EFEC467EEF6E00666
:108E0800C467F0F6E11CE4C7F2F6F48002002D43D3
:108E1800F48004002D40F48008003D3DF4800600F5
:108E28003D3AD740E000F3F850222D35F0685C1643
:108E3800D740E000D446682246F4FFFF2D2CD740E7
:108E4800E000D44668220841D740E000C4466822C2
:108E58000D2249A02D20E0048840F4800800C08439
:108E68008840E00CD4B00400F0AFF04DC085E06459
:108E78000B54F2F40EFEE6F6EEF60064F046DA0164
:108E880078F1F084F095DA01F4EC0804F04DC08430
:108E98005C14C4F4FAF6F04DC088E0640B84F2F771
:108EA8000EFED457EEF6F0985C19D740E000C4598E
:088EB8007222D457F0F62D1BC5
:108EC000F065E007F04FE00500461057D469FAF668
:108ED000E00720463057F064F075E6F44C1DE005DD
:108EE0008850F0C4E6FA7102E00BF086F097DA01E0
:068EF0007AB30802F0F461
:108EF600E6F4D0011BE4F2F90CFEF2F80EFEF06F78
:108F0600E00720683079FD05E6F4D0011BE4F2FFA6
:048F16000EFEF04F0C
:0C8F1A0006F00A00FCFFFCFEFCFDDB0082
:108F2600ECFDECFEECFFF0EAF0F9F0D806F0FEFFFF
:108F3600DA01F249B840F04F49802D13F2F43AF6BF
:108F460066F400242D0EE6F4FFDF64F43AF6E11A27
:108F5600F04DC086E4A6ACF6F2F55AF65C16C45699
:108F6600A8F6A880DA01144AF04DC0845C14D444F3
:108F76007AF6E0050044105500441055F064F0758B
:108F8600E054F6F60EFEF6F70CFE7B44F2FA0EFE01
:108F9600F09EF04DC088DA01C298DA01F249F084F9
:108FA600B880E10AF04DC084E4A4ACF6DA01144AB4
:0A8FB6000802FCFFFCFEFCFDDB00DE
:108FC000ECFDECFEECFFF0DAF0E8F0F906F0FCFF67
:108FD000F04D47F8FF003D29DA01F249B840E108B9
:108FE000E4800200E10C0D13F4800200C088DA0076
:108FF0009883F4800200C085E0C40B54F2F40EFEA6
:10900000E4C4BEF6F48002000981E4800200F4802A
:10901000020049828DE9F2F6C0FF6863DC4FC46E3E
:109020002200A880DA01144A0D77F04D49803D36C0
:10903000DC4FD44E18006841E4800200DC4FD44E6F
:10904000320066F43FFFDC4FC44E3200DA01F249D1
:10905000B840E10CF4E00200C0E8E0C40B84F2F494
:109060000EFEE4C4DEF6E10AE4A80CF6D740E00008
:10907000F4885A222D0FE11AE4A816F7E01AF2F943
:1090800052FEC0E8DA002C83F48002003D027FBC6F
:109090000D017FBDA880DA01144A0D3EF04D4986CE
:1090A0003D1EDC4FD44E1A006841E4800200DC4FC4
:1090B000D44E360066F43FFFDC4FC44E3600D74036
:1090C000E000F2F43C223D28D740E000F2FA2A22E8
:1090D000E019F4800200C088DA00268F0D1DDC4FF5
:1090E000D44E1C006841E4800200DC4FD44E3400B2
:1090F00066F43FFFDC4FC44E3400D740E000F2F48A
:109100003C223D0AD740E000F2FA2A22E009F4802E
:089110000200C088DA00268F7E
:0A9118000804FCFFFCFEFCFDDB0078
:06912200F2F452FEDB0036
:06912800F02AF079F018B6
:10912E00C025E0C40B54F2F40EFEE6F6B6F600646B
:10913E00F046DA0178F1F084F095DC49B878F06BFE
:10914E00DC59E4C80900C4C80200A9C0DC49E4C85F
:10915E000A00F4C00200DC49E4C80B00D740E0006E
:10916E00F2F62A22DC49C468060049402D02E12CA1
:10917E000D01E11CDC59E4C80800D4580600C024D7
:10918E005C14C4540A88C04AF097C028DA00DE8204
:10919E0049402D0BF2F552FEF047204546F40C00E7
:1091AE00AD02E0140D01E0040D09F2F550FEF0479A
:1091BE0020454840AD02E0140D01E00448402D0565
:0A91CE0049203D027FC2DB007FC094
:0291D800DB00BA
:0291DA00ECFDAA
:1091DC00D750E000F2F40E22F2F51022F0657C3448
:1091EC007C355CD67046F0D448D02D2CF09DE00830
:1091FC00DA006A8DF6F40488F09DE018DA006A8DC6
:10920C00F6F40688D750E000F2F54A22F2F74C2229
:10921C002075F0675C264870CD02E0F50D02E6F58E
:10922C00F1FF0056E6F41E00F6F50EFE4B44F2F785
:10923C000EFEE6F498002047F074F6F70088E1186B
:04924C00F7F8168891
:04925000FCFDDB0046
:10925400ECFDECFEECFF88C088B0F0E9F0FAF0D841
:0492640006F0F6FF1B
:10926800D740E000F3F8242249823D05D740E000CA
:10927800F2F428222D04F78E1988EA000097DA0103
:10928800B449F084F095E6F61E00E007D750E000F8
:10929800F2F40E22F2F51022DA0192F0F0A4F0B501
:1092A800F068206EF079307F206A307BFD0CD75053
:1092B800E000F2F92826F2FA2A26E6F82000DA0178
:1092C800CA94EA000097D750E000F2F40E22F2F5B3
:1092D8001022F0657C347C355CD67046F0544850DA
:1092E800EA200097F3F817882D07D740E000F2F43A
:0892F800202242F408882D42F7
:10930000F2F44CF6C4400600F2F44EF6C4400800F5
:10931000E6FB6800E00AE6F83A36E6F90300DA0010
:10932000E2DFD4400600F6F44CF6D4400800F6F430
:109330004EF6E6F40009F6F43AF6E108E48004009B
:109340000D14F4C00400F12C6921C0242D02E02486
:109350000D01E014F1A8C0C7E4A799F6E4279DF633
:10936000F48004000981E4800400F480040049844E
:109370008DE8E118F7F81788D740E000F2F42022D2
:04938000F6F408886F
:10938400F08E22F81088F09F32F91288F3F81988C9
:109394002D25D740E000F2F4202242F414883D1E2B
:1093A400F04D43F818882D1AD4500A0022F502888B
:1093B400F04D49813D03E6F41C000D02E6F41E0065
:1093C40040453D0CF04870492D09F048F05926F409
:1093D400FFFF36F5FF00ED02E0140D01E004F1A8F3
:1093E400F04EF6F442F6D4400A00F6F444F6F04D9A
:1093F40049813D02E0040D01E014F7F88CF6F7F81A
:109404008AF6E138F7F88BF6F04D47F81F003D0275
:10941400E0840D01E004F6F43CF649A02D02E0548A
:109424000D01E004F7F88EF649A03D0DE6F61E00A6
:10943400E007D750E000F2F40E22F2F51022DA0130
:1094440092F0F084F095F048F05926F4FFFF36F5D9
:10945400FF00FD04E6F8FFFFE6F9FF00F049E00530
:10946400F7F88DF6F048F6F43EF626F820A1389782
:10947400ED03E6F4FFFF0D01E004F6F440F6F68E8A
:1094840048F6D4400C00F6F44AF6F68E60F6F68EF2
:109494005EF6F2F4C0FF6843F6F45CF6F3F816885F
:1094A4003D02DA00DA91F2F40488F6F47AF6F2F482
:1094B4000688F6F47CF6F2F80088DA007AD0E480C4
:1094C4000200E108E48004000D0CF4A00200F48022
:1094D4000400C084E4A47EF6F48004000981E480DE
:1094E4000400F480040049848DF0DA01F249B840A4
:1094F400F68E64F6F68E62F6F68E70F6F68E6EF6DC
:10950400F2F452F66841F4840CF62D03E6F44000BC
:109514000D01E004F6F46CF6A880DA01144AE6F4CE
:109524002291E6F50000F6F44888F6F54A88E6F458
:10953400C08FE6F50000F6F44C88F6F54E88E6F8A0
:109544003A36E6F90300DA01AE11DA01F249B8401D
:10955400D740E000F2F42822EA30D296F2FC6CF60E
:0C956400F04C66F4C00046F440003D5797
:10957000F2F452F66841E4800200C085E0C40B5466
:10958000F2F40EFEE6F6D6F60064F046DA0178F163
:10959000F084F095D740E000F2F62A22DC49C46856
:1095A0000600F3FC98F6DC49E4C80900E006DC4953
:1095B000C4680200E10CDC49E4C80A00F2F462F677
:1095C0009AF40B30E12CDC49E4C80800F2F666F6A8
:1095D000DC59C4680400B8680D18E11CDC49E4C813
:1095E0000800F2F666F6DC49B868C2F497F65C3417
:1095F000C2F598F60054F2F450F61B54F2F60EFE43
:1096000002F642F6DC49C4680400E11AF4C0020024
:0C961000C0C4E4A40CF6C0C8DA006A86EE
:10961C000D19F2F440F646F42C018D148AFC1260FC
:10962C00F2F452F66841E4800200C087D740E000B3
:10963C00F4875A223D07E10CE0C40B74F2F40EFEE1
:10964C00E4C4DEF6F2F470F666F4C00046F44000B2
:10965C003D1CE0148840E0148840F2F554F6F065A7
:10966C006861F0465C14D4C476F6C2FB94F6F2F44E
:10967C0064F69AF402B0E01A0D01E00AF2F96AF607
:10968C00F18CC088DA0028910804F2F46EF666F4C6
:10969C00C00046F440003D17E0048840E0048840D8
:1096AC00E00CC2FB96F6F2F464F69AF40230E01A7F
:1096BC000D01E00AF2F968F6F2F456F66841C0883A
:1096CC00DA0028910804A880DA01144AF6FE108802
:1096DC00F6FF1288D4400A00F6F40288D740E00066
:1096EC00F2F42022F6F41488F04DF7F81888E118FB
:0496FC00F7F81988DA
:0C97000006F00E00FCFFFCFEFCFDDB0090
:0C970C00ECFDECFEECFFF0D806F0FEFFD8
:10971800F04DC085E0C40B54F2F40EFEE6F6B6F642
:109728000064F046DA0178F1F0E4F0F5DC4FF4EE8D
:1097380008002D13D740E000F2F428223D0EDC4F3C
:10974800D45E0600D740E000F2F42A2240453D05E9
:10975800D740E000F2F43C222D09F04DC088DA0031
:109768009883E10CDC4FE4CE08000D5149E13D3807
:10977800F04066F4FF3FF2F504FE8850F0C4DC5F69
:10978800A8BEF48E0A00C08ADC5FD49E0200F48E64
:109798000900C088DA000885080249803D09F04DB3
:1097A800C088DA009883E10CDC4FE4CE08000D2F66
:1097B800E12CDC4FE4CE0800E01AA890F04DC088F8
:1097C800DA00DE82F2F552FEA840204546F40C008D
:1097D800AD1EF04D49803D027FC20D197FC00D17A7
:1097E800F04DC088DA009883DC5FD45E0600F48E02
:1097F8000B00E10CDC4FE4CE0800F0A5C089F04D69
:0E980800C088DA00268FF04DC088DA006A862C
:0A9816000802FCFFFCFEFCFDDB0075
:08982000ECFDF0D806F0FEFF9C
:10982800F04DC087F48716F73D3DD740E000F48738
:109838005A222D38F04066F4FF3FF2F504FE8850B6
:10984800F0C4F0475C14D4B40EF6E00AE009D484FE
:1098580036F6DA000885080249803D0BF04DC085D0
:10986800D740E000F4855A222D625C15D445A4F651
:10987800B840E11AF04DC084E4A416F7E01AA890A5
:10988800F04DC088DA002C83F2F552FEA84020453E
:1098980046F40C00AD4CF04D49803D027FBC0D47AD
:1098A8007FBD0D45F04DC088DA008283F04D4980B8
:1098B8003D020FE00D011FE0E10AF04DC087E4A76B
:1098C8000CF6F04D43F81AF73D046EC5E128F7F899
:1098D8001AF7F0475C14D45408F6C45412F7F48706
:1098E800B2F63D02E0140D01E004F1A8E4A7D4F6B5
:1098F800F4A7A2F6E4A712F6F4A7B4F6E4A724F6B0
:10990800D740E000F4875A222D0AE0154C5DD74075
:10991800E000C2F4762260453D02E0140D01E00447
:0E992800F1A8E4A7D2F6F04DC088DA01DC9970
:069936000802FCFDDB004D
:10993C00C6030300EC00C6871000EC06EC07ECF144
:10994C00ECF2ECF3ECF4ECF5ECF6ECF7ECF8ECF9FF
:08995C00ECFAECFBECFCECFD65
:10996400DA01F249F0D4E008DA000C97F08DDA015C
:02997400144A93
:10997600FCFDFCFCFCFBFCFAFCF9FCF8FCF7FCF635
:10998600FCF5FCF4FCF3FCF2FCF1FC07FC06FC879E
:06999600FC00FC03FB884D
:10999C00C6030300EC00C6871000EC06EC07ECF1E4
:1099AC00ECF2ECF3ECF4ECF5ECF6ECF7ECF8ECF99F
:0899BC00ECFAECFBECFCECFD05
:1099C400DA01F249F0D4E018DA000C97F08DDA01EC
:0299D400144A33
:1099D600FCFDFCFCFCFBFCFAFCF9FCF8FCF7FCF6D5
:1099E600FCF5FCF4FCF3FCF2FCF1FC07FC06FC873E
:0699F600FC00FC03FB88ED
:1099FC00C6030300EC00C6871000EC06EC07ECF184
:109A0C00ECF2ECF3ECF4ECF5ECF6ECF7ECF8ECF93E
:089A1C00ECFAECFBECFCECFDA4
:109A2400DA01F249F0D4E008DA002098F08DDA0186
:029A3400144AD2
:109A3600FCFDFCFCFCFBFCFAFCF9FCF8FCF7FCF674
:109A4600FCF5FCF4FCF3FCF2FCF1FC07FC06FC87DD
:069A5600FC00FC03FB888C
:109A5C00C6030300EC00C6871000EC06EC07ECF123
:109A6C00ECF2ECF3ECF4ECF5ECF6ECF7ECF8ECF9DE
:089A7C00ECFAECFBECFCECFD44
:109A8400DA01F249F0D4E018DA002098F08DDA0116
:029A9400144A72
:109A9600FCFDFCFCFCFBFCFAFCF9FCF8FCF7FCF614
:109AA600FCF5FCF4FCF3FCF2FCF1FC07FC06FC877D
:069AB600FC00FC03FB882C
:109ABC00C6030300EC00C6871000EC06EC07ECF1C3
:109ACC00ECF2ECF3ECF4ECF5ECF6ECF7ECF8ECF97E
:069ADC00ECFAECFBECFCCF
:109AE200DA01F249F0946EC5F3F81AF749829D4102
:109AF200C2F41AF75C14D454CEF6F2F692FE206544
:109B0200C2F41AF75C14D454CEF6F2F752FE207562
:109B1200C2F41AF7D740E000F4845A222D0F4860AD
:109B22002D0D4067ED0BC2F41AF75C14C46408F6FD
:109B3200E11AC2F41AF7E4A4B2F60D1BE11AC2F458
:109B42001AF7E4A4B4F6C2F41AF75C14D740E000A2
:109B5200D4446C2246F4FFFF2D0CC2F51AF75C15B3
:109B6200D740E000D4456C220841D740E000C4450C
:029B72006C2263
:069B7400F089DA01144A39
:109B7A00FCFCFCFBFCFAFCF9FCF8FCF7FCF6FCF537
:109B8A00FCF4FCF3FCF2FCF1FC07FC06FC87FC008D
:049B9A00FC03FB8845
:109B9E00ECFDF0D8F04DC086F48614F649813D2FC9
:109BAE00D740E000F2F428223D17F0765C17D45728
:109BBE0018F6D740E000F2F42A2240453D0DD7407A
:109BCE00E000F2F43A223D08D44700F6F2F550F0E8
:109BDE00204546F40C00AD0CD750E000F2F92826D3
:109BEE00F2FA2A26E6F80001DA01CA94E1080D110C
:109BFE00E12AF04DC084E4A414F6E1180D0AE10A3E
:109C0E00F04DC084E4A414F6F04DC088DA01C69974
:069C1E00E108FCFDDB0083
:109C2400C6030300EC00C6871000EC06EC07ECF159
:109C3400ECF2ECF3ECF4ECF5ECF6ECF7ECF8ECF914
:089C4400ECFAECFBECFCECFD7A
:109C4C00DA01F249F0D4E008DA009E9B49802D033A
:109C5C00F23E00F60D036694FFF06FE8F3F814F68D
:0E9C6C003D03E008DA00D889F08DDA01144AD1
:109C7A00FCFDFCFCFCFBFCFAFCF9FCF8FCF7FCF62E
:109C8A00FCF5FCF4FCF3FCF2FCF1FC07FC06FC8797
:069C9A00FC00FC03FB8846
:109CA000C6030300EC00C6871000EC06EC07ECF1DD
:109CB000ECF2ECF3ECF4ECF5ECF6ECF7ECF8ECF998
:089CC000ECFAECFBECFCECFDFE
:109CC800DA01F249F0D4E018DA009E9B49802D03AE
:109CD800F23C02F60D036694F0FF4FE8F3F815F630
:0E9CE8003D03E008DA00D889F08DDA01144A55
:109CF600FCFDFCFCFCFBFCFAFCF9FCF8FCF7FCF6B2
:109D0600FCF5FCF4FCF3FCF2FCF1FC07FC06FC871A
:069D1600FC00FC03FB88C9
:109D1C00C6030300EC00C6871000EC06EC07ECF160
:109D2C00ECF2ECF3ECF4ECF5ECF6ECF7ECF8ECF91B
:089D3C00ECFAECFBECFCECFD81
:109D4400DA01F249F0D4E028DA009E9B49802D0321
:109D5400F23D04F60D0366940FFF5FE8F3F816F680
:0E9D64003D03E018DA00D889F08DDA01144AC8
:109D7200FCFDFCFCFCFBFCFAFCF9FCF8FCF7FCF635
:109D8200FCF5FCF4FCF3FCF2FCF1FC07FC06FC879E
:069D9200FC00FC03FB884D
:109D9800C6030300EC00C6871000EC06EC07ECF1E4
:109DA800ECF2ECF3ECF4ECF5ECF6ECF7ECF8ECF99F
:089DB800ECFAECFBECFCECFD05
:109DC000DA01F249F0D4E038DA009E9B49802D0395
:109DD000F23706F60D036692FF0F7FEAF3F817F6E7
:0E9DE0003D03E018DA00D889F08DDA01144A4C
:109DEE00FCFDFCFCFCFBFCFAFCF9FCF8FCF7FCF6B9
:109DFE00FCF5FCF4FCF3FCF2FCF1FC07FC06FC8722
:069E0E00FC00FC03FB88D0
:109E1400C6030300EC00C6871000EC06EC07ECF167
:109E2400ECF2ECF3ECF4ECF5ECF6ECF7ECF8ECF922
:109E3400ECFAECFBECFCD750E000F2F92826F2FA3D
:109E44002A26E6F80001DA01CA94FCFCFCFBFCFAC1
:109E5400FCF9FCF8FCF7FCF6FCF5FCF4FCF3FCF272
:0E9E6400FCF1FC07FC06FC87FC00FC03FB88FD
:109E7200C6030300EC00C6871000EC06EC07ECF109
:109E8200ECF2ECF3ECF4ECF5ECF6ECF7ECF8ECF9C4
:109E9200ECFAECFBECFCD750E000F2F92826F2FADF
:109EA2002A26E6F80001DA01CA94FCFCFCFBFCFA63
:109EB200FCF9FCF8FCF7FCF6FCF5FCF4FCF3FCF214
:0E9EC200FCF1FC07FC06FC87FC00FC03FB889F
:109ED000C6030300EC00C6871000EC06EC07ECF1AB
:109EE000ECF2ECF3ECF4ECF5ECF6ECF7ECF8ECF966
:069EF000ECFAECFBECFCB7
:109EF600DA01F249F0546693FF0FDEE0F78E1BF7A6
:069F0600F085DA01144AA7
:109F0C00FCFCFCFBFCFAFCF9FCF8FCF7FCF6FCF5A1
:109F1C00FCF4FCF3FCF2FCF1FC07FC06FC87FC00F7
:049F2C00FC03FB88AF
:020000040001F9
:10D4D400F04849829D13F04A49802D10F04A47F8DC
:10D4E4002000ED0C46F9200C9D09E6F5200C20598E
:10D4F400F04AC0844045ED02E0140D01E004DB0075
:10D50400ECFDECFEECFFF0DBF0EAF0F9888006F0CD
:02D51400F8FF1E
:10D51600D740E000F3F841262D15D740E000F2F49D
:10D526001E223D10D740E000F3F8242249822D0A3E
:10D53600D740E000F3F8E7223D05D740E000F3F8D6
:10D54600E8222D02E1080D6DF3F847883D3DE6F629
:10D55600DA32E6F70700F046F0575CE57045F084EE
:10D56600E6F6A433E6F70700F046F0575CE57045AB
:10D57600F0542058C450020048502D05D4400200F3
:10D5860046F48001FD02E1080D4CD4C00200E6FA23
:10D59600DA32E6FB0700E6F8FC31E6F9E000DA00ED
:10D5A600EA3FD4C00200E6FADA32E6FB0700E6F804
:10D5B600FC31E6F9E000DA01FCF448402D02E1080E
:10D5C6000D30E118F7F84788E6F4FC31E6F5E0009F
:10D5D600F064F0754AF7F60E4AF7F61F7C27F04618
:10D5E600C4400400F047E005C4400600DA01244ABE
:10D5F600B840DA006282F0BDF0AEF09FF480080019
:10D606002D03E6F818000D02E6F81400D4500600C3
:10D61600D4400400DA0172F1F0D4A880DA012E4A6F
:02D62600F04DC5
:0CD6280006F00A00FCFFFCFEFCFDDB002D
:08D63400F02AF03BF069F078E8
:10D63C00F04CC08AF096C0E8DA01D4D449803D029F
:10D64C00E108DB0049E02D03E004E0650D02E00495
:10D65C00E05500441055004410557C24F084F0959E
:10D66C00F04CC08CF0A800A6F0B9F093F082DA0070
:04D67C00EA3FE11888
:02D68000DB00CD
:04D68200ECFDF0D8F3
:10D68600F04D4981ED0AE01BE6FAFFFFE009F04D97
:10D69600C088DA0104D549803D02E1080D20F04D2D
:10D6A60049802D03E004E0650D02E004E0550044E6
:10D6B6001055004410557C24F084F095E0070D0BBE
:10D6C600F0480047F059DC45A98447F8FF002D02D1
:0ED6D600E1080D05087146F7200C8DF2E118F1
:04D6E400FCFDDB006E
:10D6E800ECFDECFEECFF88C0F0EAF0FBF0D9888096
:04D6F80006F0FAFF3F
:10D6FC00F4800800C08AF09DF4800600C088DA012E
:10D70C00D4D449802D068AFD0400F48008009AF4D4
:10D71C000300E108EA0032D8F48006002D03E0048F
:10D72C00E0650D02E004E05500441055004410552E
:10D73C007C24B840C4500200E108E48004000D6C65
:10D74C00F4800400C086006DD4500200A84000464E
:10D75C00DC45A9E4F4800400C086F04E0046F05F7E
:10D76C00DC45A984618EC087F4800400C086F04E2D
:10D77C000046F05FDC45A984C08440473D22F4801C
:10D78C000400C086006DD4500200A8400046DC4561
:10D79C00F4E40100F4800400C086F04E0046F05F13
:10D7AC00DC45F4840100618EC087F4800400C086DF
:10D7BC00F04E0046F05FDC45F4840100C084404725
:10D7CC002D02E1080D30F4800400C086F04E0046B6
:10D7DC00F05FDC45F4840100C0875C87F4800400B2
:10D7EC00C086F04E0046F05FDC45A984C088708787
:10D7FC00E02BF0A8F4800400C089009DF4800600A2
:10D80C00C088DA0104D549803D02E1080D0CF48092
:10D81C0004000982E4800400F4A00800F4800400F1
:06D82C00418A8D8EE11817
:0CD8320006F00A00FCFFFCFEFCFDDB0021
:06F3A400ECFD06F0FCFF89
:10F3AA00E6F6F42EE6F70700F046F0575CE57045FE
:10F3BA00F084E6F69230E6F70700F046F0575CE58F
:10F3CA007045F0D420D848D02D4646FD0002FD01F4
:10F3DA000D42DA01244ADA006282E0048840E00C35
:10F3EA00E00BE00AE009E008DA01364A0802F0CD4B
:10F3FA00E6FAF42EE6FB0700E6F8FC2FE6F9E00051
:10F40A00DA00EA3FF0CDE6FAF42EE6FB0700E6F86A
:0EF41A00FC2FE6F9E000DA01FCF448402D0278
:04F42800B748B7B773
:10F42C005FE27EB7E6F4FC2FE6F5E000F064F075E1
:10F43C004AF7F60E4AF7F61F7C27F046B840F0471D
:10F44C00E005C4400200D4500200A840DA0172F179
:04F45C00B748B7B73F
:06F460000804FCFDDB00C6
:10362000F048698161883A88E231F048C085F04508
:103630007C1469813A88E2327C25F18A69813A8872
:04364000E233DB0096
:10364400D1806EB06EBED1807EB07EBEF78E2D88E6
:10365400F78E32880EEA5EE26EE2D740E000C2F8EE
:083664005635DA012036DB00C7
:0A366C00F048C088DA01064CDB00CC
:10367600D740E000F3F860352D15D770E000F78EDF
:103686005D35F78E5A35F78E5935F78E4E35D7405C
:10369600E000F78E6035E148D740E000F7F81835CE
:0636A600DA014436DB00EE
:1036AC00F2F452FF66F4FFF0AFF4F6F452FFF2F4CA
:1036BC0022FF66F4F0FF7844F6F422FFE6BE5B00CE
:1036CC006EBED190E6B057006EB0F78E2F88F78E95
:1036DC002E88F78E2D88F78E3288F68E2888DB00A0
:0E36EC00ECFDECFEECFFF0E8F0F906F0F8FF64
:1036FA00E004C4400400DA01F249F0D4F3F82E8859
:10370A002D05F08DDA01144AE1080D44E118F7F8A5
:10371A002E88F2F4A0F0B840D180E65000F0BFD075
:10372A00F2F450F0C4400200F08DDA01144A9AD043
:10373A0010B0D4500200F2F450F0204546F4C40907
:10374A009D08D44004000841C440040046F41027F0
:10375A008DEEDA01F249F0D48AD002B00FF40D01ED
:10376A000EF44AF4F50069A1E4A0060049A02D0769
:10377A00F2F6A0F066F6FF03DC4FB86E0D01BED07C
:10378A00A840F6F4A0F0F78E2E88F08DDA01144ADC
:04379A00F4800600B1
:0C379E0006F00800FCFFFCFEFCFDDB0058
:1037AA00F04849813D0DD740E000F2F5423546F533
:1037BA00FFFF2D120851D740E000F6F542350D0CF7
:1037CA00D740E000F2F5443546F5FFFF2D050851D4
:1037DA00D740E000F6F54435F048C088DA00CABFA1
:0237EA00DB0002
:1037EC00D740E000F2F5CC20D740E000F2F486356B
:1037FC0040453D39D740E000F2F52022D740E000AB
:10380C00F2F4883540453D2FD740E000F3F86035A1
:10381C002D0ED740E000F2F41E223D07D740E00009
:10382C00F3F878223D02E0140D01E0040D18D740A6
:10383C00E000F3F8242249823D11D740E000F3F870
:10384C0041263D0CD740E000F2F428223D07D7403A
:10385C00E000F3F890352D02E0140D01E00448402F
:0A386C002D02E0140D01E004DB0062
:0E387600ECFDECFEECFFF0E9F0FA06F0FEFFD0
:10388400F04806F41200B840D740E000F3F8603581
:103894002D08D740E000F78E6035E008DA00CABF93
:1038A4000D59D740E000F3F8F0342D18D740E0006C
:1038B400F3F8242249823D12D740E000F2F4282292
:1038C4003D0DD740E000F3F8782249823D07D74008
:1038D400E000F2F41E2246F4E0019D03DA014436CE
:1038E4000D39DA01F249F0D4F2F550FEA840204532
:1038F400F05448502D1946F51200ED16DA01B4497A
:10390400F084F095208E309FE6F61200E007D75041
:10391400E000F2F40E22F2F51022DA0192F0F064E3
:10392400F075208630978D07E038DA01AA37F08DDC
:10393400DA01144A0D0FD740E000F2F42022F6F425
:103944001C886EBEA840F6F484FE7EBE6FBEF08D69
:04395400DA01144A36
:0A3958000802FCFFFCFEFCFDDB0092
:10396200C6030300EC00C6871000EC06EC07ECF17E
:10397200ECF2ECF3ECF4ECF5ECF6ECF7ECF8ECF939
:0E398200ECFAECFBECFCECFEECFF06F0FCFFBC
:103990006EBED740E000F2F4202242F41C883D10B5
:1039A000D740E000F2F428223D0BD740E000F3F8C6
:1039B000242249823D05D740E000F3F8F0343D046D
:1039C000DA014436EA00063BF3F832882D05E03888
:1039D000DA01AA37EA00063BE6F4E634E6F5E00051
:1039E000E6F68635E6F7E000E6F22000DA01C6F1F9
:1039F000E6F61E00E007D750E000F2F40E22F2F5E2
:103A00001022DA0192F0F084F095F0697C287C298C
:103A10005CE67086D740E000C2F49235E005F068BD
:103A2000F079DA0192F0E6F6F000E007DA01AAF0A8
:103A3000F0A4F0B500AA10BB00AA10BBB8A0C4B097
:103A40000200D740E000C2F49335E005F068F07959
:103A5000DA0192F0E6F6F000E007DA01AAF0F0E40D
:103A6000F0F500EE10FF00EE10FF70AB2D10F04EE1
:103A7000704F2D0DA840D450020026F4FF7F38501F
:103A8000ED06F04EF05F26F4FF7F3850FD04E0387D
:103A9000DA01AA370D38F78E3088248F2888F2F59E
:103AA000288846F5DF013D04E118F7F830880D0855
:103AB00046F5E0018D05E128F7F83088F68E288874
:103AC000F3F8308849813D020FF40D010EF44AF4F9
:103AD000E206D740E000F3F85535F7F83188F04EAC
:103AE000F6F42A88E118F7F83288D1806EB0A84041
:103AF000D4500200F064F2F450F00046F6F460FE98
:063B0000D1907EB06FB011
:103B06000804FCFFFCFEFCFCFCFBFCFAFCF9FCF8E0
:103B1600FCF7FCF6FCF5FCF4FCF3FCF2FCF1FC070C
:0A3B2600FC06FC87FC00FC03FB8892
:023B3000ECFDAA
:103B3200F3F82D88EA20963CF78E2D88D740E000D6
:103B4200F2F5CC20D740E000F2F4663540453D1C4A
:103B5200D740E000F2F52022D740E000F2F46835C9
:103B620040453D12D750E000F2F42826F2F52A260D
:103B720022F4228832F52488D740E000F2F66C3530
:103B8200E00720463057FD10D740E000F2F54635F9
:103B920046F5FFFF2D050851D740E000F6F5463502
:103BA200E028DA00CABF0D76D740E000F3F86035AE
:103BB20049823D27D740E000F3F819350981D74003
:103BC200E000F7F81935F3FC338849C13D06F2F4F9
:103BD2002688D740E000F6F4063549C23D06F2F4E5
:103BE2002688D740E000F6F4083549C33D0AF2F5CD
:103BF2002688C2F42C885C14D740E000C4540A35ED
:103C02000D49D740E000C2FD54350D0DE0251BD50E
:103C1200F2FD0EFED740E000F3F855350981D7409A
:103C2200E000F7F85535D740E000F3F8553543F892
:103C32002C888DEC0D0A7C1DD740E000F3F8553539
:103C42002981D740E000F7F85535D740E000F3F876
:103C5200553543F82C88EDEF46FDFF00FD03E6F4F1
:103C6200FF000D01F04DD740E000F7F85435F2F4B3
:103C72002288F2F5248888508840F2FC1A88C2FB18
:103C82003388F2FA2688E6F86635E6F9E000DA00CB
:043C92006CC90804ED
:043C9600FCFDDB0056
:103C9A00C6030300EC00C6871000EC06EC07ECF143
:103CAA00ECF2ECF3ECF4ECF5ECF6ECF7ECF8ECF9FE
:0C3CBA00ECFAECFBECFCECFD06F0FEFF6D
:103CC600DA01EC3749803D04DA014436EA00643E05
:103CD600F3F8328849813D6CF2FD60FE02FD2A88C8
:103CE600F2F550F0F04D20454840AD05E038DA01D8
:103CF600AA37EA00643E0FEAF6FD60FEE128F7F80F
:103D06003288F3F8308849823D04E038DA012036FB
:103D16005FE2DA01303BF3F8328849823D04DA018A
:103D2600EC3749803D04DA014436EA00643EF3F894
:103D3600308849813D32F2F750F0E006F2F450F057
:103D4600204746F419009D04086146F6E8038DF6FF
:103D5600F2F450F0204746F419009D04E038DA01E9
:103D6600AA370D7DF08066F8FF3FF2F904FEDA010E
:103D7600EC3649803D04E018DA01AA370D70F3F8F5
:103D8600328849823D04DA01EC3749803D03DA0185
:103D960044360D65A880DA005EC9F2F550F0F2F4FB
:103DA60060FE20454840AD5BE038DA01AA370D5782
:103DB600F3F8328849823D510EEA5EE2D1806EB058
:103DC600E138F7F83288F08066F8FF3FF2F904FE32
:103DD600DA01EC3649803D04E018DA01AA370D3FD6
:103DE600F3F8328849833D04DA01EC3749803D0314
:103DF600DA0144360D34A840F6F42688E6F4863512
:103E0600E6F5E000E6F66635E6F7E000E6F22000C5
:103E1600DA01C6F1F3F83188F7F82C88D750E000BC
:103E2600F2F42826F2F52A26F6F42288F6F52488F6
:103E3600F3F83088F7F83388F2F42A88F6F41A880B
:103E4600E118F7F82D88F78E3288D740E000C2F8DF
:0E3E56005635DA0120366EE20D02DA014436EE
:103E64000802FCFDFCFCFCFBFCFAFCF9FCF8FCF78A
:103E7400FCF6FCF5FCF4FCF3FCF2FCF1FC07FC069C
:083E8400FC87FC00FC03FB8835
:103E8C00ECFDECFEECFFF0E9F0FAF0D806F0FEFFEA
:103E9C00F04D49803D04F78E2F88EA004040D74012
:103EAC00E000F2F41E223D19D740E000F3F878222E
:103EBC003D14D740E000F3F8C9203D0FD740E00097
:103ECC00F3F848243D0AD740E000F3F841262D05CD
:103EDC00D740E000F3F842263D10E148D740E0001F
:103EEC00F7F81835D740E000F78E6035E008DA00B7
:103EFC00CABFF78E2F88EA004040F3F83288EA30C8
:103F0C004040F04E22F41E88F05F32F5208826F4F3
:103F1C00140038509D02EA004040DA01F249B840E2
:103F2C00DA01303BF04D49823D24F3F82F8847F8F5
:103F3C000D009D05D740E000F3F84D352D1AD74004
:103F4C00E000F3FA4D352D02E1380D01E128D75090
:103F5C00E000F7F81835F7FA1A35D740E000F78E7D
:103F6C006035DA014436F78E2F88A880DA01144ABE
:103F7C000D61E6F4E634E6F5E000E6F68635E6F7A4
:103F8C00E000E6F22000DA01C6F1E118D740E000CB
:103F9C00F7F89135F04D49813D02E1080D0CF3FA2B
:103FAC002F8849A68D02E1380D0669A1C0A42D0207
:103FBC00E1280D01E118F7F83088F3FA308849A1AF
:103FCC003D020FF40D010EF44AF4E206D740E00076
:103FDC00F3F85535F7F8318849A33D0EC2F42F8814
:103FEC002846F7F83188C2F43188D740E000F484D1
:103FFC009A35C088DA012036E6F40010F6F42A88E7
:10400C00E118F7F83288D1806EB0F2F450F006F473
:10401C000002F6F460FED1907EB06FB0F6FE1E8802
:10402C00F6FF2088F04D49823D02258F2F88A8800D
:04403C00DA01144A47
:0A4040000802FCFFFCFEFCFDDB00A3
:10F46600DA016C4CE018DA01AA69DA010EA9E6F8AD
:10F476001000DA01244CDA01AC36D740E000F3F88C
:10F48600E7223D13DA018C23DA019E79E00AE00BCC
:10F49600D740E000F3F8CA202D02E0090D01E0197B
:0AF4A600E008DA017C20DA01C82C2E
:04F4B000B54AB5B5EF
:0CF4B400DA015A4BBF88DA01786E0DFDBA
:06000000014057883F009B
:107138008AD906808AD904908AD902A09AD902B03D
:08714800E0140D01E004DB007E
:0A7150008ED99ED9AED9BED9DB005E
:0E715A00D1806EB66692FFF0D1807EB6DB006B
:0C7168006EBA7EBA2FEADA015071DB002B
:02717400ECFD30
:10717600F2F4B2F0F0D47EBA6EBA2FEAD740E0004D
:10718600F3F8E635F7F85788F04DD740E000F7F802
:10719600E935DA01387149802D09DA015071E01AB2
:1071A600E6F8DE35E6F9E000DA0126E6F2FB50F015
:1071B600F04DC08AE6F8DE35E6F9E000DA01BCE714
:0471C600FCFDDB00F1
:1071CA00F3F8568849823D5AD740E000F3F8E23591
:1071DA0049823D049ABA0270DA017471F2F4B2FF7C
:1071EA009AF402C0E01B0D01E00BF2FA50F0E6F847
:1071FA00DE35E6F9E000DA01D0E6F05446F50101A1
:10720A003D03DA0168710D0946F500019D067FE428
:10721A002EEA7EBA6FBAF6F5B0F0D740E000F3F87E
:10722A00E23549813D1CD740E000F2F4DE35F6F440
:10723A006CFED1807EB6F2F424FF66F4FFF0AFF460
:10724A00F6F424FFD1806FB6D740E000F2F5DE35C0
:10725A00F2F450F020456D05D1807FB60D02DA01B7
:10726A005A71D740E000F3F8E2353D08D740E00014
:0C727A00F3F8E8353D036EBAF78E568835
:02728600DB002B
:02728800ECFD1B
:10728A00DA01F249F0D4F3F856883D35F3F8578815
:10729A0047F83F002D30D740E000F2F4282266F488
:1072AA0020013D0AD740E000F3F841263D05D740CA
:1072BA00E000F3F842263D1FF3F85788D760E00054
:1072CA00F7F8E535F78EE235F78EE335E118D74062
:1072DA00E000F7F8E835E128F7F85688D180F62873
:1072EA005088D750E000F2F42826F2F52A26F6F460
:1072FA005288F6F55488F3F8568849823D64D75087
:10730A00E000F2F42826F2F52A2622F4528832F511
:10731A005488284238508D2BF2F450F042F45088A9
:10732A003D19E07AE6F8DE35E6F9E000DA0126E60C
:10733A00E6F8DE35E6F9E000DA01B6E6D740E00025
:10734A00F3F8E23549823D06DA016871D740E00078
:10735A00F78EE235D180F6285088D750E000F2F453
:10736A002826F2F52A26F6F45288F6F55488D740EC
:10737A00E000F2F4282266F420012D0EE07AE6F805
:10738A00DE35E6F9E000DA0126E6E6F8DE35E6F96A
:10739A00E000DA01B6E60D15D740E000F3F8412621
:1073AA003D05D740E000F3F842263D0BE118D740EF
:1073BA00E000F7F8E835E6F8DE35E6F9E000DA014C
:0C73CA00B6E6DA01CA71F08DDA01144A4F
:0473D600FCFDDB00DF
:1073DA00C6030300EC00C6871000EC06EC07ECF1CC
:1073EA00ECF2ECF3ECF4ECF5ECF6ECF7ECF8ECF987
:0873FA00ECFAECFBECFCECFDED
:10740200DA01F249F0D4DA01CA71F08DDA01144AD4
:10741200FCFDFCFCFCFBFCFAFCF9FCF8FCF7FCF6BE
:10742200FCF5FCF4FCF3FCF2FCF1FC07FC06FC8727
:06743200FC00FC03FB88D6
:10743800C6030300EC00C6871000EC06EC07ECF16D
:10744800ECF2ECF3ECF4ECF5ECF6ECF7ECF8ECF928
:08745800ECFAECFBECFCECFD8E
:10746000DA01F249F0D4F3F8568849823D0AD74050
:10747000E000F3F8E23549823D04DA017471DA0183
:08748000CA71F08DDA01144A13
:10748800FCFDFCFCFCFBFCFAFCF9FCF8FCF7FCF648
:10749800FCF5FCF4FCF3FCF2FCF1FC07FC06FC87B1
:0674A800FC00FC03FB8860
:0474AE00ECFDECFE07
:1074B200E6FD0002DA01F249F0E4F3F85688498267
:1074C2003D0AE6F8DE35E6F9E000DA01B6E6DA0171
:1074D2005A71DA01CA71F08EDA01144A0D02DA0128
:1074E2008872F3F8568849823D0328D148D03DF787
:0E74F200F3F856883D020FF40D010EF4698187
:06750000FCFEFCFDDB00B7
:0A750600D740E000F3F8E735DB00A2
:0A751000D740E000F3F8EA35DB0095
:08751A00ECFDECFEECFFF0D8E3
:10752200E00EDA01F249F0F4F3F856883D23F2F462
:10753200B2FF8AF41FC0F2FB50F0F04DC08AE6F8A9
:10754200DE35E6F9E000DA0150E649802D13E12844
:10755200F7F85688D180F6285088D750E000F2F428
:107562002826F2F52A26F6F45288F6F55488DA012E
:0C757200CA71E01EF08FDA01144AF04EDE
:08757E00FCFFFCFEFCFDDB003C
:10758600E6F5D007DA01387149802D04DA01507129
:10759600E108DB00F2F4B2FF9AF403C02851485028
:1075A6003DF948503D02E108DB007EBAF048C08450
:1075B600F6F4B0F0E6F5D0078ABA037028514850C1
:1075C6003DFB48503D02E108DB00F2F4B2F0F1C8A1
:1075D600DC4AB9C9DA01387149802D04DA015071E3
:0675E600E108DB00E118E2
:0275EC00DB00C2
:0275EE00ECFDB2
:1075F000DA01F249F0D4F3F856882D05F08DDA015E
:10760000144AE1080D09E118F7F856887FE42FEADB
:08761000F08DDA01144AE118C3
:04761800FCFDDB009A
:10761C00DA01F249F0547FE42FEAF78E5688F085B0
:04762C00DA01144A21
:02763000DB007D
:0C763200ECFDECFEECFFF0E9F0FAF0D803
:10763E00DA01AE7449802D0DD740E000F3F8E7353E
:10764E002D04F04D47F83F003D04DA01EE754980F8
:10765E003D02E1080D182EEAF04D47F83F002D03CC
:10766E00F04DF7F85788F0AFF09EF04DC088DA0174
:10767E008675F0E4F04E49802D03F04DF7F85788EB
:06768E00DA011C76F04E4B
:08769400FCFFFCFEFCFDDB0025
:10769C00ECFDECFEECFFF0DB88A08890F0E806F047
:0276AC00FEFFDF
:1076AE00E01FF04D49802D12F04D47F82000ED0EF1
:1076BE0046FE0004ED0BE6F50004205EF04DC0849E
:1076CE004045ED04DA01EE7549803D02E1080D3AC0
:1076DE007EE4F09066F9FF3FF2FA04FEE038DA013C
:1076EE00867549802D17F09066F9FF3FF2FA04FE79
:1076FE00F04E7C84C088DA01867549802D0BF0909F
:10770E0066F9FF3FF2FA04FEF04EC088DA01867584
:10771E0049803D01E00FE10E0D0CC0E4D4A0040041
:10772E00D49002000094E6F8FF00DA018675F0F4BA
:10773E0009E1F05D41EA9D03F04F49803DEEDA012B
:04774E001C76F04F66
:0A7752000806FCFFFCFEFCFDDB0056
:06775C00ECFD06F0FEFF4B
:10776200DA01EE7549803D02E1280D227EE4F090B7
:1077720066F9FF3FF2FA04FEE058DA0186754980A5
:107782002D0DF09066F9FF3FF2FA04FEE6F8FF00D5
:10779200DA01867549802D02E01D0D01E00DDA0146
:1077A2001C76F04D49802D03A98069810D01E128E5
:0677B2000802FCFDDB00F3
:1077B800ECFDECFEECFFF0DB88A08890F0E806F02A
:0277C800FEFFC2
:1077CA00F04D49802D1DF04D47F82000ED1946FE79
:1077DA000004ED16E6F50004205EF04DC086406513
:1077EA00ED0FF05E66F51F00006546F62000ED0815
:1077FA00DA015C7749803D04DA01EE7549803D0281
:10780A00E1080D517EE4F09066F9FF3FF2FA04FEBA
:10781A00E068DA018675F0F47FE47EE4F04F49808F
:10782A002D23F09066F9FF3FF2FA04FEE028DA0110
:10783A00867549802D19F09066F9FF3FF2FA04FE29
:10784A00F04E7C84C088DA01867549802D0DF0904F
:10785A0066F9FF3FF2FA04FEF04EC088DA01867537
:10786A0049802D02E0140D01E004F0F4E10E0D123E
:10787A00F09066F9FF3FF2FA04FEC0E6D450040025
:10788A00D44002000046DC45A984C088DA01867526
:10789A00F0F409E1F05D41EA9D03F04F49803DE8CB
:0678AA00DA011C76F04F2C
:0A78B0000806FCFFFCFEFCFDDB00F7
:10F092001B56F2F50EFE1B7402F50EFE1B4602F520
:08F0A2000CFEF2F40EFEDB008F
:10F0AA0048703D20F6F50EFEE60600007B66F2F19A
:10F0BA000CFEF2F50EFEF6F40EFEF6F10CFE7B6681
:10F0CA00F2F60CFEF2F40EFEE007DB00F015201259
:10F0DA00F6F40EFEF6F10CFE7B22F2F10EFE7C1126
:10F0EA00FFF10D132B17F0274C21E0F32031F01616
:10F0FA007C116C13702140529DE9F6F40EFEF6F570
:10F10A000CFE7B22F2F10EFE7C116C131B61F2F3F2
:10F11A000CFEF2F20EFE1B7102F30EFE2042305379
:10F12A009D03281100461057F064F075F041E00580
:02F13A00DB00F8
:10F13C00E0089AF504F0E0388140185081509AF7B5
:10F14C0005F07A8FF800816018708170DA01AAF0EE
:10F15C009AF803108160187081709AF8030081404E
:06F16C0018508150DB0089
:06F17200ECF5ECF4DB00FB
:10F17800AAF408F0AAF403E0F2F500FEDB00F2F5C9
:10F1880002FEDB00AAF403E0F2F504FEDB00F2F570
:04F1980006FEDB0094
:0EF19C00DC459834B836086228723DFADB0074
:0EF1AA00DC459964B966086128713DFADB0006
:0EF1B8009834DC47B836086228523DFADB0076
:10F1C600DC459834DC47B836086228223DF9E60368
:04F1D6000300DB0057
:020000040000FA
:103FEA00F0480D05DC4B99AADC49B9A80881A00C58
:063FFA003DF9F059DB0067
:020000040001F9
:10F4FC00F01AA00C2D0BDC499988DC4B298D2DF9C9
:10F50C008D02E014DB00E6F4FFFFDB00E004DB001F
:020000040000FA
:10DFE200F048F0590D0528B1F06ADC49B9C808813A
:06DFF20048B03DF9DB0020
:020000040001F9
:020006000000F8
:060008008980E0005CF4B9
:06000E00DF80E0007CF33E
:0400140006405888C2
:060018007F80E000E6F429
:04001E0007404888C7
:06002200B789E00044E68E
:0400280003406688A3
:06002C000F80E000CEF59C
:06003200D99DE0006AC840
:060038001580E000A6F5B2
:06003E001180E000BCF59A
:0400440012403488AA
:040048000540608887
:04004C00DE401CF77F
:0400500019400088CB
:040054001B4100F656
:040058000040478895
:06005C007F81E000FCF1D1
:06006200FF81E000FCEF4D
:0400680019401A8899
:06006C003F80E00066F594
:04007200074050886B
:060076000D80E000DEF544
:02007C00000082
:020000040000FA
:04000000FA003410BE
:04000800FA01C0F445
:04001000FA01C4F439
:04001800FA01C8F42D
:04002800FA01CCF419
:04004000FA00FC992D
:04004400FA005C9AC8
:04004800FA0162391E
:04005000FA009C997D
:04005800FA003C99D5
:04006000FA01F24D62
:04006400FA00BC9A48
:04007800FA01B85081
:04007C00FA00E6D8C8
:04008400FA01964E99
:04009400FA017A51A2
:04009800FA01A64E75
:0400A000FA014A50C7
:0400AC00FA01025102
:0400B800FA0138749D
:0400C000FA019A3C6B
:0400CC00FA0186515E
:0400D000FA00149E80
:0400D400FA00729E1E
:0400D800FA01DA73DC
:0400DC00FA00989DF1
:0400EC00FA00D09EA8
:0400F000FA00A09CD6
:04010400FA003CDDE4
:04011000FA001C9D38
:04011400FA00249C2D
:020000040005F5
:100000004C52433300050C0000000001254F000155
:10001000FFFFFFFF0AB0FFFFFFFFFFFFFFFFFFA58E
:100020002E34383C373B3A31343539373636303078
:1000300034393E433E42423B3C3E41403F3E3939EB
:10004000393E4346424644404042464544443F3F91
:100050003C4247494548484445464A494948434344
:100060003E44494B484A4A4748494C4C4C4B474709
:1000700041484B4D4B4D4E4B4B4C5050524E4A4AC3
:1000800043494C4E4C4F4F4D4D4E515152504E4E98
:10009000454B4F504F5152505051545554534E4E62
:1000A000444A4E5050525351505355565654505046
:1000B000464D50535254555153555859585654540F
:1000C000474E5253535456545356585A59575353F4
:1000D000495054555456575555575B5B5B585454CB
:1000E0004A5054555556585756585B5C5C595656AD
:1000F0004C53555757585A5858595C5E5E5B575782
:100100004C54565757585A5A595A5D5E5E5C585867
:100110004F5658595A5B5B5D5C5E6161615F5B5B2A
:1001200055596369747A7E8284848484848482804D
:100130005458616772787C80848484848482807E51
:1001400052565F6570767A7E8284848482807E7C5B
:1001500050545D636D73777B7F8181817F7D7B7977
:100160004F535B616B7175797D7F7F7F7D7B797785
:100170004D51595F696F73777B7D7D7D7B79777595
:100180004C50575D666C7074787A7A7A78767472AF
:100190004A4E555B646A6E727678787876747270BF
:1001A000494D535962686C70747676767472706ECD
:1001B000474B515760666A6E7274747472706E6CDD
:1001C00045494F555E64686C70727272706E6C6AED
:1001D00044484E545B6165696D6F6F6F6D6B696705
:1001E00042464C52595F63676B6D6D6D6B69676515
:1001F00041454A50575D6165696B6B6B6967656323
:100200003F43484E545A5E6266686868666462603E
:100210003C40444A50565A5E6264646462605E5C6C
:10022000939393939393939393939393939393939E
:10023000939393939393939393939393939393938E
:10024000939393939393939393939393939393937E
:10025000939393939393939393939393939393936E
:10026000939393939393939393939393939393935E
:10027000939393939393939393939393939393934E
:10028000939393939393939393939393939393933E
:10029000939393939393939393939393939393932E
:1002A000939393939393939393939393939393931E
:1002B000939393939393939393939393939393930E
:1002C00093939393939393939393939393939393FE
:1002D00093939393939393939393939393939393EE
:1002E00093939393939393939393939393939393DE
:1002F00093939393939393939393939393939393CE
:1003000093939393939393939393939393939393BD
:1003100093939393939393939393939393939393AD
:1003200000000000000000000000000000000000CD
:1003300000000000000000000000000000000000BD
:1003400000000000000000000000000000000000AD
:10035000000000000000000000000000000000009D
:10036000000000000000000000000000000000008D
:10037000000000000000000000000000000000007D
:10038000000000000000000000000000000000006D
:10039000000000000000000000000000000000005D
:1003A000000000000000000000000000000000004D
:1003B000000000000000000000000000000000003D
:1003C000000000000000000000000000000000002D
:1003D000000000000000000000000000000000001D
:1003E000000000000000000000000000000000000D
:1003F00000000000000000000000000000000000FD
:1004000000000000000000000000000000000000EC
:1004100000000000000000000000000000000000DC
:1004200002BC043F05C2074508C70A4A0BCD0D5060
:100430000ED3105611D9135C14DE166117E419643B
:1004400000140019001E00230028002D0032003780
:10045000003C00410046004B00500055005A00642B
:1004600000140019001E00230028002D0032003760
:10047000003C00410046004B00500055005A00640B
:10048000FFE3FFEDFFF70000000A0014001E002844
:100490000032003C00460050005A0064006E0078B4
:1004A0008C8985827F7B7875716E6B676464646408
:1004B000005600530050004D004E004F00500051B8
:1004C000005200530054005500550057005A005C7C
:1004D00096928F8B8783807C7874716D696966656D
:1004E000C8B9AA9B8C7D6E5F50413223141414143A
:1004F000051404EA04C10497046D0444041A03F0CB
:1005000003C7039D0373034A034803480348034892
:100510003C3A383432302E2A282624201E1E1E1E35
:10052000282725242321201F1D1C1B1918171514EB
:100530000000000000000000020407090C0F111465
:10054000FFFFFFFFFFFFFFFFFFFFFFFFFFFFFFFFBB
:10055000138811DB102F0E820CD60B29097D07D0D2
:100560000834077A06C00607054E049403DA032010
:1005700003E8A2C34F6D298C17DF0DA3081204FCFA
:1005800003300217016A00FC00B10080005E0047E2
:10059000003509C4753042681F4017700FA009C4A8
:1005A000070804B0032001F40190014000FA00B4F0
:1005B000008C0064000000120012001900210028C5
:1005C00000300037003F0046004E0055005D0064DB
:1005D00000690069FFFFFFFFFFFFFFFFFFFFFFFF55
:1005E000FFFFFFFFFFFFFFFFFFFFFFFFFFFFFFFF1B
:1005F000FFFFFFFF32010000000506196419323DBC
:100600000E1E5D58000102138805DC281E3228FFEB
:100610003C3C3C3C3C3C3C3C3C32281E19140F0A00
:100620000064C801190474FFFFFFFFFFFFFFFFFF15
:10063000FF06FF4DFF95FFDC0023006A00B200F9C2
:100640001C1F23262A2D31343214B4B48080FFFFBE
:10065000138813880000FFFFFFFFFFFFFFFFFFFF6E
:10066000FFFFFFFFFFFFFFFFFFFFFFFFFFFFFFFF9A
:10067000FFFFFFFFFFFFFFFFFFFFFFFFFFFFFFFF8A
:10068000FFFFFFFFFFFFFFFFFFFFFFFFFFFFFFFF7A
:10069000FFFFFFFFFFFFFFFFFFFFFFFFFFFFFFFF6A
:1006A000FFFFFFFFFFFFFFFFFFFFFFFFFFFFFFFF5A
:1006B000FFFFFFFFFFFFFFFFFFFFFFFFFFFFFFFF4A
:1006C000FFFFFFFFFFFFFFFFFFFFFFFFFFFFFFFF3A
:1006D000FFFFFFFFFFFFFFFFFFFFFFFFFFFFFFFF2A
:1006E000FFFFFFFFFFFFFFFFFFFFFFFFFFFFFFFF1A
:1006F000FFFFFFFFFFFFFFFFFFFFFFFFFFFFFFFF0A
:10070000FFFFFFFFFFFFFFFFFFFFFFFFFFFFFFFFF9
:10071000FFFFFFFFFFFFFFFFFFFFFFFFFFFFFFFFE9
:10072000FFFFFFFFFFFFFFFFFFFFFFFFFFFFFFFFD9
:10073000FFFFFFFFFFFFFFFFFFFFFFFFFFFFFFFFC9
:10074000FFFFFFFFFFFFFFFFFFFFFFFFFFFFFFFFB9
:100750007D9967FFFFFFFFFFFFFFFFFFFFFFFFFF29
:100760000032006400C801900258032003E805DC51
:10077000000A19324B5A00000164646464646464C2
:100780006464646464646464646464646464646429
:100790006464646464646464646464646464646419
:1007A00064646464646464646401F403E807D00B03
:1007B000B80FA0138817701B586464646464646481
:1007C00064018A00B4008F00810061004E06F405C8
:1007D00000B403270B1900321433025817701E643B
:1007E0008080808080808080808080808080808009
:1007F00080808080808080808080808080808080F9
:1008000080808080808080808080808080808080E8
:1008100080808080808080808080808080808080D8
:1008200080808080808080808080808080808080C8
:1008300080808080808080808080808080808080B8
:1008400080808080808080808080808080808080A8
:100850008080808080808080808080808080808098
:100860008080808080808080808080808080808088
:100870008080808080808080808080808080808078
:100880008080808080808080808080808080808068
:100890008080808080808080808080808080808058
:1008A0008080808080808080808080808080808048
:1008B0008080808080808080808080808080808038
:1008C0008080808080808080808080808080808028
:1008D0008080808080808080808080808080808018
:1008E000040001506404FF0A9195FFFFFF000255C8
:1008F00001016801680168016801F409C4119419D3
:10090000643CFFFFFFFFFFFFFFFFFFFFFFFFFFFF55
:10091000FFFFFFFFFFFFFFFFFFFFFFFFFFFFFFFFE7
:100920004C520005028A01C2012C01F4006400FA55
:1009300000B4009300050300065400961F40177092
:100940000032001E003C000000000000000000001B
:10095000000000000000000000000000000000C8CF
:10096000F83F000C80200080292C4108220103035D
:100970002710138805DC230407D005FA004200A8DD
:100980000012000075300BB80064C3500000000076
:100990000000000000000000000000000000000057
:1009A0000000000F0F0F0F0F0F0F0F0F0F0F0000A2
:1009B000000000000000000000000F0F0000000019
:1009C000000000000000000F00000000000F000009
:1009D0000000000000000000000000000000000F08
:1009E0000F00000F000F000000000F0F000F0000AD
:1009F0000F00000000000F000000000F00000000CA
:100A0000000F0000000F00000F00000000000000B9
:100A100000000000000000000000000000000000D6
:100A2000001002586810043301F400961519B3033E
:100A3000000410006400000000000000000000003E
:100A40000190032004B0064007D009600AF00C8032
:100A50000E100FA0113012C0145015E017701900BD
:100A60001E1E1E1A17171514121111111010101036
:100A70001414141D20242C2F2F2F3535383C4343BC
:100A800028283030302B2A282726262624232322E4
:100A90003C3C3C3C3C3C303030303030303030300E
:100AA0000404040404040404040404040404040406
:100AB0001010101010101010101010101010101036
:100AC0000F141B242D363F48515A6369757E879059
:100AD00000010203050607000000000000000000FE
:100AE0000000000000000000000000000000000006
:100AF00000000000000000000000000000000000F6
:100B000000000000000000000000000000000000E5
:100B100000000000000000000000000000000000D5
:100B200000000000000000000000000000000000C5
:100B300000000000000000000000000000000000B5
:100B400000000000000000000000000000000000A5
:100B50000000000000000000000000000000000095
:100B60000000000000000000000000000000000085
:100B70000000000000000000000000000000000075
:100B80000000000000000000000000000000000065
:100B90000000000000000000000000000000000055
:100BA0000000000000000000000000000000000045
:100BB0000000000000000000000000000000000035
:100BC0000000000000000000000000000000000025
:100BD0000000000000000000000000000000000015
:100BE0000000000000000000000000000000000005
:100BF00000000000000000000000000000000000F5
:100C000000000000000000000000000000000000E4
:100C100000000000000000000000000000000000D4
:00000001FF
