:020000040001F9
:10CB1A00ECF1ECF2ECF3ECF5ECF6ECF7ECFCE6F10C
:10CB2A00AA0AE6F25405E6F3AA00D7400000B83193
:10CB3A00E6F35500D7400000B83248B13D16E6F397
:10CB4A008000D7400000B831E6F3AA00D7400000C1
:10CB5A00B831E6F35500D7400000B832E6F33000AA
:10CB6A00DC48B839E6FAFFFF0D07E6F3A000D74024
:10CB7A000000B831DC48B8A9E6F7FFFFE6FC00017F
:10CB8A00A758A7A7DC48A859F065506A66F680003E
:10CB9A002D1066F520003D0728713DF228C13DF0B1
:10CBAA00B748B7B70DFDDC48A859505A66F580005A
:10CBBA003D06DC48A859405A3D02E0140D01E00444
:10CBCA00E6F3F000D7400000B831FCFCFCF7FCF6B5
:0ACBDA00FCF5FCF3FCF2FCF1DB00BB
:10C742007EB7E00DBB6148212D1A48222D214825D4
:10C752002D3446F208002D4148263D02B748B7B7AE
:10C76200E6F3FF0048233D02E6F3570048273D0465
:10C77200E6F25A00BB63F03DF023BB600DE3BB540D
:10C78200DC48A8A9F02A7C82BB59F02ABB570DDAF3
:10C79200BB4BBB44F00ABB42F01ABB40F07ABB3E33
:10C7A200F0EAF0A0BB6B0892F0A1BB680892F0A778
:10C7B200BB650892F0AEBB620DC5BB36BB54E6F357
:10C7C2008000D7400000B83BBB4EE6F33000DC48A7
:10C7D200B839E6FAFFFFBB5A0DB5BB16F082E00985
:10C7E200E004E005A758A7A7DC48A8A9004A00541E
:10C7F200089246F900408DF6E6F25A00BB1FF0643B
:10C80200BB2CF065BB2A0D9EA758A7A79AB7FC7050
:10C81200F2F2B2FE66F2FF007EB7CB00BBF5F0A2E9
:10C822005C8ABBF270A2CB00BBEFF082BBF7F09A3E
:10C832000EF9E6FBAA0AE6FC5405CB0066F2FF00FD
:10C84200F6F2B0FEE6F3FFFFA758A7A78AB7037078
:10C8520028313DFACB007EB7CB00F0267C82BBEEBE
:10C86200F026BBECCB00E6F3AA00D7400000B83BB1
:10C87200E6F35500D7400000B83CCB00BBF4E6F32A
:10C88200A000D7400000B83BDC48B8A9E6F3FFFFA0
:10C89200E6F60001A758A7A7DC48A849F054505A69
:10C8A20066F580002D0E66F420003D0528313DF22C
:10C8B20028613DF00D0ADC48A849504A66F4800020
:10C8C2003D04DC48A849404A2D0446FDFF009D0175
:0EC8D20008D1E6F3F000D7400000B83BCB00E1
:020000040000FA
:100F7800E60800FCCC00F2FFAEFFE6D70100A75858
:100F8800A7A7E6A800410A863F2E1A8600D21A892A
:100F980080FB0A896F00E6F100C0F6F1E0F1D1901C
:100FA800E6E80005E6E80004D190E6E80001E6EA94
:100FB8000060E60C0338E68A2E04E60D0028E68B6E
:100FC8006D04E60E0780E68CAE04E60A0CF8E6002F
:100FD8000000E6010100E602E000E60800FCE6F099
:100FE8000088E6F90100E6F80800F01870192D2FBE
:100FF800A758A7A7E005DC0998282D29F032DC09B5
:101008009848AAF21DE0AAF20EF0F0347C330EF3F1
:1010180006F300FDE0154C549150685BB853084145
:1010280028213DF30DE5DC099838A758A7A7DC442B
:10103800B9A30831184076F300C028217DF60DD8F1
:10104800A758A7A7B9A4084128217DFA0DD1E6F928
:101058000100E6F80000A758A7A7E6030300DC098B
:10106800A8282D3F08821890AAF22CF0F04266F2C8
:10107800FF3F3D05E004DC09A82808821890DC0938
:10108800A838088218908AF406E0F6F306FEDC0910
:10109800A83808821890DC09A9A808811890B9A373
:1010A80008318AF406E08AF304E00603010076F3C7
:1010B80000C0A758A7A728213DEE9AF8CC000881C0
:1010C80018900DC9C0435C1376F300FDE014F1A538
:1010D8004C458AF203709140684B0D01784BB84338
:1010E8000DBAD740E000F6FF4608E6FE5352D74057
:0A10F800E000F6FE4408FA0132CDD4
:020000040001F9
:04CD8800EA0094CD5C
:04CD8C00EA0094CD58
:04CD9000EA0094CD54
:10CD9400BE88E6A90000E6AA0000E6910000E6923B
:10CDA4000000E6930000E69400000FE01FE04FE867
:10CDB4005FE86FE87FEA1FEA3FEA2FE64FE60DFFE0
:10A8C200ECFDECFEECFFF0DCF06B88A0F0E8F0F9B8
:04A8D20006F0F2FF9B
:10A8D600F04066F4FF3FF2F504FE88508840E00C35
:10A8E600F0B6E08AF08E06F84007F09FDA010E9186
:10A8F6000804C4400600E108E48002000D05F48067
:10A9060002000981E4800200F460020049649D0AA5
:10A91600C066F04E0046F05FDC45F4845107C08502
:10A92600405D8DEDE6F40001E0058850F0C4E00AD4
:10A93600E00BC062F04E0042F05FDC45F4245007A5
:10A94600C026E007F04DE00520463057F0645C85F0
:10A956005C847C867056C029F06E0062F07FDC470E
:10A96600F4C65107C0C62069E007DA018AC9F08437
:10A97600F095DA01C88F0802C4400800D4A006008A
:10A98600F4E00200C0EC5C3CA920C02BF02B002CAC
:10A99600F04E0042F05FDC45F4845A07C089F04E61
:10A9A6000042F05FDC45F4845907C088DA01A290C2
:10A9B600C4400A00D4A00600F4E00200C0EC5C3CEF
:10A9C600A920C02BF02B002CF04E0042F05FDC4596
:10A9D600F4846207C089F04E0042F05FDC45F484DF
:10A9E6006107C088DA01A290C4400C00E044004030
:10A9F60066F4FF3FF2F504FE88508840E00CD4B0C0
:10AA06001200E08AF08E06F88907F09FDA010E91AF
:10AA16000804F0A4F4E00400C0E8F02E0028F03F9B
:10AA2600DC43F4829A07C089DC43F4829907C08824
:10AA3600DA01A290F0D4D4A00800D4900C00D480FF
:10AA46000A00DA01A29026F46400F054BCF5F06D19
:10AA5600E007DA01E0C8E6F66400E007DA01F8C8C4
:06AA660006F46400185024
:0CAA6C0006F01000FCFFFCFEFCFDDB000F
:10AA7800ECFDECFEECFF88C0F0DBF01AF0E8F0F932
:04AA880006F0FAFFDB
:10AA8C00E6F45622E6F5E000B840C4500200D74088
:10AA9C00E000F2F47421C4400400D740E000F3F865
:10AAAC00762149813D0CD4900200A880DC49A9880C
:10AABC0049823D0548102D0346F13200FD20E10C82
:10AACC00D4500200A840DC45E4C43500E6F664002E
:10AADC00D4500200A840DC45C4643800E6F664009B
:10AAEC00D4500200A840DC45C4643600E10CD450BC
:10AAFC000200A840DC45E4C44C00EA0016ADDC4979
:10AB0C00F48835003D15D4600400DC49C4683A0073
:10AB1C00E11CD4500200A840DC45E4C43500E0063A
:10AB2C00D4500200A840DC45C4645000EA0016ADC5
:10AB3C00E6F41027E0058850F0C4E6FAF0D8E6FBFE
:10AB4C00FFFFDC49D4483A00F064E007D44006002B
:10AB5C00E00520463057E6F66400E007DA01E0C86D
:10AB6C00F061E007DA018AC9F084F095DA01C88F48
:10AB7C000802F064D4500200A840DC45C4645000C4
:10AB8C00D4500800D4400600DC45F4845607C08637
:10AB9C00D4B00200A8A0DC4BD44A50004046BD59AA
:10ABAC00DC4BF48A4C003D0CE11CDC4BE4CA4C0041
:10ABBC00D4500200A840DC55C4E44400C4F4460060
:10ABCC00D4500800D4400600DC45F4845807C085F6
:10ABDC002851E0A41B54F2FB0CFEF2FA0EFED4300A
:10ABEC000200A820DC53D4824400D4924600F06EBC
:10ABFC002068F07F3079206A307B8D32DC43D45270
:10AC0C003A00E0A4F6F50EFE5B44F2FC0EFED450C6
:10AC1C000200A840DC45D4B45000F0ADD49008003C
:10AC2C00D4800600DA01C2A8F074D4900200A88087
:10AC3C00DC49D458360040579D13DC49C4783800A1
:10AC4C00D4500200A840DC55C4E44000C4F44200D7
:10AC5C000D07E10CD4500200A840DC45E4C44C00C4
:10AC6C00D4500200A840DC55D4644000D474420097
:10AC7C0020E630F7D4900800D480060006F80A09C4
:10AC8C00DA01528FF064E007F04EF05F2046305747
:10AC9C008D03E6F664000D2BD4900800D4800600DA
:10ACAC0006F80A09DA01528FF064E007206E307F53
:10ACBC00D4500200A840DC45D444380026F464008B
:10ACCC00E005DA01E0C8F0E4F0F5D4900800D48097
:10ACDC00060006F80A09DA01528FF064E007F04E1C
:10ACEC00F05FDA01F8C806F464001850F064D45030
:10ACFC000200A840DC45C4643600D4600400D45083
:0AAD0C000200A840DC45C4643A00D0
:0CAD160006F00800FCFFFCFEFCFDDB006A
:10A43400E6F45622E6F5E000F0A4F0B5E6F4742163
:10A44400E6F5E000F024F035DC43F4820A004981AB
:10A454002D06DC5BF4CA3200E4CA0800DB00DC49E8
:10A46400F488E205D086DC43D45208004056CD057A
:10A47400E11CDC4BE4CA0800DB00DC49F488E3059A
:0EA48400D0864056AD04E10CDC4BE4CA080063
:02A49200DB00ED
:10A49400ECFEECFFF0EAF0FB8890888006F0FCFF0D
:10A4A400E6F45622E6F5E000B840C4500200F08E0F
:10A4B40006F81009F09FDA01528FF084D4B002003C
:10A4C400A8A0DC4BF48A08003D0DE10CDC4BE4CA87
:10A4D4000900E10CD4500200A840DC45E4C40400A7
:10A4E400EA0002A6DC4BF48A0400EA3002A6D74054
:10A4F400E000F3F87E2149813D1EDC4BF48A3200F2
:10A504002D1AD740E000F3F81D263D15DC4BA98A2F
:10A5140049823D11D740E000F3F8BC2249823D0B4B
:10A52400DC4FF48EC0082D07DC4BF4AA150049A3B8
:10A534002D0E49A22D0CE11CDC4BE4CA0400E10CF5
:10A54400D4500200A840DC45E4C409000D58DC4B9B
:10A55400F48A09003D18E11CDC4BE4CA0900D4600C
:10A564000400D4700600D4500200A840DC55C46432
:10A574000E00C4741000D4B00200A8A0DC5BD46A3E
:10A584003E00C46A0A00D4700200A860DC47D456B6
:10A594000A004058FD03DC47C4860A00D740E000A7
:10A5A400F3F8C2223D0CD4500200A840DC45D45438
:10A5B4000A00D740E000F2F4C62240459D12D45070
:10A5C4000200A840DC55D4640E00D4741000D440BA
:10A5D4000400D45006002046305726F4F4013850C5
:10A5E4008D0EE11CD4500200A840DC45E4C40400F4
:0EA5F400E10CD4500200A840DC45E4C409008C
:0AA6020006F00800FCFFFCFEDB0080
:10A60C00ECFDECFEECFF88C0F0EAF0FB8890888053
:04A61C0006F0F8FF4D
:10A62000E6F45622E6F5E000B840C4500200E6F435
:10A630007421E6F5E000C4400400C4500600E00DBB
:10A64000D4B00E00D4A00C00D4800800D4900A002E
:10A65000DA0194A4D4B00200A8A0DC4BF48A320042
:10A660002D2BD740E000F3F81D263D26D740E00013
:10A67000F3F8A8202D21D740E000F3F81C262D1C6C
:10A68000DC5BD44A2400D45A2600D4600800D4707D
:10A690000A002046305728403850AD05DC4FF48E74
:10A6A0001A0049823D09D740E000F2F4062266F420
:10A6B00020013D02E0140D01E004F1C8DC4BE4CAC6
:10A6C0000500E10CD4500200A840DC45E4C40700BA
:10A6D000D4700E00D4600C00DC47F486D4059AF4E4
:10A6E0005040D4500200A840DC45A98449823D492D
:10A6F000D4900600D4800400DC49F4880600498127
:10A700003D40DC49F488020049813D3BDC49A848D2
:10A7100046F46400BD3606F60E09F097F086DA01BD
:10A72000528FD4900600D4800400DC49D458040031
:10A7300040549D27D740E000F2F406223D22D74046
:10A74000E000F2F418223D1DE6F440048840DC49A4
:10A75000A858E0A4F6F50EFE4B44F2FC0EFEDC4FCA
:10A76000D4BE1400E6FA0003D4901000D4800E008A
:10A77000DA01D2930802D4700200A860DC47E486B4
:10A780000700D4700600D4600400DC47F4860A0099
:10A7900049813D13E00CDC47D4B60800E6FAF00529
:10A7A000D4900E00D4800C00DA017093F064E6F5CA
:10A7B0006400F0452046F1C80D02E7FC6400D45067
:10A7C0000200A840DC45E4C40600D4900E00D4800A
:10A7D0000C00DC49F4C800062D1ADC49F48816097F
:10A7E0009AF41500D740E000F3F81E262D10D7404C
:10A7F000E000F3F8A8202D0BD740E000F3F81C266A
:10A800002D06D740E000F3F81D263D0178D1D45045
:10A810000200A840DC45A98449823D1CD4500600B2
:10A82000D4400400DC45F484120049813D13D74034
:10A83000E000F3F81D263D0E49C03D06DC49F488D2
:10A8400016099AF4010078D1DC49F48816099AF4C3
:10A85000011078D2DA013C7749803D0FE10CD450E9
:10A860000200A840DC45E4C40500E10CD45002001D
:10A87000A840DC45E4C40700E00DD740E000C2F486
:10A88000FE258840F04DC08CD4700400D4600200D6
:10A89000DC47F4860600C08BDC47F4860700C08ADC
:10A8A000DC47F4860400C089DC47F4860500C088D4
:06A8B000DA010E2008028F
:0CA8B60006F00E00FCFFFCFEFCFDDB00C9
:020000040000FA
:08400A00FF8CDC64000046009D
:100EF800600480045005B405D405D505E405E5056E
:100F08000006030605060706A107AF07B007B407E2
:100F18000009000CC8AF3075204EB0361027581B9A
:100F28008813AC0DC40908071405B603BC020802EF
:100F380086012201030405060708090A0B0C0D1B8C
:100F4800272D3F4043451A4B4A4D50565B61656813
:10630A00D740E000C2F5A620E6F4000C0B54F2F6E2
:0E631A000EFEE6F4A608E6F5E0000046DB0005
:10632800E6FB0E18E00AE6F8A608E6F9E000DA004F
:04633800DCDFDB00CB
:08633C00DC49B8A8E108DB0010
:10634400ECFDECFEECFF88B088A0F0E8F0F906F074
:02635400F6FF52
:10635600DC4FF48E000947F84C003D0EDC4FF48EFE
:10636600010947F852003D08F08E06F80209F09F31
:10637600DA01528F48442D0AE6FA0009D4900C003F
:10638600D4800A00DA003C63EA000876E6F40004EA
:10639600C4400600EA00B464E004B8400D7DA8409D
:1063A6005C14D45006000045F08E0084F09FDA019C
:1063B600528FC4400200D440060046F460043D34C7
:1063C600D4D00200C4D0080046FDD8FFCD05D44085
:1063D600080046F49600BD0DA8A05C1AD44006003D
:1063E60000A4D4900C00D4800A00DA003C63EA00D2
:1063F6000876A8402D4EA8405C14D45006000045EF
:10640600F08E0084F09F2882DA01528FD450080063
:106416004045CD3FD4A00600D4900C00D4800A009D
:10642600DA003C63EA000876D440060046F400042D
:106436003D03E6F4E02E0D0AD440060046F420049F
:106446003D03E6F458020D02E6F46400C44004007D
:10645600D4500400D44002004045ED11A8402D1947
:10646600A8405C14D45006000045F08E0084F09FCE
:106476002882DA01528FD450020040458D0AD4A0FA
:106486000600D4900C00D4800A00DA003C63EA00CF
:106496000876A8400841B840A84046F41000EA80B3
:1064A600A463D440060006F42000C4400600D4408D
:1064B600060046F46004EAF09E63E004B8400D3D31
:1064C600A870F02E0027F03FDC43F482000147F865
:1064D6008C00FD0BF0A706FA0001D4900C00D480C6
:1064E6000A00DA003C63EA000876DC43F422000284
:1064F60047F246008D0347F2DC00FD0BF0A706FAD3
:106506000002D4900C00D4800A00DA003C63EA0052
:106516000876DC43F482000347F86400FD0BF0A71D
:1065260006FA0003D4900C00D4800A00DA003C631B
:10653600EA000876A8400841B840A84046F40001A1
:106546008DBFE004B840EA009C66A8405C14F08E5B
:106556000084F09F06F89004DA01528F46F4E803AF
:10656600ED22A860F04E0046F05FDC45F484B004EE
:1065760047F864008D18A8405C14F08E0084F09FE4
:1065860006F8D004DA01528F46F4F4018D0CA840C7
:106596005C14F08E0084F09F06F8D004DA01528F66
:1065A60046F4C409FD0AE6FA9004D4900C00D4809F
:1065B6000A00DA003C63EA000876F08E06F8100955
:1065C600F09FDA01528FA850F06E0065F07FDC472D
:1065D600F4A6F004C0A54054ED24F08E06F8100988
:1065E600F09FDA01528FA850F06E0065F07FDC470D
:1065F600F4A60005C0A54054ED14A860F04E004670
:10660600F05FDC45F484100547F83C00ED0AA8600D
:10661600F04E0046F05FDC45F484F00547F8640070
:10662600FD0AE6FAF004D4900C00D4800A00DA00E1
:106636003C63EA000876A8405C14F08E0084F09F64
:1066460006F89405DA01528F46F45802ED17A84071
:106656002D1FA8405C14F08E0084F09F06F892056A
:10666600DA01528FF0D4A8405C14F08E0084F09FBB
:1066760006F89405DA01528F404D9D0AE6FA940514
:10668600D4900C00D4800A00DA003C63EA00087655
:10669600A8400841B840A84046F41000EA8050657A
:1066A600E004B840EA004A68A8405C14F08E008412
:1066B600F09F06F83005DA01528FC4400200A84068
:1066C6005C14F08E0084F09F06F84005DA01528FC4
:1066D600C4400400D440020046F4F4018D0AD440BC
:1066E600020046F47017ED05D440040046F4881302
:1066F600FD0AE6FA3005D4900C00D4800A00DA00D0
:106706003C63EA000876A8405C14F08E0084F09F93
:0467160006F810066B
:10671A00DA01528FC4400800D440080046F448F415
:10672A00CD14D440080046F4B80BAD0FA8402D177D
:10673A00A8405C14F08E0084F09F06F80E06DA0179
:10674A00528FD45008004045CD0AE6FA1006D4907C
:10675A000C00D4800A00DA003C63EA000876A860DC
:10676A00F04E0046F05FDC45F484200647F85000FE
:10677A00FD0AE6FA2006D4900C00D4800A00DA005A
:10678A003C63EA000876A8405C14F08E0084F09F0F
:10679A0006F84007DA01528F46F41027ED17A84091
:1067AA002D1FA8405C14F08E0084F09F06F83E0767
:1067BA00DA01528FF0D4A8405C14F08E0084F09F66
:1067CA0006F84007DA01528F404DED0AE6FA400713
:1067DA00D4900C00D4800A00DA003C63EA00087600
:1067EA00A8405C14F08E0084F09F06F88907DA014D
:1067FA00528F46F4E02EED17A8402D1FA8405C14D6
:10680A00F08E0084F09F06F88707DA01528FF0D4E1
:10681A00A8405C14F08E0084F09F06F88907DA011C
:10682A00528F404DED0AE6FA8907D4900C00D480C5
:10683A000A00DA003C63EA000876A8400841B8403A
:10684A00A84046F40800EA80AE66E6F45005C44063
:10685A0006000D57D4400600F08E0084F09FDA013E
:10686A00528F48402D0AD4400600F08E0084F09FD3
:10687A00DA01528F46F4204EFD0AD4A00600D490C5
:10688A000C00D4800A00DA003C63EA000876E004CF
:10689A00B8400D2DA8405C14D45006000045F08E77
:1068AA000084F09F0882DA01528FF0D4C4D002002B
:1068BA0048D02D10A8402D18A8405C14D4500600CA
:1068CA000045F08E0084F09FDA01528FD450020006
:1068DA004045ED0AD4A00600D4900C00D4800A00EA
:1068EA00DA003C63EA000876A8400841B840A840AC
:1068FA0046F410008DCFD440060006F42200C440AE
:10690A000600D440060046F47205FDA4E004B8402F
:10691A000D2EA8B0F02E002BF03FDC43F48228069F
:10692A0047F8F000FD0AE6FA2806D4900C00D48055
:10693A000A00DA003C63EA000876DC43F4C2500736
:10694A0047FC6400ED0748B02D0FDC43F4E24F0723
:10695A0041CEED0AE6FA5007D4900C00D4800A0022
:10696A00DA003C63EA000876A8400841B840A8402B
:10697A0048468DCFE004B8400D18A870F04E004785
:10698A00F05FDC45F484590747F864009D0BF0A7D3
:10699A0006FA5907D4900C00D4800A00DA003C6346
:1069AA00EA000876A8400841B840A84046F43000FA
:1069BA008DE4DC4FF48ED40567F8C8003D0EDC4F39
:1069CA00F48ED8054982ED09DC4FF48EE4053D05C5
:1069DA00DC4FF48E00064981FD0AE6FAD405D4900C
:1069EA000C00D4800A00DA003C63EA000876DC4F27
:1069FA00F4EEE20547FE4600CD0847FE7800AD05F5
:106A0A00DC4FF48EE305418ECD0AE6FAE205D49016
:106A1A000C00D4800A00DA003C63EA000876F08EA3
:106A2A0006F8DB05F09FDA01528FC4400200F08EAF
:106A3A0006F8DD05F09FDA01528FC4400400D44005
:106A4A00020046F4DC058D1B46F41027ED18D460CD
:106A5A00040046F6E8038D1340649D11F08E06F893
:106A6A00DF05F09FDA01528F46F4204EED08F08ED2
:106A7A0006F8DF05F09FDA01528F48403D0AE6FA30
:106A8A00DB05D4900C00D4800A00DA003C63EA00EB
:106A9A000876F08E06F8B207F09FDA01528FF0D42A
:106AAA00F08E06F8B007F09FDA01528F404D9D1A1A
:106ABA00F08E06F8B207F09FDA01528F46F4FF0310
:106ACA00ED11F08E06F8B007F09FDA01528FF0D47C
:026ADA00F08E3C
:106ADC0006F8B207F09FDA01528F204D46F464009D
:106AEC009D0AE6FAB007D4900C00D4800A00DA00B4
:106AFC003C63EA000876DC4FF4AECF0847FA0A0094
:106B0C008D1447FA5F00ED11DC4FF48ED0084981EB
:106B1C00ED0CDC4FF48EE60547F81400ED06DC4F67
:106B2C00F48EEC0547F86400FD0AE6FACF08D49021
:106B3C000C00D4800A00DA003C63EA000876DC4FD3
:106B4C00F4AE310747FA80008D1047FAC000ED0D06
:106B5C00DC4FF4AE320747FA8000ED0747FA4000ED
:106B6C008D04DC4FF48E30073D0AE6FA3007D490E2
:106B7C000C00D4800A00DA003C63EA000876DC5F83
:106B8C00F4AEC408F48EC308418A9D1147FAC800BC
:106B9C00ED0EDC4FF4AEC2082D0A47FA1000ED07DB
:106BAC00DC5FF4CEC908F48EC808418CFD0AE6FA05
:106BBC00C308D4900C00D4800A00DA003C63EA00CD
:106BCC000876DC4FF4AE010647FA32008D08DC4F34
:106BDC00F4CE020647FCFA00ED0241AC8D0AE6FA4F
:106BEC000106D4900C00D4800A00DA003C63EA0061
:106BFC000876F08E06F83006F09FDA01528F46F4D4
:106C0C001027ED11F08E06F83206F09FDA01528F44
:106C1C0046F41027ED08F08E06F83406F09FDA01E2
:106C2C00528F48402D0AE6FA3006D4900C00D480DE
:106C3C000A00DA003C63EA000876F08E06F80609D2
:106C4C00F09FDA01528F46F464008D18F08E06F82E
:106C5C000609F09FDA01528FF0D4F08E06F8040981
:106C6C00F09FDA01528F404DFD09F08E06F80409B1
:106C7C00F09FDA01528F46F4D007FD0AE6FA0409B8
:106C8C00D4900C00D4800A00DA003C63EA00087649
:106C9C00F08E06F80809F09FDA01528F46F4640072
:106CAC008D09F08E06F80809F09FDA01528F46F430
:106CBC008813FD0AE6FA0809D4900C00D4800A0067
:106CCC00DA003C63EA000876F08E06F80A09F09FB9
:106CDC00DA01528F46F40A008D12F08E06F80A097A
:106CEC00F09FDA01528F46F48813ED09F08E06F806
:106CFC000C09F09FDA01528F46F4D007FD0AE6FA30
:106D0C000A09D4900C00D4800A00DA003C63EA0033
:106D1C000876F08E06F80E09F09FDA01528F46F4D1
:106D2C0064008D1AF08E06F80E09F09FDA01528F6E
:106D3C0046F45802ED11F08E06F81009F09FDA01B6
:106D4C00528F48402D09F08E06F81009F09FDA0199
:106D5C00528F46F4DC00FD0AE6FA0E09D4900C00C2
:106D6C00D4800A00DA003C63EA000876F08E06F85C
:106D7C001209F09FDA01528F46F446008D1AF08EFC
:106D8C0006F81209F09FDA01528F46F4DC00ED117F
:106D9C00F08E06F81409F09FDA01528F48402D0945
:106DAC00F08E06F81409F09FDA01528F46F4640055
:106DBC00FD0AE6FA1209D4900C00D4800A00DA001D
:106DCC003C63EA000876DC4FF48E160967F8FC0089
:106DDC003D23F08E06F80506F09FDA01528F46F43B
:106DEC000F0EED1AF08E06F81809F09FDA01528F8B
:106DFC0046F45406ED11F08E06F81809F09FDA01EE
:106E0C00528FE6F53C00F6F40EFE5B55F2F40CFEE8
:106E1C00F2F60EFE48402D0AE6FA1809D4900C0042
:106E2C00D4800A00DA003C63EA000876DC4FF48E6A
:106E3C003A094981FD0AE6FA3A09D4900C00D4804B
:106E4C000A00DA003C63EA000876F08E06F81A09AC
:066E5C00F09FDA01528FE5
:106E620046F49CFFCD1BF08E06F81A09F09FDA015A
:106E7200528F46F4C800AD12F08E06F81C09F09F3E
:106E8200DA01528F46F4B80B8D09F08E06F81C0910
:106E9200F09FDA01528F46F41027FD0AE6FA1C0928
:106EA200D4900C00D4800A00DA003C63EA00087631
:106EB200F08E06F81E09F09FDA01528F46F488130D
:106EC2008D2DF08E06F81E09F09FDA01528F46F4DE
:106ED200E02EED24F08E06F82009F09FDA01528FA1
:106EE20046F414008D1BF08E06F82009F09FDA019B
:106EF200528F46F46400ED12F08E06F82209F09FDC
:106F0200DA01528F46F414008D09F08E06F8220938
:106F1200F09FDA01528F46F43200FD0AE6FA1E09AA
:106F2200D4900C00D4800A00DA003C63EA000876B0
:106F3200DC4FF48EB70747F86400ED19F08E06F8BF
:106F4200DB05F09FDA01528FF0D4F08E06F8B50718
:106F5200F09FDA01528F404D9D0ADC4FF4CEB40708
:106F62009AF60F70F1AC67FA4000C0A43D0AE6FA47
:106F7200B407D4900C00D4800A00DA003C63EA0023
:106F820008769AF64360DC4FF48ED4056984C08497
:106F92002D33F08E06F83009F09FDA01528F484007
:106FA2002D2BF08E06F83609F09FDA01528F46F447
:106FB20064008D22F08E06F83609F09FDA01528FB6
:106FC20046F4B80BED19DC4FF4AE380947FA3C0031
:106FD2008D1347FA6E00ED10DC4FF48E390947F835
:106FE2005000ED0ADC4FF48EB80747F88C00ED0430
:106FF200DC4FF48EB9073D0AE6FA3609D4900C004C
:10700200D4800A00DA003C63EA000876F08E06F8C3
:10701200BC07F09FDA01528FF0D4F08E06F8BA075F
:10702200F09FDA01528F404DED15F08E06F8BC0745
:10703200F09FDA01528F46F4E02EED0CDC4FF48E15
:10704200BF0747F86400ED06DC4FF48EC50847F829
:107052006400FD0AE6FABA07D4900C00D4800A0054
:10706200DA003C63EA000876DC4FF48ED4059AF429
:107072002620DC4FF48EAF072D18F08E06F8E705B8
:10708200F09FDA01528F46F4DC058D0FF08E06F880
:10709200DB05F09FDA01528FF0D4F08E06F8E70597
:1070A200F09FDA01528F404DFD0AE6FAE705D490CF
:1070B2000C00D4800A00DA003C63EA000876F08E05
:1070C20006F8E905F09FDA01528F46F41027ED0B1E
:1070D200DC4FF4AE58072D0747FA3200ED04DC4FBF
:1070E200F48E57072D0AE6FAE905D4900C00D480F5
:1070F2000A00DA003C63EA000876DC4FF48ED90518
:1071020049853D05DC4FF48EDA0549862D0AE6FAFB
:10711200D905D4900C00D4800A00DA003C63EA005E
:107122000876F08E06F82409F09FDA01528F46F4B1
:1071320014008D09F08E06F82409F09FDA01528FAF
:1071420046F4E803FD0AE6FA2409D4900C00D48040
:107152000A00DA003C63EA000876F08E06F83C0981
:10716200F09FDA01528FF054C450020048502D179C
:10717200F08E06F81009F09FDA01528FD450020007
:107182004045ED0346F52003FD0AE6FA3C09D4909A
:107192000C00D4800A00DA003C63EA000876F08E24
:1071A20006F81C09F09FDA01528FF064E007D44020
:1071B20002002D03D45002000D02E6F5FA00E0C4ED
:1071C2001B54F2F50CFEF2F40EFE20463057FD0A77
:1071D200E6FA3C09D4900C00D4800A00DA003C6341
:1071E200EA000876DC4FF4AE260949A1ED04DC4F33
:1071F200F48E27092D0AE6FA2609D4900C00D480D1
:0A7202000A00DA003C63EA00087697
:10720C00DC4FF48E00062D10DC4FF48E16096981CC
:10721C00C0843D0AE6FA1609D4900C00D4800A000A
:10722C00DA003C63EA00087649A02D4FF08E06F890
:10723C002809F09FDA01528F46F410278D3CF08E0E
:10724C0006F82809F09FDA01528F46F460EAED3314
:10725C00F08E06F82A09F09FDA01528F46F4F401F9
:10726C008D2AF08E06F82A09F09FDA01528F46F427
:10727C001027ED21F08E06F82C09F09FDA01528FC1
:10728C0046F40A008D18F08E06F82E09F09FDA01EC
:10729C00528F46F47E13ED0FF08E06F82E09F09FF8
:1072AC00DA01528FF0D4F08E06F82C09F09FDA0137
:1072BC00528F404D8D0AE6FA2809D4900C00D480E8
:1072CC000A00DA003C63EA000876F08E06F8300912
:1072DC00F09FDA01528F46F43075ED37F08E06F8D8
:1072EC003009F09FDA01528F48402D09F08E06F8D4
:1072FC003009F09FDA01528F46F4E8038D26DC4FFB
:10730C00F48E340947F86400ED20F08E06F832094B
:10731C00F09FDA01528F48402D22F08E06F8320988
:10732C00F09FDA01528F46F4E8038D0FF08E06F8C9
:10733C00E705F09FDA01528FF0D4F08E06F832098F
:10734C00F09FDA01528F404D8D0AE6FA3009D49045
:10735C000C00D4800A00DA003C63EA000876DC4FAB
:10736C00F48E4D0967F8F8003D7ADC4FF48E4E0927
:10737C0047F86400ED74DC4FF48E4F0947F8640055
:10738C00ED6EF08E06F85009F09FDA01528F4840EE
:10739C002D12F08E06F85009F09FDA01528F46F448
:1073AC00E8038D5DF08E06F85009F09FDA01528FDC
:1073BC0046F460EAED54F08E06F85209F09FDA01BB
:1073CC00528F48402D12F08E06F85209F09FDA01C8
:1073DC00528F46F4E8038D43F08E06F85209F09F65
:1073EC00DA01528F46F43075ED3AF08E06F85409F6
:1073FC00F09FDA01528F48402D12F08E06F8540996
:10740C00F09FDA01528F46F464008D29F08E06F855
:10741C005409F09FDA01528F46F41027ED20DC4F0F
:10742C00F48E560947F86400ED1ADC4FF48E5709B8
:10743C0047F86400ED14F08E06F85809F09FDA0155
:10744C00528F46F41027ED0BDC4FF48E5A0947F897
:10745C006400ED05DC4FF48E62094981FD0AE6FA01
:10746C004009D4900C00D4800A00DA003C63EA0096
:10747C000876E004B8400D18A870F04E0047F05F95
:10748C00DC45F484800967F8F0002D0BF0A706FAB0
:10749C008009D4900C00D4800A00DA003C63EA0026
:1074AC000876A8400841B840A84046F46B008DE42B
:1074BC00F08E06F85C09F09FDA01528F48403D10BF
:1074CC00F08E06F85E09F09FDA01528F48403D08B5
:1074DC00F08E06F86009F09FDA01528F48402D2F8C
:1074EC00F08E06F85E09F09FDA01528FF0D4F08E20
:1074FC0006F85C09F09FDA01528F404D9D17F08E13
:10750C0006F86009F09FDA01528F48402D0FF08E7B
:10751C0006F85E09F09FDA01528FF0D4F08E06F86F
:10752C006009F09FDA01528F404D8D09E6FA5C0933
:10753C00D4900C00D4800A00DA003C630D5FE004A8
:10754C00B8400D24A8405C14F08E0084F09F06F81F
:10755C00A307DA01528F46F40A008D0CA8405C1484
:10756C00F08E0084F09F06F8A307DA01528F46F4E0
:10757C00E803FD09E6FAA307D4900C00D4800A00B6
:04758C00DA003C6382
:107590000D3BA8400841B840A84048458DD9F08E21
:1075A00006F8A107F09FDA01528F46F40A008D1BFE
:1075B000F08E06F8A107F09FDA01528F46F4E80337
:1075C000ED12F08E06F8AD07F09FDA01528F46F407
:1075D000F4018D09F08E06F8AD07F09FDA01528FA5
:1075E00046F4A00FFD09E6FAA107D4900C00D48060
:1075F0000A00DA003C630D08E007D4500C00D440C8
:087600000A00DC45B874E11832
:0C76080006F00E00FCFFFCFEFCFDDB00A9
:10761400DA01CA1FF064D770E000F2F40426F2F530
:107624000626F6F4B020F6F5B220F086DA01EC1F57
:02763400DB0079
:10763600D740E000F3F8A7203D05D740E000F3F877
:1076460024242D02E108DB00DA000A63F0A4F0B579
:10765600E6FC000CD740E000F3F8A6205981C0856F
:10766600E6F4000C1B54F2F40EFEE6F8A608E6F962
:10767600E0000084DA00C6DFE118D740E000F7F842
:0A768600A720DA001476E118DB00FB
:10769000F069F07AD740E000F3F8A7202D11F04B05
:1076A00049802D0EF04B47F82000ED0A46F8000CFB
:1076B000ED07E6F5000C2058F04BC08C40C5FD02EC
:1076C000E108DB00F0B7F0A6D740E000F3F8A62011
:1076D0005981C085E6F4000C1B54F2F40EFE0048FC
:1076E000E6F8A608E6F9E0000084DA00C6DFDA0072
:0676F0001476E118DB0036
:1076F600D740E000F3F8A7203D02E108DB00E6FAF8
:10770600AC20E6FBE000D740E000F3F8A620598164
:10771600C085E6F4000C1B54F2F40EFEE6F8A6084B
:10772600E6F9E0000084DA00446349803D0CD75056
:10773600E000F2FA0426F2FB0626E029E008DA0168
:0A7746007E00E108DB00E118DB0023
:10775000ECFDF0D8DA00F67649802D08F04DC088AF
:10776000DA00727749802D02E0140D01E004FCFD7F
:02777000DB003C
:04777200ECFDECFE40
:10777600E00DDA000A63F024F035D740E000F3F8B4
:10778600A6205981C085E6F4000C1B54F2F60EFEC5
:10779600E6F4A608E6F5E0000046F0A4F0B5D7400A
:1077A600E000F3F8A7203D03E108EA000C79E006C3
:1077B6000D28F0465C24D7400000D494F80E0D182E
:1077C600F0420049F053DC45A9E4F04A0049F05B79
:1077D600DC45A984418E2D0BE01DF04849803D070C
:1077E600D740E000F6F9AC20E108EA000C790891F0
:1077F600F0465C24D7400000D454FA0E4059EDE020
:10780600086146F609008DD5DA01CA1FF0E4F04D8D
:1078160049802D1AD740E000F3F8BC2249812D0F8C
:10782600D740E000F3F856223D0AD740E000F3F8CF
:1078360004222D0AD740E000F3F802222D05F08E2F
:10784600DA01EC1FE1080D5FD740E000F3F8A6204F
:107856005981D750E000F7F8A620F2F4AA20084193
:10786600D740E000F6F4AA20E118D750E000F7F878
:10787600A820F78EA720E118D740E000F7F8A92046
:10788600F08EDA01EC1FD750E000F2FA0426F2FB84
:107896000626E009E008DA017E00F04D49802D3227
:1078A600E6FB7400E00AE6F87421E6F9E000DA0087
:1078B600DCDFD740E000F78E8B22E6F46400D74089
:1078C600E000F6F48E22E6F46400D740E000F6F419
:1078D6008C22E7F86400D740E000F7F86922E0154B
:1078E600D750E000F68EAA22F6F5AC22E6F40004A4
:1078F600D760E000F6F4B222F78E8A22F78E89224C
:06790600DA015C85E118C6
:06790C00FCFEFCFDDB00A7
:0E791200ECFDECFEECFFF0DB88A08890F0E8C6
:10792000F04E7C84F128D740E000F3F8A8202D1D0C
:10793000D740E000F3F8A7203D18D740E000F3F867
:1079400024243D13F04D49802D10F04D47F81000D0
:10795000ED0C46FE00049D09F05E66F5FF00F04D5B
:10796000C084004546F40001FD02E1080D47E10E28
:107970000D17C0EAD4900200A880F028002AF03940
:10798000DC43A9A2C026F4860E40418AED06DC4302
:10799000A9A2F4860A40418A9D02E1080D2F09E15F
:1079A000F05D41EA8DE6DA01CA1FF0F4F04DC08CBB
:1079B000D4B00200A8A0D740E000C2F5A620E6F4AB
:1079C000000C0B54F2F40EFE004EE6F8A608E6F9A1
:1079D000E0000084DA00C6DFD740E000F2F4AE2019
:1079E0000841D740E000F6F4AE20E118D740E000AF
:0C79F000F7F8A920F08FDA01EC1FE11875
:0A79FC000804FCFFFCFEFCFDDB00AC
:0A7A0600D740E000F78EA720DB0058
:107A1000D740E000F3F8A7202D10D750E000F2F691
:107A2000B020F2F7B220F0482046F059305726F443
:0C7A3000881338508D02DA00067ADB0063
:0A7A3C00ECFDECFEECFFF0E8F0F9C1
:107A4600E6FB000CE00AF09FF08EDA00DCDFE00DCA
:107A56000D18E7FE3C00F04E004DF05FDC45B9E442
:107A6600E7FE3C00F04E004DF05FDC45E4E400012B
:107A7600E7FE9300F04E004DF05FDC45E4E40002C3
:107A860008D146FD00018DE5E00DEA00FA7BE6F43B
:107A9600F4011BD4F2FA0EFEF04D5C14F08E008455
:107AA600F09F06F80004DA01668FE6F414001BD492
:107AB600F2FA0EFE06FA1400F04D5C14F08E008405
:107AC600F09F06F82004DA01668FE6F464001BD402
:107AD600E0F45B44F2FA0EFEF04D5C14F08E008486
:107AE600F09F06F84004DA01668FE0A40BD4F2FAA0
:107AF6000EFE06FAE2FFF04D5C14F08E0084F09F55
:107B060006F86004DA01668FE7FE6400F04E004D69
:107B1600F05FDC45E4E48004E6FAC800F04D5C144E
:107B2600F08E0084F09F06F89004DA01668FE7FE77
:107B36006E00F04E004DF05FDC45E4E4B004E7FE75
:107B46001E00F04E004DF05FDC45E4E4C004E6FAAA
:107B5600B603F04D5C14F08E0084F09F06F8D00456
:107B6600DA01668FE7FE1E00F04E004DF05FDC4541
:107B7600E4E4F004E7FE2800F04E004DF05FDC453B
:107B8600E4E40005E0541BD4F2F40EFEF1E8F04EF6
:107B9600004DF05FDC45E4E4F005F04D5C14D740A1
:107BA6000000D4A41C0FF04D5C14F08E0084F09FEE
:107BB60006F85205DA01668FF04D5C14D7400000D6
:107BC600D4A41C0FF04D5C14F08E0084F09F06F8D0
:107BD6007405DA01668FE6F414001BD4F2FA0EFE81
:107BE600F04D5C14F08E0084F09F06F89405DA01DF
:107BF600668F08D146FD1000EA80947AE6FABA0943
:107C0600F08E06F85005F09FDA01668FE6FABA099B
:107C1600F08E06F87205F09FDA01668FE00D0D5BB7
:107C2600E6FAB80BF04D5C14F08E0084F09F06F86F
:107C36003005DA01668FE6FA5203F04D5C14F08ED9
:107C46000084F09F06F84005DA01668FE6F4C80066
:107C56000BD4F2FA0EFE06FA44FDF04D5C14F08EDB
:107C66000084F09F06F81006DA01668FF05D5C2549
:107C7600E6F436002045F1E8F04E004DF05FDC45B5
:107C8600E4E42006E6F4C8001BD4F2FA0EFE06FA77
:107C96003200F04D5C14F08E0084F09F06F8400729
:107CA600DA01668FE6F4E8031BD4F2FA0EFE06FA52
:107CB600F401F04D5C14F08E0084F09F06F88907FD
:107CC600DA01668FE7FE3200F04E004DF05FDC45CC
:107CD600E4E4990708D146FD08008DA2E00D0D15D4
:107CE600E6F414001BD4F2F40EFEF1E8F04E004D5B
:107CF600F05FDC45E4E45007E7FE4000F04E004D3F
:107D0600F05FDC45E4E4280608D148D68DE9E00DAD
:107D1600E7FE64000D07F04E004DF05FDC45E4E43D
:107D2600590708D146FD30008DF6E11CDC4FE4CE44
:107D3600D805E15CDC4FE4CED905E16CDC4FE4CE3E
:107D4600DA05E6FA6419F08E06F8DB05F09FDA012B
:107D5600668FE6FA3818F08E06F8DD05F09FDA0130
:107D6600668FE6FA8813F08E06F8DF05F09FDA01D3
:107D7600668FE7FC5F00DC4FE4CEE205E7FC5A00C5
:107D8600DC4FE4CEE305E12CDC4FE4CEE505E12C47
:107D9600DC4FE4CEE605E7FC1400DC4FE4CEEC0550
:107DA600E7FC3200DC4FE4CEEE05E6FAAC0DF08ED1
:107DB60006F8E705F09FDA01668FE6FA0807F08E07
:107DC60006F8E905F09FDA01668FE7FC2300DC4F31
:107DD600E4CEEB05E1ACDC4FE4CE0306E7FC1E0087
:107DE600DC4FE4CE0406E7FC6400DC4FE4CE01067B
:107DF600E7FCC800DC4FE4CE0206E6FAD007F08EB8
:047E060006F8300644
:107E0A00F09FDA01668FE6FAF401F08E06F8320680
:107E1A00F09FDA01668FE7FC3200DC4FE4CE3007D0
:107E2A00E7FC8D00DC4FE4CE3107E7FC7300DC4F42
:107E3A00E4CE3207E7FC2800DC4FE4CE5607E12CFB
:107E4A00DC4FE4CE5807E6FA8A01F08E06F8A1075D
:107E5A00F09FDA01668FE00D0D12E6F43C001BD4A8
:107E6A00F2F40EFEE6FA5B0120A4F04D5C14F08EEB
:107E7A000084F09F06F8A307DA01668F08D148D577
:107E8A008DECE6FAF406F08E06F8AD07F09FDA01FB
:107E9A00668FE6FA3200F08E06F8B007F09FDA0134
:107EAA00668FE6FAB603F08E06F8B207F09FDA019B
:107EBA00668FE6FA5802F08E06F8BA07F09FDA01E2
:107ECA00668FE6FA7C15F08E06F8BC07F09FDA0199
:107EDA00668FE7FC3C00DC4FE4CEBE07E14CDC4F8A
:107EEA00E4CEC008E11CDC4FE4CEC208E7FC500037
:107EFA00DC4FE4CEC308E7FC6400DC4FE4CEC408E0
:107F0A00E7FC4E00DC4FE4CEC508E1ACDC4FE4CE22
:107F1A00C708E7FC9100DC4FE4CEC808E7FC9500EF
:107F2A00DC4FE4CEC908E7FC5500DC4FE4CECF08AD
:107F3A00E11CDC4FE4CED008E7FC4C00DC4FE4CE79
:107F4A000009E7FC5200DC4FE4CE0109E04AF08E5A
:107F5A0006F80209F09FDA01668FE6FA8A02F08EC5
:107F6A0006F80409F09FDA01668FE6FAC201F08E7C
:107F7A0006F80609F09FDA01668FE6FA2C01F08E00
:107F8A0006F80809F09FDA01668FE6FAF401F08E26
:107F9A0006F80A09F09FDA01668FE6FA6400F08EA5
:107FAA0006F80C09F09FDA01668FE6FAFA00F08EFD
:107FBA0006F80E09F09FDA01668FE6FAB400F08E31
:107FCA0006F81009F09FDA01668FE6FA9300F08E40
:107FDA0006F81209F09FDA01668FE05AF08E06F869
:107FEA001409F09FDA01668FE6FA5406F08E06F855
:107FFA001809F09FDA01668FE6FA6400F08E06F837
:10800A001A09F09FDA01668FE6FAA00FF08E06F8D9
:10801A001C09F09FDA01668FE6FA7017F08E06F8EF
:10802A001E09F09FDA01668FE6FA3200F08E06F832
:10803A002009F09FDA01668FE6FA1E00F08E06F834
:10804A002209F09FDA01668FE6FA3C00F08E06F804
:10805A002409F09FDA01668FE00D0D22D740000057
:10806A00F42D3C0FF1A269A7E0144C45F1A8C024F5
:10807A007C34F06E0064F07FDC47F4864009718A34
:10808A00DC47E4864009E1FED7400000F48D3C0F4E
:10809A00C086F04E0046F05FDC45E4E4800908D172
:1080AA0046FD1C008DDBE13CDC4FE4CE4E09E13C91
:1080BA00DC4FE4CE4F09E6FA1027F08E06F8500995
:1080CA00F09FDA01668FE6FA8813F08E06F85209F5
:1080DA00F09FDA01668FE6FADC05F08E06F854099D
:1080EA00F09FDA01668FE7FC2300DC4FE4CE5609E5
:1080FA00E14CDC4FE4CE5709E6FAD007F08E06F8D9
:10810A005809F09FDA01668FE15CDC4FE4CE5A0928
:10811A00E7FCFA00DC4FE4CE5B09E6FA4200F08E97
:10812A0006F85C09F09FDA01668FE6FAA800F08E7D
:10813A0006F85E09F09FDA01668FE6FA1200F08E01
:10814A0006F86009F09FDA01668FE10CDC4FE4CE95
:10815A006209E6FA3075F08E06F86409F09FDA01D2
:10816A00668FE6FAB80BF08E06F86609F09FDA0118
:10817A00668FE6FA6400F08E06F86809F09FDA0165
:10818A00668FE6FA50C3F08E06F86A09F09FDA01A4
:02819A00668FEE
:08819C00FCFFFCFEFCFDDB0012
:04401E000406050788
:080048000000FFFFAA5555AAB4
:10402800D740E000F3F84A342D05E118D740E00006
:10403800F7F84C34D750E000F6F83834F6F93A344B
:10404800D750E000F2F40426F2F50626D760E00027
:10405800F6F43C34F6F53E34F6FA4834F04BD750D3
:10406800E000F7F84D34F78E4B34E118D740E00004
:06407800F7F84A34DB00FA
:10407E00D740E000F3F84A342D1BD770E000F6F875
:10408E004034F6F94234F2F63834F2F73A34F04866
:10409E002046F0593057D750E000F6F44434F6F588
:1040AE004634E118D750E000F7F84B34F78E4A3417
:0240BE00DB0025
:1040C000D740E000F3F8562249823D20D740E00077
:1040D000F2F406223D1BD740E000F2F418223D1610
:1040E000D740E000F2F41A223D11D740E000F3F887
:1040F0002C223D0CD740E000F3F82D223D07D7409D
:10410000E000F3F858223D02E0140D01E004DB006A
:0A411000D740E000F78EC134DB0059
:10411A00DA00C040F128A9803D05D740E000F78EBB
:10412A00B934DB0049203D04D740E000F78EC134A2
:10413A00F04B47F81E002D04F04C4980EA206C42EF
:10414A00D740E000F3F8B9343D0ED750E000F6F856
:10415A00BA34F6F9BC34E118D750E000F7F8B934AC
:10416A00F7F2C134DB00D740E000C2F4B6340841AC
:10417A006847F148D740E000F3FAB73441A43D0D4F
:10418A00E118D750E000F7F8B834C2F4B734084160
:10419A006847D740E000F7F8B734D750E000F2F4A8
:1041AA00BA34F2F5BC34F0682064F0793075D7403F
:1041BA00E000C2F4B6345C24D760E000C4644E3434
:1041CA00C4745034C2F4B6345C14D740E000C4A4BA
:1041DA006E34F04C49802D02E11A0D01E10AD750E4
:1041EA00E000C2F4B634E4A49E34D750E000F2F6FC
:1041FA000426F2F70626D740E000C2F4B6345C245F
:10420A00D750E000C4647E34C474803449202D073A
:10421A00D740E000F3F8C1342D02E0140D01E004A8
:10422A00F1A8D760E000C2F4B634E4A4AE34F2F4E4
:10423A00BE34404A3D05D740E000F3FAC0340D01D0
:10424A00E10AD770E000C2F4B634E4A4A634F7F465
:10425A00B634F6F8BA34D750E000F6F9BC34F7F2BF
:02426A00C1345D
:02426C00DB0075
:10426E00ECFDECFEECFFF0E9F0FAF0D806F0FEFF04
:10427E00DA01CA1FF074F04DC086E0C40B64F2F58B
:10428E000EFED740E000D445B420B840D740E00041
:10429E00F4C5BE20DC4FB9CEF087DA01EC1FA84082
:0A42AE000802FCFFFCFEFCFDDB0033
:1042B800F04A47F86B008D02E108DB00F04AC0863F
:1042C8007C36F0480046F059DC45F4844009C08447
:0A42D800F05A69A76C456981DB000C
:1042E200F04A47F86B008D02E108DB00F04AC08615
:1042F200F0480046F059DC45F4C4800967FC0F0021
:1043020049C03D01E1FCF04B49813D02E11E0D1126
:10431200F04B49823D02E12E0D0CF04B49843D02E7
:10432200E14E0D07F04B47F808003D02E18E0D010A
:10433200E10E49E02D05F18C618E2D02E0140D0194
:02434200E00495
:02434400DB009C
:0A434600ECFDECFEECFFF0E8F0F9EE
:10435000E6FBAA01E00AF09FF08EDA00DCDFDA016A
:10436000CA1FF0D4E6FB1600E00AE6F83834E6F996
:10437000E000DA00DCDFE6FB7400E00AE6F84E3429
:10438000E6F9E000DA00DCDFF08DDA01EC1FE11C79
:06439000DC4FE4CEA401A5
:08439600FCFFFCFEFCFDDB0056
:10439E00ECFDECFEECFF88C088B088A0F0E8F0F9E8
:0443AE0006F0CCFF4A
:1043B200E6F81600008066F8FF3FF2F904FEDA0123
:1043C2002216DC4FD45E4601D4402C0040452D0D10
:1043D200E10CDC4FE4CEA301E10CDC4FE4CEA601FC
:1043E200D4602C00DC4FC46E4601DA01CA1FF0848F
:1043F200B880D740E000F3F84B34E4800800D7409F
:10440200E000F3F84A34E4800A00D740E000F3F811
:104412004C34E4800C00D750E000F2F44434F2F55E
:104422004634C4401200C4501400D740E000F2F4F5
:104432004834C4400200D750E000F2F43C34F2F5B4
:104442003E34C4400E00C4501000D750E000F78E36
:104452004B34F78E4C34DA01EC1FD4903A00D480FE
:10446200380006F85C09DA01528FC4400400D49087
:104472003A00D480380006F85E09DA01528FC4404F
:104482000600D4903A00D480380006F86009DA01B8
:10449200528FF0D4D44004003D04E6F44200C440FC
:1044A2000400D44006003D04E6F4A800C44006001F
:1044B20048D03D02E6FD1200F4800800EA205E4684
:1044C200D4502C00D440020040453D18F480300006
:1044D20049823D14D4400400F064E007D480120005
:1044E200D4901400F048F059204630578D07D4403C
:1044F2000600F064E00720863097FD21E10CDC4FD6
:10450200E4CEA301E10CDC4FE4CEA601E014884026
:10451200E0248840E6F44B008840D4504000D44068
:104522003E008850F0C4D4B03E00D4A03C00F09FBE
:10453200F08EDA00644806F00800EA00BC47DC4F5F
:10454200F48EA3012D40DC4FD4AE5601F02AE003D5
:10455200D4401200D450140020423053FD09D440FC
:104562001200D45014002042F0243053F0350D06CE
:10457200D4401200D450140020243035F082F0933D
:10458200F06DE007208630978D1EF06AE007D44078
:104592001200D450140020463057FD02E0160D01DF
:1045A200E006D4503A00D4403800DC45F484620975
:1045B2006981C0845046F1C8DC4FE4CEA701E11CFA
:1045C200DC4FE4CEA601D4401200D4501400F064B3
:1045D200DC4FC46E5601D4603C00D4703E00DC5FF8
:1045E200C46E6E01C47E7001E11CDC4FE4CEA301F7
:1045F200E0048840E0148840E6F41A008840D45071
:104602004000D4403E008850F0C4D4B03E00D4A054
:104612003C00F09FF08EDA00644806F00800E004E7
:104622008840DC4FF48EA6012D02E0140D01E00457
:104632008840E6F44B008840D4504000D4403E000D
:104642008850F0C4D4B03E00D4A03C00F09FF08E5D
:10465200DA00644806F00800EA00BC47F4800C0067
:104662002D21E10CDC4FE4CEA301E10CDC4FE4CEC2
:10467200A601E0148840E0248840E6F41A0088404D
:10468200D4504000D4403E008850F0C4D4B03E0024
:10469200D4A03C00F09FF08EDA00644806F00800D7
:1046A200EA00BC47D740E000F3F8562249823D4970
:1046B200F4800A002D46D4903A00D480380006F8DF
:1046C2005809DA01528F48402D09D4903A00D4801B
:1046D200380006F85809DA01528F0D02E6F4D007C5
:1046E200F084E009D4600E00D4701000D4403C0085
:1046F200D4503E002046305720483059FD22DA017E
:104702007E1FE10CDC4FE4CEA301E10CDC4FE4CED2
:10471200A601E0148840E0248840E6F41A008840AC
:10472200D4504000D4403E008850F0C4D4B03E0083
:10473200D4A03C00F09FF08EDA00644806F0080036
:104742000D3CD740E000F3F8562249822D36E10CA9
:10475200DC4FE4CEA301E10CDC4FE4CEA601E00481
:104762008840E0048840E6F41A008840D4504000B3
:04477200D4403E00F1
:104776008850F0C4D4B03E00D4A03C00F09FF08E28
:10478600DA00644806F00800E0048840E004884047
:10479600E6F44B008840D4504000D4403E00885098
:1047A600F0C4D4B03E00D4A03C00F09FF08EDA00F6
:1047B600644806F00800DC4FF48EA3012D2DD4903A
:1047C6003A00D480380006F85809DA01528F48407A
:1047D6002D09D4903A00D480380006F85809DA0139
:1047E600528F0D02E6F4D007F084E009DC5FD46E48
:1047F6006E01D47E7001D4403C00D4503E00204669
:10480600305720483059FD08E10CDC4FE4CEA301B7
:10481600E10CDC4FE4CEA601DA01CA1FB840D44051
:104826002C00D740E000F6F4BE34DC4FF48EA6012F
:104836002D08DC4FF48EA7012D02E0240D01E014B3
:104846000D01E108D740E000F7F8C034A880DA018E
:02485600EC1F55
:0C48580006F03A00FCFFFCFEFCFDDB005B
:10486400ECFEECFF88C088B088A0F0E8F0F906F010
:02487400FEFF45
:10487600F4A00A0047FA6B00EA90164BC0AAD4903F
:104886000800D4800600DA00B84249803D47E10AB4
:10489600F4C00A00C0C8D740E000E4A87C25E10EB9
:1048A600F04E0048F05FDC45E4E46B00E10EF48076
:1048B6000A00C086F04E0046F05FDC45B9E4F4C05D
:1048C6000A00C0C8F04E0048F05FDC45F484D6000C
:1048D6002D195C18D4500400D44002000048DC4571
:1048E600D444EA019AF40E00E024B840F0B066FB26
:1048F600FF3FF2FC04FEC0CAD4900400D48002003C
:10490600DA00F6ACE10EF4800A00C086F04E0046EE
:10491600F05FDC45E4E4D600EA00164BE11EF480C5
:104926000A00C086F04E0046F05FDC45E4E4D6009F
:10493600E11AF4C00A00C0C4D740E000E4A47C2514
:10494600F4A00C00EA20164B49A23D3FF4800E006D
:10495600C08BC0CAD4900800D4800600DA00E242B8
:1049660049803D33E024B840E10EF4800A00C08659
:10497600F04E0046F05FDC45E4E46B00E10EF480A7
:104986000A00C086F04E0046F05FDC45B9E4F4E06C
:104996000A00C0E65C16D4300400D4200200F042BF
:1049A6000046F053DC45D444EA018AF40200EA00EA
:1049B600164BF0B066FBFF3FF2FC04FEC0EAF09334
:1049C600F082DA00F6ACEA00164BF4600A0049639E
:1049D6008D0547F60C00ED02E1140D0DD4700800AC
:1049E600D4600600DC47F4864E092D04DC47F44605
:1049F6004E090D01E134D4700800D4600600DC478E
:104A0600F4864F092D04DC47F4264F090D01E132E7
:104A1600F4800C0049823D28E10EC066F04E004647
:104A2600F05FDC45E4E46B00F4E00A00C0E8F0AEB9
:104A360000A8F0BFDC4BA9AA41A49D05DC4BA98ABE
:104A46000981DC4BB98AF4800A00C086F04E004624
:104A5600F05FDC45A9A441A48D5BF4800E00C08400
:104A66005C847843B8400D25E10EF4800A00C086C8
:104A7600F04E0046F05FDC45B9E4F4E00A00C0E819
:104A8600F0AE00A8F0BFDC4BF4CA6B0041C29D0437
:104A960009C1DC4BE4CA6B00F4800A00C086F04E04
:104AA6000046F05FDC45F4A46B0041A28D31E024A2
:104AB600B840F4C00A00F1AC69A7E0144C45F1A86F
:104AC600C0C47C34F06E0064F07FDC47F4867E015F
:104AD600718ADC47E4867E01F4E00A00C0E65C16D3
:104AE600D4500400D44002000046DC45D444EA0118
:104AF60066F400107848B840F0B066FBFF3FF2FC61
:104B060004FEC0EAD4900400D4800200DA00F6ACB9
:0A4B160006F00800FCFFFCFEDB00C7
:0A4B2000F01CF02AF03B06F0FEFF47
:104B2A00E024B840E10AC02AD740E000E4AA7C2584
:104B3A00E10EF048004AF059DC45E4E46B00E10E6E
:104B4A00C026F0480046F059DC45B9E4C0265C1698
:104B5A00F0420046F053DC45D444EA019AF40A00D4
:104B6A00F0B066FBFF3FF2FC04FEC02AF093F0822D
:044B7A00DA00F6ACBB
:044B7E000802DB004E
:104B8200ECFDECFEECFF88C0F0EAF0FB8890888038
:044B920006F0FCFF2E
:104B9600F09066F9FF3FF2FA04FEF4800E00C0883A
:104BA600DA006E42C4400200F480100049813D22C2
:104BB600F4A012002D02E0840D01E004884049A013
:104BC6002D02E0240D01E0148840F4801000C0841A
:104BD6008840D4501000D4400E008850F0C4F0BF76
:104BE600F0AED4900E00D4800C00DA00644806F0D3
:104BF60008000D37F480100047F808003D02E04D2C
:104C06000D17A9802D04F480100049823D09F48017
:104C16000C0047F843003D02E04D0D01E04D0D0844
:104C2600D440020046F400028D02E01D0D01E02D85
:104C3600F04DC0848840E0248840F4801000C08491
:104C46008840D4501000D4400E008850F0C4F0BF05
:104C5600F0AED4900E00D4800C00DA00644806F062
:024C6600080044
:0C4C680006F00A00FCFFFCFEFCFDDB0077
:104C7400ECFDECFEECFF88C0F0EAF0FB8890888045
:044C840006F0FCFF3B
:104C8800F09066F9FF3FF2FA04FEE058DA006E424F
:104C9800C4400200D740E000F3F8862149813D2155
:104CA800F4A00C002D02E0840D01E004884049A026
:104CB8002D02E0240D01E0148840E6F465008840E8
:104CC800D4501000D4400E008850F0C4F0BFF0AEAD
:104CD800D4900E00D4800C00DA00644806F0080076
:104CE8000D2AA9802D06D740E000F3F886214982D5
:104CF8003D02E04D0D08D440020046F400028D024A
:104D0800E01D0D01E02DF04DC0848840E02488406E
:104D1800E6F465008840D4501000D4400E00885056
:104D2800F0C4F0BFF0AED4900E00D4800C00DA00CE
:064D3800644806F00800CB
:0C4D3E0006F00A00FCFFFCFEFCFDDB00A0
:104D4A004089CD03F04820490D02F0492048F0245B
:104D5A00E003F04B704C2D06F04BF05C26F4E803B0
:104D6A003850FD02E108DB00F04AE005F06BF07C08
:104D7A00DA01E0C8F084F095E6F6E803E007F042CD
:104D8A00F053DA01E0C820483059FD020FF40D0152
:044D9A000EF4698129
:024D9E00DB0038
:104DA000ECFDECFEECFF88C088B088A0F0E8F0F9DC
:044DB00006F0F2FF18
:104DB400D740E000F2F4DC21B840DA01CA1FF06405
:104DC400D750E000F2F41826F2F51A26C440020087
:104DD400C4500400D750E000F2F40426F2F506268D
:104DE400C4400600C4500800D4901400D4801200BB
:104DF400DC49F4885B092D04DC49F4885B090D0265
:104E0400E7F8FA00E4800A00E01DE108E4800C0001
:104E1400F086DA01EC1FD740E000F3F81E263D09C6
:104E2400E10CDC4FE4CEA201E10CDC4FE4CEA101A5
:104E34000D1CD740E000F3F8E2212D17E10CDC4F04
:104E4400E4CEA201A84046F41400FD02E11C0D01C9
:104E5400E10CDC4FE4CEA101D4600600D47008005C
:104E6400DC5FC46E4E01C47E5001DC4FF48EA101A0
:104E74002D24D740E000F3F8E2213D1FD460020066
:104E8400D4700400D4800600D4900800F048204672
:104E9400F059305726F4DC053850FD0FDC5FD46E32
:104EA4004E01D47E50012086309726F8881338901E
:104EB400ED04E11CDC4FE4CEA201DC5FD46E4E01B4
:104EC400D47E5001D4400600D45008002046305708
:104ED40026F488133850FD04E10CDC4FE4CEA10124
:104EE400F4800A00C085A86040569D05E02DE118B5
:104EF400E4800C000D1EDC4FF48EA2012D05E02D84
:104F0400E128E4800C000D15DC4FD47E4401F057F9
:104F140006F5500040569D05E02DE188E4800C0024
:104F24000D08D740E000F3F8E2213D0348703D014D
:104F3400E00DF4800C00C0848840F04DC0848840AB
:104F4400E6F468008840D4501A00D4401800885011
:104F5400F0C4D4B01800D4A01600F09FF08EDA008C
:0E4F6400644806F00800A860DC4FC46E4401EB
:0C4F720006F01400FCFFFCFEFCFDDB0060
:104F7E00ECFDECFEECFF88C088B088A0F0E8F0F9FC
:044F8E0006F0E0FF4A
:104F9200F08066F8FF3FF2F904FEDA012216DC4FD8
:104FA200F42E9E012D0EDC5FD46E4A01D47E4C019C
:104FB200D4401000D4501200204630572D02E01485
:104FC2000D01E004E4801E0049202D09DC4FD45E6F
:104FD2004201D440160040452D02E0140D01E004C8
:104FE200F0D4D740E000F3F81E263D37E10CDC4F49
:104FF200E4CE9F01E10CDC4FE4CEA001E004884046
:10500200E0048840E0D48840D4502C00D4402A00E8
:105012008850F0C4D4B02A00D4A02800F09FF08EAB
:10502200DA00644806F00800E0048840E0048840A2
:10503200E6F44A008840D4502C00D4402A0088501C
:10504200F0C4D4B02A00D4A02800F09FF08EDA0079
:10505200644806F00800EA005E51F4801E003D0B31
:10506200F04D49802D18DC4FF48E9F012D14F480F1
:105072001A0049822D10D4702600D4602400DC4727
:10508200F4864E092D04DC47F4C64E090D01E13CBD
:10509200DC4FE4CEA001DC4FF48EA0013D08DC4FD2
:1050A200F48E9F012D06F4801A0049822D02E0142D
:1050B2000D01E004F0D4E0448840F04D49802D0217
:1050C200E0240D07F4801C0049823D02E0140D012A
:1050D200E0048840E0D48840D4502C00D4402A0018
:1050E2008850F0C4D4B02A00D4A02800F09FF08EDB
:1050F200DA00644806F00800E0848840F04D4980F8
:105102002D02E0240D07F4801C0049823D02E014C8
:105112000D01E0048840E6F44A008840D4502C0097
:10512200D4402A008850F0C4D4B02A00D4A0280069
:10513200F09FF08EDA00644806F00800DC4FF4AE0F
:10514200A0012D0429A1DC4FE4AEA001F4801A00D5
:1051520049823D04E11CDC4FE4CE9F01D460100083
:10516200D4701200DC5FC46E4A01C47E4C01D4606C
:105172001600DC4FC46E4201E11CDC4FE4CE9E01FE
:0C51820006F02600FCFFFCFEFCFDDB003C
:10518E00ECFDECFEECFF88C0F0EAF0FB8890888026
:10519E00E03D0D18E0048840E0048840F04DC084E6
:1051AE008840D4500C00D4400A008850F0C4F0BFA0
:1051BE00F0AED4900A00D4800800DA00644806F0FD
:0C51CE00080008D1F04D47F80C00FDE48B
:0A51DA000806FCFFFCFEFCFDDB00F4
:1051E400E10CDC49E4C89D01E10CDC49E4C89B0105
:1051F400E10CDC49E4C89A01E006E007DC59C46824
:105204007A01C4787C01E006E007DC59C4687601C1
:10521400C4787801E0ABE00A06F89001DA00DCDF3C
:02522400DB00AD
:10522600ECFDECFEECFF88C088B088A0F0E8F0F951
:0452360006F0D6FFA9
:10523A00D740E000F3F8562249823D3ED740E000CD
:10524A00F3F8022249823D38D740E000F2F4062200
:10525A003D33D740E000F3F858223D2ED740E00016
:10526A00F2F418223D29D740E000F2F41A223D2434
:10527A00D740E000F3F82C223D1FD740E000F3F8B6
:10528A002D223D1AD740E000F2F4FC2146F4F40145
:10529A008D13D740E000F2F4FC2146F4581BED0CC4
:1052AA00D740E000F2F5A62246F5B0FFBD0546F567
:1052BA005000DD02E0140D01E004F0D4E10CDC4FF3
:1052CA00E4CE9C01DA01CA1FC4401600F04D4980A1
:1052DA002D05D740E000F3F8B8342D0BD770E00065
:1052EA00F3F8B634F7F8B734F78EB834F78EB93422
:1052FA00E00DD4801600DA01EC1FF04D49803D150F
:10530A00F09FF08EDA00E451D4503000D4402E00E1
:10531A008850F0C4D4B02E00D4A02C00F09FF08E98
:10532A00DA008E510802EA006C57DA01CA1FC4403B
:10533A001600D740E000F3F8B734F0D4D740E000C5
:10534A00F3FAB634F04D41A83D06D4801600DA01CE
:10535A00EC1FEA006C57F04DC0865C26D750E0007F
:10536A00D4464E34D4565034B840C4500200F04D9E
:10537A00C0845C14D740E000D4446E34C4401400A6
:10538A00F04DC084D740E000F4849E34E4801800D5
:10539A00F04DC084D740E000F484A634E4802200B3
:1053AA00F04DC084D740E000F484AE34E480240099
:1053BA00F04DC0865C26D750E000D4467E34D456E1
:1053CA008034C4400C00C4500E00D750E000F2F400
:1053DA000426F2F50626C4401000C4501200F04D0F
:1053EA00C08408416847D740E000F7F8B734D48052
:1053FA001600DA01EC1FD740E000F2F5FE21D4D006
:10540A001400405D3D25F48024002D22A840D4508C
:10541A00020070452D1DA840D450020026F490D0F9
:10542A003853ED16D4600C00D4700E00D44010002E
:10543A00D45012002046305726F4FA003850ED08AE
:10544A00F48018004981ED04F48022004982FD06A7
:10545A00F09FF08EDA00E451EA003453DC4FD45E58
:10546A004801405D3D0BDC4FF48E9A012D0BDC4F59
:10547A00F4AE8D01F480180041A83D04F09FF08E2F
:10548A00DA00E451D4601400DC5FC46E4801F48E83
:10549A009A014982EA800E57DC5FD44E7601D45EC7
:1054AA007801A860D4700200004610577C144AF5AF
:1054BA00F40F7C15C4400400C4500600DC5FD44ECF
:1054CA007A01D45E7C01C4400800C4500A00D4505A
:1054DA003000D4402E00DC45F48456092D08D450FF
:1054EA003000D4402E00DC45F48456090D02E7F85A
:1054FA002300E4801A00F4801A00C086E007D44032
:10550A000400D4500600DA01E0C8E6F66400E007B9
:10551A00DA01F8C8F064F075D4800400D49006006B
:10552A0000681079D4400800D4500A002046305749
:10553A00FD02E1180D01E108E4801C00F4801A0064
:10554A00C0845C14F064E007D4400400D450060020
:10555A00DA01E0C8E6F66400E007DA01F8C8F064A8
:10556A00F075D4800400D490060000681079D44005
:10557A000800D4500A0020463057FD02E1180D01F8
:10558A00E108E4801E00F4A01C00DC4FF48E9001B8
:10559A00018ADC4FE48E9001F4A01E00DC4FF48EE9
:1055AA009501018ADC5FE48E9501F48E8F012D311D
:1055BA00DC4FF48E8D01C0865C16DC4FF48E8F01B1
:1055CA0049823D02E0040D01E0140046F4841E40C5
:1055DA00E4802000F4A01C00F4802000C084F06E57
:1055EA000064F07FDC47F4868D01018ADC47E4869B
:0255FA008D0121
:1055FC00F4A01E00F4802000C084F06E0064F07FE4
:10560C00DC47F4869201018ADC47E48692010D04A2
:10561C00E11CDC4FE4CE9D01DC4FF48E9B01098133
:10562C00DC4FE48E9B0147F880008D6BD45030002A
:10563C00D4402E00DC45F48457092D08D45030009A
:10564C00D4402E00DC45F48457090D01E148E48078
:10565C002800E138E48026000D3BE0148840F480FB
:10566C00280049832D0BF480280047F808002D06EC
:10567C00DC4FF48E9D012D02E0040D10F480280007
:10568C00C086F04E0046F05FDC45F4A48D01F4803A
:10569C002A0041A88D02E0240D01E0148840F4801A
:1056AC002A00C0848840D4503600D440340088503E
:1056BC00F0C4D4B03400D4A03200F09FF08EDA00E5
:1056CC00644806F00800F48026000981E480260076
:1056DC00F480260047F80C00FDC0E10CDC4FE4CE52
:1056EC009D01E10CDC4FE4CE9B01E0ABE00AF08EB7
:1056FC0006F89001F09FDA00DCDFE11CDC4FE4CE11
:10570C009C01DC7FD46E7A01D47E7C01C46E760160
:10571C00C47E7801A860D4700200DC7FC46E7A016C
:10572C00C47E7C01F4CE8D01E4CE8C01F4C0180053
:10573C00DC6FE4CE8D01F4CE8F01E4CE8E01F4C08B
:10574C002200DC5FE4CE8F01F4AE9A0149A2EA900C
:10575C003453F18A0981DC4FE48E9A01EA00345308
:0C576C0006F03000FCFFFCFEFCFDDB0042
:10577800ECFDECFEECFF88C088B088A0F0E8F0F9FA
:0457880006F0FAFF2E
:10578C00D4900C00D4800A0006F85009DA01528F2C
:10579C00F084E009B880C4900200D4700C00D4608E
:1057AC000A00DC47F4863207C0845C34C440040031
:1057BC00DC47F4863107C08D5C3D70893D06E6F40C
:1057CC001027E005B840C4500200D740E000F3F8C1
:1057DC008A223D1FE006E007DC5FC46E6201C47ED6
:1057EC006401E0048840E0048840E6F42700884027
:1057FC00D4501200D44010008850F0C4D4B0100023
:10580C00D4A00E00F09FF08EDA00644806F0080079
:10581C000D72D740E000F2F6B222406D8D02E01D11
:10582C000D01E00DD45004004065ED02E11A0D01AC
:10583C00E10AF04D49803D2149A03D1FE006E007FB
:10584C00DC5FC46E6201C47E6401E0048840E01435
:10585C008840E6F427008840D4501200D440100051
:10586C008850F0C4D4B01000D4A00E00F09FF08E7D
:10587C00DA00644806F008000D3EDC5FD44E62018D
:10588C00D45E640170453D09D4600E00D4701000E4
:10589C00DC5FC46E6201C47E6401DC5FD46E6201A5
:1058AC00D47E6401D4400E00D450100020463057F2
:1058BC00A860D4700200204630578D1DF04D4980F1
:1058CC002D02E1180D01E128C0848840E0248840B5
:1058DC00E6F427008840D4501200D44010008850C1
:1058EC00F0C4D4B01000D4A00E00F09FF08EDA00FB
:0658FC00644806F00800FC
:0C59020006F00C00FCFFFCFEFCFDDB00CE
:10590E00ECFDECFEECFF88C088B088A0F0E8F0F962
:04591E0006F0F8FF98
:10592200D740E000F2F4DE21B840D4900E00D480DB
:105932000C0006F85209DA01528FC4400200D490DA
:105942000E00D4800C0006F85409DA01528FC440CC
:105952000400D4500E00D4400C00DC45F484000650
:105962002D2AE6FC2D00D4B00A00D4A00800F09F36
:10597200F08EDA00204BE6FC3F00D4B00A00D4A03F
:105982000800F09FF08EDA00204BE6FC4000D4B015
:105992000A00D4A00800F09FF08EDA00204BE6FC4B
:1059A2004500D4B00A00D4A00800F09FF08EDA00BF
:1059B200204BEA00685CD44002003D04E6F4881300
:1059C200C4400200D44004003D04E6F4DC05C440B7
:0E59D2000400D740E000F3FA8A2149A12D3BE2
:1059E00049A43D08A84046F4C4098D02E1180D0100
:1059F000E1280D01E188C0848840E0248840E6F475
:105A000045008840D4501400D44012008850F0C49F
:105A1000D4B01200D4A01000F09FF08EDA006448D9
:105A200006F00800E0148840E0248840E6F42D00E9
:105A30008840D4501400D44012008850F0C4D4B030
:105A40001200D4A01000F09FF08EDA00644806F037
:065A50000800EA00685C9A
:105A5600D4500E00D4400C00DC45F484C408C08544
:105A6600E0541B54F2F50EFEA86040569D02E02D50
:105A76000D14D4500E00D4400C00DC45F484C30849
:105A8600C085E0541B54F2F50EFE4056FD02E118A7
:105A96000D03DC4FF48EA501F0D4D740E000F3F8F7
:105AA6008A222D08D740E000F3F8562249823D02AB
:105AB600E0140D01E004E4800600F04D49802D500D
:105AC600DC4FF4AEA501F04D41A82D4ADC5FD4AE03
:0C5AD6006A01D4BE6C01F04A704B2D2F09
:105AE200D4801000D4901200208A309BE0148840A9
:105AF200F48008002D09D4400600F064E0072086F7
:105B02003097FD02E0240D01E0148840F04D4982F7
:105B12003D03E6F43F000D02E6F440008840D45015
:105B22001400D44012008850F0C4D4B01200D4A0A3
:0E5B32001000F09FF08EDA00644806F00800C4
:105B4000D4601000D4701200DC6FC46E6A01C47E91
:105B50006C01D44E52010841DC4FC44E5201F06D2D
:105B6000DC4FE4CEA501DC5FD44E6601D45E680153
:105B700070453D09D4601000D4701200DC5FC46E23
:105B80006601C47E6801F48006002D5ADC5FD44EA5
:105B90006601D45E6801D4801000D4901200208485
:105BA0003095D4400200F064E007208630978D489D
:105BB000E0448840DC4FD44E52012D02E0140D0128
:105BC000E0248840E6F445008840D4501400D440D6
:105BD00012008850F0C4D4B01200D4A01000F09F7E
:105BE000F08EDA00644806F00800E0148840DC4FCC
:105BF000D44E52012D02E0140D01E0248840E6F459
:105C00002D008840D4501400D44012008850F0C4B5
:105C1000D4B01200D4A01000F09FF08EDA006448D7
:105C200006F00800E006DC4FC46E5201D46010009C
:105C3000D4701200DC5FC46E6601C47E68010D1072
:105C4000F48006003D0DE006DC4FC46E5201D460C6
:105C50001000D4701200DC5FC46E6601C47E68015F
:085C6000A860DC4FC46E540182
:0C5C680006F00E00FCFFFCFEFCFDDB0063
:105C7400ECFDECFEECFF88C0F0EAF0FB8890888035
:045C840006F0FCFF2B
:105C8800D740E000F3FAC022B9A0E7F85600E48054
:105C98000200E01D49A03D2FE0048840E014884040
:105CA800E6F44D008840D4501000D4400E008850CF
:105CB800F0C4F0BFF0AED4900E00D4800C00DA002F
:105CC800644806F00800E0048840E0148840E6F4E0
:105CD80056008840D4501000D4400E008850F0C4BC
:105CE800F0BFF0AED4900E00D4800C00DA00644807
:105CF80006F008000D32A98049823D02E02D0D14FE
:105D0800A98049833D02E04D0D0FA98049843D02D9
:105D1800E08D0D0AE7F84D00E4800200A98049856E
:105D28003D02E04D0D01E08DF04DC0848840E02437
:105D38008840F4800600C0848840D4501000D440C5
:105D48000E008850F0C4F0BFF0AED4900E00D4809E
:0A5D58000C00DA00644806F00800B1
:0C5D620006F00A00FCFFFCFEFCFDDB006C
:045D6E0006F0F4FF48
:105D7200E6F45713C4400800E6F46824C4400A005D
:105D8200E10E0D0AC0E95C19D7400000D469480051
:105D9200F0400049B86409E149E48DF4E10E0D0DCB
:105DA200C0E85C18D7400000D4584800F010001832
:105DB20048592D02E1080D3309E149E48DF1D4502F
:105DC2000A00D4400800004546F4BF373D19D450BC
:105DD2000800D4400A00204546F411113D11D45068
:105DE2000A00D4400800504546F43F373D09D450DC
:105DF2000800E0341B54F2F40EFE46F4053A2D027C
:105E0200E1080D0DE10E0D08E0144C4766F40F0099
:0E5E12003D02E1080D0409E149E48DF6E118B6
:065E200006F00C00DB009F
:105E2600ECFEECFF88C0F0EAF0FBF028F039DC432A
:105E3600F482A8013D0ADA006E5D49802D02E11C5C
:105E46000D01E12CDC43E4C2A801E0148840DC43E8
:105E5600F482A80149813D02E0140D01E024884046
:105E6600E6F450008840D4500800D440060088501C
:105E7600F0C4F0BFF0AEF093F082DA00644806F0AA
:0A5E860008000802FCFFFCFEDB0030
:105E9000ECFDECFEECFF88C088B088A0F0E8F0F9DB
:045EA00006F0F4FF15
:105EA400E108E4800400E108E4800600E108E480FD
:105EB4000800E108E4800A00E00DDC4FF48EA40140
:105EC4003D04F09FF08EDA004643E0EBE00AF08EEA
:105ED40006F87E01F09FDA00DCDFDC5FD46E72012D
:105EE400D47E7401D4401000D450120020463057A0
:105EF400B840C4500200DC4FF48EA901EA20766059
:105F0400D4901600D480140006F86409DA01528F84
:105F140048402D0AD4901600D480140006F8640971
:105F2400DA01528FF0A40D02E6FA3075A8B0D4C09D
:105F34000200DC4FD49E5801D740E000F2F87421EF
:105F4400DA004A4DE4800400D4901600D480140092
:105F540006F86609DA01528F48402D0AD4901600DB
:105F6400D480140006F86609DA01528FF0A40D02F9
:105F7400E6FAB80BA8B0D4C00200DC4FD49E5A0194
:105F8400D740E000F2F87821DA004A4DE4800600B8
:105F9400D4901600D480140006F86809DA01528FF0
:105FA40048402D0AD4901600D480140006F86809DD
:105FB400DA01528FF0A40D02E6FA6400A8B0D4C04E
:105FC4000200DC4FD49E5C01D740E000F2F880214F
:105FD400DA004A4DE4800800D4901600D4801400FE
:105FE40006F86809DA01528F48402D0AD490160049
:105FF400D480140006F86809DA01528FF0A40D0267
:10600400E6FA6400A8B0D4C00200DC4FD49E5E015E
:10601400D740E000F2F87C21DA004A4DE4800A001F
:10602400D740E000F3F8562249823D23D49016006D
:10603400D480140006F86A09DA01528F48402D0A08
:10604400D4901600D480140006F86A09DA01528F3D
:10605400F0A40D02E6FA50C3A8B0D4C00200DC4F8D
:10606400D49E6001D740E000F2F88421DA004A4D62
:10607400F0D4D4601000D4701200DC5FC46E7201DE
:10608400C47E7401F4800400C0848840D740E000DA
:10609400C2F476218840E0848840E6F41B008840FE
:1060A400D4501E00D4401C008850F0C4D4B0180052
:1060B400D4A01600F09FF08EDA00824B06F00A009E
:1060C400F4800600C0848840D740E000C2F47A21FE
:1060D4008840E0048840E6F443008840D4501E0021
:1060E400D4401C008850F0C4D4B01800D4A01600CA
:1060F400F09FF08EDA00824B06F00A00F48008006C
:10610400C0848840D740E000C2F482218840E0B4D3
:106114008840E6F45B008840D4501E00D4401C0044
:106124008850F0C4D4B01800D4A01600F09FF08EAC
:10613400DA00824B06F00A00F4800A00C08488402A
:10614400D740E000C2F47E218840E0A48840E6F411
:1061540061008840D4501E00D4401C008850F0C414
:10616400D4B01800D4A01600F09FF08EDA00824B51
:1061740006F00A00F04DC0848840D4501800D44082
:1061840016008850F0C4D4B01200D4A01000F09FC0
:10619400F08EDA00744C0804D4501600D440140075
:1061A4008850F0C4D4B01000D4A00E00F09FF08E3C
:1061B400DA00A04D0802D4501600D44014008850D0
:1061C400F0C4D4B01000D4A00E00F09FF08EDA001A
:1061D4007E4F0802D4401000D450120088508840EA
:1061E400D4501A00D44018008850F0C4D4B014001D
:1061F400D4A01200F09FF08EDA009E430806D4501B
:106204001600D44014008850F0C4D4B01000D4A0B8
:106214000E00F09FF08EDA0026520802D4401000DF
:10622400D450120088508840D4501A00D44018002A
:106234008850F0C4D4B01400D4A01200F09FF08EA3
:10624400DA0078570806D4401000D4501200885061
:106254008840D4501A00D44018008850F0C4D4B0F8
:02626400140024
:10626600D4A01200F09FF08EDA000E590806D45022
:106276001600D44014008850F0C4D4B01000D4A046
:106286000E00F09FF08EDA00745C0802D4501600FF
:10629600D44014008850F0C4D4B01000D4A00E002E
:1062A600F09FF08EDA00265E0802D740E000F2F694
:1062B6007421DC4FC46E5801D740E000F2F6782115
:1062C600DC4FC46E5A01D740E000F2F68021DC4F65
:1062D600C46E5C01D740E000F2F67C21DC4FC46E50
:1062E6005E01D740E000F2F68421DC4FC46E600107
:0862F600E11CDC4FE4CEA9011C
:0C62FE0006F01200FCFFFCFEFCFDDB00C3
:020000040001F9
:10469E00ECFEECFF88C088B088A0F0E8F0F906F0D8
:0246AE00FCFF0F
:1046B000E6F45622E6F5E000B840C4500200E6F801
:1046C0005622E6F9E000DC49F48832002D09D45086
:1046D0000600D4400400DC45F4841A0049822D14FD
:1046E000E10CDC49B9C8E10CD4500200A840DC451B
:1046F000E4C43000D4500200A840DC55C4E41C00DF
:10470000C4F41E00EA001A48DC49A9883D03E11CF4
:10471000DC49B9C8D4500200A840DC45A9844982CC
:104720003D1ED4900A00D480080006F80609DA017C
:10473000528FD4700600D4600400DC47D4561400B5
:1047400040549D0DE11CD4500200A840DC45B9C482
:10475000E10CD4500200A840DC45E4C43000D45041
:104760000200A840DC45A98449813D57D4900A0045
:10477000D480080006F80409DA01528FD4700600CC
:10478000D4600400DC47D456140040548D3FD490CC
:104790000200A880DC49F48830003D0CE11CDC49B3
:1047A000E4C83000D4500200A840DC55C4E418002E
:1047B000C4F41A00D4900A00D480080006F808094E
:1047C000DA01528FF084E009D4B00200A8A0DC5BCB
:1047D000D46A1800D47A1A00F04E2046F05F3057A1
:1047E000204830598D1AE12CDC4BB9CAD450020054
:1047F000A840DC55C4E41C00C4F41E00E10CD450F5
:104800000200A840DC45E4C430000D07E10CD450A0
:0A4810000200A840DC45E4C43000BB
:0A481A0006F00A00FCFFFCFEDB00C4
:10482400ECFDECFEECFF88C0F0EAF0FB8890888099
:0448340006F0F6FF95
:10483800E6F45622E6F5E000B840C4500200E6F47B
:104848007421E6F5E000C4400400C4500600E00608
:10485800D4501400D4401200DC45C4640600E006BD
:10486800D4501400D4401200DC45C4640400E10CA8
:10487800D4501400D4401200DC45E4C41900E10C03
:10488800D4501400D4401200DC45E4C41800D4907D
:104898001000D4800E0006F8DB05DA01528FDC4FD9
:1048A800D45E140040548D08E11CD4500200A84086
:1048B800DC45E4C401000D14D4901000D4800E002F
:1048C80006F8DD05DA01528FDC4FD45E140040543F
:1048D800ED07E10CD4500200A840DC45E4C4010017
:1048E800D4501000D4400E00DC45F484B407C084D2
:1048F8007C14F0D468D3D4500200A840DC45F4847A
:1049080001002D1CF04D49822D0BD4701400D46089
:104918001200DC47D44604007841DC47C446040052
:10492800F04D49812D0BD4701400D4601200DC477F
:10493800D44606007841DC47C4460600D4901000EF
:10494800D4800E0006F8B507DA01528FC44008007B
:10495800D4901000D4800E00DC49F488B4079AF48F
:104968004400D46008002D41DC4FD45E140040564A
:024978008D3C74
:10497A0006F8DB05DA01528FF074D440080020747F
:10498A00DC4FD46E14002064D4501000D4400E00C2
:10499A00DC45F484B707C0841B64F2F50CFEF2F41C
:1049AA000EFEF6F40EFEF6F50CFE7B77F2F40EFE22
:1049BA00F07446F76400FD02E6F76400F04D4982A0
:1049CA002D08F1CED4501400D4401200DC45E4C4C2
:1049DA001800F04D49812D08F1CED4501400D4406E
:0849EA001200DC45E4C41900D1
:1049F200D4501400D4401200DC45F4841800D7507F
:104A0200E000F7F8D534F78ED634D4800A00D4907B
:104A12000C00DA018C6D49802D1DD4501000D44059
:104A22000E00DC45F484C508C085E0A40B54F2F600
:104A32000EFED4500600D4400400DC45A844404693
:104A4200CD09D4500200A840DC45A98449823D0228
:104A5200E0140D01E004F1C8D4500200A840DC4586
:104A6200E4C40300D4500200A840DC45F4840300EF
:104A72002D34D4901000D4800E0006F8E705DA0138
:104A8200528FDC4FD45E140040548D27D450100056
:104A9200D4400E00DC45F484B407C0847C44F0D4D6
:104AA20068D3F04D49822D0BD4701400D4601200EB
:104AB200DC47D44604003FF4DC47C4460400F04D12
:104AC20049812D0BD4701400D4601200DC47D44607
:104AD20006003FF4DC47C4460600D4901000D480A0
:104AE2000E0006F83209DA01528FC4400800D45091
:104AF2000200A840DC45F48403002D74D490100019
:104B0200D4800E00DC49F488B4079AF46B30D46088
:0E4B120008002D68DC4FD45E140040568D6301
:104B200006F8E705DA01528FD45008002045F064FA
:104B3000E007DC4FD48E14002085D4B01000D4A040
:104B40000E00DC4BF48A3409C0841B84F2F50CFEA1
:104B5000F2F40EFEDA01F8C8F084F095DC4BF48A2A
:104B6000B407C0847C44F0D468D3D4501000D4403F
:104B70000E00DC45F4843409C08AE00BF048F0599B
:104B8000204A305BFD02F08AF09BF018D740E0002D
:104B9000F7F2D634F04D49822D11D4B01400D4A0D0
:104BA0001200DC4BF48A1800C086E007F048F05988
:104BB00020463057FD03DC4BE42A1800F04D4981B4
:104BC0002D12D4B01400D4A01200DC4BF48A1900CA
:104BD000C086E007F048F05920463057FD04F068E1
:064BE000DC4BE4CA1900E1
:104BE600D4B00200A8A0DC4BD47A3C0006F7C8007B
:104BF600D4D01000D4C00E00DC4DF48CD4059AF449
:104C06003F10DC4BA98A49823D3BD4900600D480F4
:104C16000400DC49F488020049813D32DC49F4880D
:104C2600060049813D2DDC49F4880A0049813D286A
:104C3600DC49D448080046F43C00CD22DC49A848AB
:104C460046F41400AD1DDC4DF48CEB05C086DC4942
:104C5600D44804004046AD14DC4BF48A02002D0211
:104C6600F0670D0706FCE905F09DF08CDA01528F1E
:104C7600F064DC4FD44E14004046FD02E0140D01F2
:104C8600E004F1A849A03D0FE10CD4500200A84071
:104C9600DC45E4C40200E10CD4500200A840DC4527
:104CA600E4C431000D3BD4900200A880DC49F488AE
:104CB60031003D10E11CDC49E4C83100D4600A0033
:104CC600D4700C00D4500200A840DC55C464200007
:104CD600C4742200D4501000D4400E00DC45F48485
:104CE6000306C085E6F464001B54F2FB0CFEF2FAE0
:104CF6000EFED4300200A820DC53D4822000D492C9
:104D06002200D4600A00D4700C0020683079206A32
:104D1600307B8D04E11CDC43E4C20200D450020067
:104D2600A840DC45F48402002D0BD4701400D46036
:104D36001200DC47D44604007842DC47C44604002F
:104D4600D4500200A840DC45A98449813D19D4709D
:104D56000600D4600400DC47F486020049813D1059
:104D6600DC47A84646F48403CD0BD4701400D46007
:104D76001200DC47D44604007844DC47C4460400ED
:104D8600D4500600D4400400DC45F4840600498172
:104D96003D27D4901000D4800E0006F80E09DA01E3
:104DA600528FD4700600D4600400DC47D456040049
:104DB6004054FD16D4701400D4601200DC47D4466B
:104DC60004004FF4DC47C4460400D4701400D460D9
:104DD6001200DC47D44606004FF4DC47C446060002
:104DE600D4501400D44012008850F0C4F0BFF0AE86
:0E4DF600D4800C00D4900E00DA01946B0802F9
:0C4E040006F01000FCFFFCFEFCFDDB00D3
:020000040000FA
:050039004C52463100AD
:020000040001F9
:10006A00E6FBE000E00AE6F85833E6F9E000DA00D9
:04007A00DCDFDB00EC
:10007E00F04849869D65E0174C78F04949803D0C63
:10008E00F0579150D740E000F2F4A0336045D740CE
:10009E00E000F6F4A033DB00F048C085E0C40B545A
:1000AE00F2F60EFEE6F45833E6F5E0000046F024D4
:1000BE00F035D740E000F2F4A03360472D05DC4365
:1000CE00A9A2F04941A82D33D740E000F2F4A233A3
:1000DE0060473D05DC53C4A20400C4B20600DC43F5
:1000EE00D452020046F5FFFF9D040851DC43C45272
:1000FE000200DC53C4A20800C4B20A00F069DC435B
:10010E00B9C2D740E000F2F4A2337047D740E00006
:10011E00F6F4A233E118D750E000F7F8A433F3F861
:10012E00AA332D05E118D740E000F7F8A533D740E4
:10013E00E000F2F4A0337047D740E000F6F4A033AD
:02014E00DB00D4
:10015000F06BF07CF05AD740E000F3F81E262D1427
:10016000F0A6F0B7A9802D0CDC49F4880200498183
:100170002D0749802D02C0840D01E024F0940D016B
:0A018000E009C0A8DA017E00DB00F0
:0C018A00ECFEECFFF0E8F0F906F0FCFFE2
:10019600E6F47421E6F5E000B840C4500200E0142D
:1001A6008840F0BEF0CFE01AE6F87421E6F9E000E8
:1001B600DA0150010802E0148840F0BEF0CFE02AD0
:1001C600D4900400D480020006F80800DA01500139
:1001D6000802E0148840F0BEF0CFE03AD490040064
:1001E600D480020006F80C00DA0150010802E0147F
:1001F6008840F0BEF0CFE04AD4900400D4800200DC
:1002060006F81000DA0150010802DA000A63DC453C
:10021600F484D4056981C0843D02E0140D01E00434
:10022600C0848840F0BEF0CFE05AD4900400D48059
:0A02360002000884DA0150010802FA
:080240000804FCFFFCFEDB00DA
:10024800F04849802D03E6F480030D02E6F420030C
:02025800DB00C9
:0E025A00ECFDECFEECFFF0E8F0F906F0FCFF26
:10026800E04CE6FA3900E6FB0000F09FF08EDA0079
:10027800D03F48403D3EDC4FF48E040049813D3973
:10028800DC4FF48E050049863D34DC4FF48E0600C1
:100298003D30DC4FF48E07003D2CDC4FF48E5F00C0
:1002A80047F8A5003D26F08E06F80C00F09FDA010D
:1002B800528F66F4C0FF3D1DF08E06F80E00F09FC9
:1002C800DA01528F48403D15E6FB5C00F0AFF09E26
:1002D800E6F8FFFFDA016890F0D4F08E06F85C00CB
:1002E800F09FDA01528F404D3D04DC4FF48E5E00E2
:0A02F8002D02E1080D43E00D0D3268
:10030200F04DC085E0C41B54F2F60EFEF04E0046DE
:10031200F05F06F41000B840C4500200D45002004E
:10032200A840DC45F48401003D1AF08E06F80C006A
:10033200F09FDA01528FF074E0154C5DF045604792
:100342002D10D4500200A840DC45A9842D08D49079
:100352000200A8800882DA01528F48403D02E1087B
:020362000D107C
:1003640008D1F04D49868DCBF08E06F85800F09FE9
:10037400DA017A8F70453D020FF40D010EF46981A4
:0A0384000804FCFFFCFEFCFDDB009A
:0A038E00ECFDECFEECFF06F0F0FFC2
:10039800E00EE108B980E108E4800200E004E0052D
:1003A800C4400400C4500600D740E000F3F8A63368
:1003B800EA304E06D740E000F3F8AA33EA304E069A
:1003C800E6F85833E6F9E000DA01104E49803D02BC
:1003D800EA004E06D740E000F3F8A4332D08E6F80B
:1003E8005833E6F9E000DA013A4EEA004E06E00F2B
:1003F8000D52E00D0D18DA01404549803D17F04FC8
:10040800C088DA014802F084008DE6FB2000E6F996
:10041800AD33E6FAE000009DDA01804449803D01F1
:100428000D0506FD200046FD60008DE546FD6000D7
:100438002D04E118E48002000D2DE6F8AD33E6F94D
:10044800E000DA015A0249802D25E6F8B533E6F9CD
:10045800E000DA017A8FC4400800C4500A00F04E68
:1004680049802D0DD4600400D4700600D4400800E3
:10047800D4500A002046305728403850BD0BE01EA3
:10048800F04FB980D4400800D4500A00C44004009A
:10049800C450060008F1F04F49828DABF04E4980F8
:1004A8002D34E00D0D13A980C088DA014802F084CC
:1004B800008DE6FB2000E6F9AD33E6FAE000009D8A
:1004C800DA01804449802D0506FD200046FD6000C4
:1004D8008DEA46FD60003D15E6F8AD33E6F9E0002B
:1004E800DA015A0249802D0DE6F8B533E6F9E00045
:1004F800DA017A8FD4600400D470060020463057A1
:100508002D04E00EE118E4800200F04E49803D031E
:10051800F48002003D02E0140D01E004D740E00041
:10052800F7F8A633F48002002D05F04E49803D020D
:10053800E1380D01E118D740E000F7F8AB33F04E91
:1005480049802D7BE6F8B933E6F9E000DA01528FED
:10055800D740E000F6F4A233D4400400D45006009B
:10056800D750E000F6F43034F6F53234A980D7409D
:10057800E000F7F8A833E118D740E000F7F8A73310
:04058800E00E0D581C
:10058C00F04EC085E0C41B54F2F60EFEE6F4BD330B
:10059C00E6F5E0000046C4400C00C4500E00D450F8
:1005AC000E00D4400C00DC45A9C4F04EC085E0C45C
:1005BC000B54F2F40EFED740E000E4C45833D49050
:1005CC000E00D4800C000882DA01528FF05EC0A6B7
:1005DC00E0C50B65F2F50EFED740E000C4455A337A
:1005EC00D4900E00D4800C000884DA017A8FF06E5F
:1005FC00C0C7E0C60B76F2F60EFED750E000C4463C
:10060C005C33C4565E33D4900E00D4800C0006F8D4
:10061C000800DA017A8FF06EC0C7E0C60B76F2F6EE
:0E062C000EFED750E000C4466033C456623361
:10063A0008E1F04E49868DA5E6F85833E6F9E00060
:04064A00DA013A4E49
:0C064E0006F01000FCFFFCFEFCFDDB00D1
:0E065A00ECFDECFEECFFF0E8F0F906F0FCFF22
:10066800D740E000F3F8A6332D26D740E000F3F892
:10067800A4332D21D740E000F3F8AA333D1CD7401E
:10068800E000F3F81E263D17D740E000F3F80222F9
:100698003D12D740E000F2F4FC213D0DD740E000C8
:1006A800F3F8C3223D08E6F85833E6F9E000DA012A
:1006B800104E49803D03E108EA004C08E6FB600063
:1006C800E00AE6F8AD33E6F9E000DA00DCDFE04CFA
:1006D800E6FA3900E6FB0000E6F8AD33E6F9E0009B
:1006E800DA00C6DFE118D740E000F7F8B133E16877
:1006F800D760E000F7F8B233F2FA3034F2FB323464
:1007080008A118B0E6F8B533E6F9E000DA01A08FE1
:10071800D740E000F2FAA233E6F8B933E6F9E00090
:08072800DA01668FE00D0D53AC
:10073000F04DC085E0C41B54F2F60EFEE6F4BD3366
:10074000E6F5E0000046B840C4500200F04DC08518
:10075000E0C40B54F2F40EFED740E000F4C458336A
:10076000D4500200A840DC45B9C4F04DC085E0C4B7
:100770000B54F2F40EFED740E000D4A45A33D490C8
:100780000200A8800882DA01668FF04DC085E0C4BF
:100790000B54F2F40EFED750E000D4A45C33D4B472
:1007A0005E33D4900200A8800884DA01A08FF04D57
:1007B000C085E0C40B54F2F40EFED750E000D4A480
:1007C0006033D4B46233D4900200A88006F80800E5
:0407D000DA01A08F1B
:1007D40008D1F04D49868DAAE6FB5C00E6F9AD33FD
:1007E400E6FAE000E6F8FFFFDA016890F0A4E6F824
:1007F4000934E6F9E000DA01668FD740E000F3F847
:10080400A7332D06D740E000F3F8A83359810D0132
:10081400E108D760E000F7F8A933F78EA533F68E28
:100824002E34E118D750E000F7F8AA33F78EAB3333
:10083400F04E06F4B80BF05F1850D750E000F6F411
:080844003434F6F53634E118F6
:0A084C000804FCFFFCFEFCFDDB00CD
:0A085600ECFDF0A8F0B906F0FEFF7B
:10086000D740E000C2F8A933DA014802F0D4D740FB
:10087000E000F3F8AA33EA20DC0AD750E000F2F7F0
:100880007A24F2F6782426F6583336F7E000EA3078
:10089000BE0AD750E000F2F63434F2F73634F04AAC
:1008A0002046F05B305728403850CD02EA00BE0A9F
:1008B000DA014045F1A849A1EA20DC0A49A0EA3062
:1008C000BE0AD740E000F3F8AA3307F8FE002D284F
:1008D00007F8FF002D3E07F8FF002D5707F8FF002F
:1008E000EA20FE0907F8FF00EA202A0A0985EA3013
:1008F000BE0AE108B980E01BF09066F9FF3FF2FA0A
:1009000004FEF08D06F85F00DA019C454980EA207C
:10091000BE0AE128D740E000F7F8AA33EA00DC0A73
:10092000E01BF09066F9FF3FF2FA04FEF08D06F846
:100930005F00DA0180444980EA20BE0AA9802D02C6
:10094000EA00BE0AE138D740E000F7F8AA33EA002F
:10095000DC0AE6FB2000D740E000F2F42E34E6F992
:10096000AD33E6FAE0000094D740E000F2F82E3410
:10097000008DDA019C454980EA20BE0AE148D74053
:10098000E000F7F8AA33EA00DC0AE6FB2000E6F90B
:100990000D34E6FAE000D740E000F2F82E34008D86
:1009A000DA0180444980EA20BE0AE6FC2000D740F4
:1009B000E000F2F42E34E6FAAD33E6FBE00000A4EA
:1009C000E6F80D34E6F9E000DA00D03F48402D01AA
:1009D0000D76D740E000F2F42E34F05406F52000F6
:1009E000D740E000F6F52E3446F560003D02E158B0
:1009F0000D01E138D740E000F7F8AA330D6FE7F8B2
:100A0000A500B980E01BF09066F9FF3FF2FA04FE02
:100A1000F08D06F85F00DA019C4549802D50E168B1
:100A2000D740E000F7F8AA330D59E6FB2000E6F9BD
:100A30000D34E6FAE000F08D06F84000DA0180445B
:100A400049802D3DE7F8A500D740E000F7F80C34C9
:100A5000E6FC2000E6FAED33E6FBE000E6F80D34B4
:080A6000E6F9E000DA00D03FE6
:100A680048403D29D770E000F3F8A933F7F8A833D8
:100A7800F2F43034F2F5323408411850D750E0001F
:100A8800F6F43034F6F53234E118D770E000F7F8B0
:100A9800A733F3F8A533F7F8A433F78EAA33E11890
:100AA800D740E000F7F8AB33E6F85833E6F9E00052
:100AB800DA013A4E0D0FD740E000F78EAA33E1383D
:100AC800D740E000F7F8AB33E6F85833E6F9E00032
:040AD800DA013A4EB7
:060ADC000802FCFDDB0036
:020AE200ECFD29
:100AE400E00D0D18E0154C5DD740E000F2F4A033A2
:100AF40060453D0FE0CBE00AF04DC085E0C40B54E7
:100B0400F2F40EFEE6F85833E6F9E0000084DA0069
:100B1400DCDF08D1F04D49868DE5D750E000F2F5D1
:100B2400A033F2F4A23340452D13D750E000F2F481
:100B3400A033F6F4A233E118D750E000F7F8A43359
:100B4400F3F8AA332D05E118D740E000F7F8A533F0
:040B5400FCFDDB00C9
:100B5800D740E000F3F8A4333D07D740E000F3F8AE
:0C0B6800AA333D02E0140D01E004DB00A4
:1027B600ECFDECFEECFF88C0F0EAF0FB8890888028
:0427C60006F0E2FF38
:1027CA00E6F45622E6F5E000B840C4500200E6F40A
:1027DA007421E6F5E000C4400400C4500600D47039
:1027EA002400D4602200DC47F426D405F142694172
:1027FA00C0482D0DD4500600D4400400DC45A8542E
:10280A00E0A4F6F50EFE4B44F2F40EFE0D07D4508A
:10281A000600D4400400DC45D4440400C440080047
:10282A0048802D03E6FD40040D02E6FD2004E6F48F
:10283A001200004066F4FF3FF2F504FE885088401B
:10284A00E00CDC4FD4BE1400E6FA1000D490280045
:10285A00D480260006F80004DA012E920804E6F471
:10286A001600004066F4FF3FF2F504FE88508840E7
:10287A00E00CD4B00C00E6FA1000D4902800D48002
:10288A002600008DDA012E920804E6F41A000040B0
:10289A0066F4FF3FF2F504FE88508840E01CD450ED
:1028AA000A00D4400800DC45D4B40800E6FA100057
:1028BA00D4902800D480260006F86004DA012E920B
:1028CA000804F4C01200D4500200A840DC45E4C455
:1028DA006000D4601400D4500200A840DC45C464EF
:1028EA006200F4C01600D4500200A840DC45E4C4DB
:1028FA006100D4601800D4500200A840DC45C464CA
:10290A006400E6F41600004066F4FF3FF2F504FEA8
:10291A0088508840E6FB160000B066FBFF3FF2FCD9
:10292A0004FEE00AD4902800D4802600DA01FA9244
:10293A000804C086D4500200A840DC45C4641600CE
:10294A00D4500200A840DC45A98449813D19E0140D
:10295A008840E6FB1C0000B066FBFF3FF2FC04FE69
:10296A00E6FA9004D4902600D4802400DA0160921A
:10297A000802D4700200A860DC47C44616000D1392
:10298A00D740E000F3F8D2342D0ED4502400D440BE
:10299A002200DC45F484B907C086D4500200A8405E
:1029AA00DC45C4641600E6F41600004066F4FF3FF6
:1029BA00F2F504FE88508840E6FB160000B066FB7C
:1029CA00FF3FF2FC04FEE6FA0002D4902800D4800D
:1029DA002600DA01FA920804D4700200A860DC47E3
:1029EA00E4861400E0048840E6FB1C0000B066FBA5
:1029FA00FF3FF2FC04FEE6FA8004D4902600D4805D
:102A0A002400DA0160920802F1C8D4500200A840FA
:102A1A00DC45E4C41200E0048840E6FB1C0000B078
:102A2A0066FBFF3FF2FC04FEE6FAC004D4902600DF
:102A3A00D4802400DA0160920802E6F564001B459E
:102A4A00F2FD0EFED4900200A880DC59D4681C0066
:102A5A00D4781E00D4401E00D4502000204630579F
:102A6A00C4400E00C4501000DC49A98849823D3395
:102A7A00F06DE007D4400E00D450100020463057C5
:102A8A009D2AE0048840E6FB1C0000B066FBFF3F7D
:102A9A00F2FC04FEE6FAB004D4902600D4802400A6
:102AAA00DA016092080226F46400E005F0ADE00B5A
:102ABA00D4800E00D4901000F06A2068F07B307940
:102ACA00DA01E0C8F06AF07BDA01F8C806F46400BB
:102ADA001850F1C80D02E7FC6400D4500200A84067
:102AEA00DC45E4C41300D4502800D44026008850A2
:102AFA00F0C4D4B02600D4A02400D4802000D490FE
:102B0A002200DA0192890802D4902400D48022009B
:102B1A0006F8DF05DA01528FF064E007C4600A00A4
:102B2A00C4700C00D4500600D4400400DC45D454D0
:102B3A000C00E6F464000B54F2F50CFEF2F40EFEFF
:102B4A0006F4B36A1850F0B4E6FAB36AF086F0975E
:102B5A00DA01FA8FF064F075C4600A00C4700C00E0
:102B6A00E6FB6400D4500200A840DC45D4A4160059
:102B7A00F086F097DA01FA8FC4400A00C4500C00BC
:042B8A00D4502400FF
:102B8E00D4402200DC45F484D4056981C0843D1311
:102B9E00E6FB6400D4500600D4400400DC45D4A407
:102BAE000400D4800A00D4900C00DA01FA8FC440DD
:102BBE000A00C4500C00D4902400D4802200DC49BA
:102BCE00F488D0082D1606F81209DA01528FF0A4F7
:102BDE00D4500200A840DC45F4841400C08BD4808D
:102BEE000A00D4900C00DA01FA8FC4400A00C450D7
:102BFE000C00D4400A00D4500C007C144AF5F40F9B
:102C0E007C15C4400A00C4500C00D4700200A860A9
:102C1E00DC47A98649812D47E6FB6400DC47F48634
:102C2E001200C08AD4800A00D4900C00DA01FA8F08
:102C3E00F064F075C4600A00C4700C00E6FB64001A
:102C4E00D4500200A840DC45F4841300C08AF086FC
:102C5E00F097DA01FA8FF064F075C4600A00C47060
:102C6E000C00E6FB0004D4500200A840DC45D4A4BE
:102C7E005C00F086F097DA01FA8FF064F075C460AC
:102C8E000A00C4700C00E6FB6400D4500200A84099
:102C9E00DC45D4A43600F086F097DA01FA8FC440F2
:102CAE000A00C4500C00D4400A00D4500C0026F484
:102CBE0060EA3850FD07E6F460EAE005C4400A0019
:102CCE00C4500C00D4500600D4400400DC45D4B4EB
:102CDE001000E6FA4005D4902400D4802200DA01D8
:102CEE006894F064D4800A00D4900C00F0487049C7
:102CFE002D08F046E00500481059C4400A00C450A3
:102D0E000C00D4400A00D4500C0026F4FFFF3850BB
:102D1E00FD04E6F4FFFFE0050D04D4400A00D45094
:102D2E000C00F064D4502800D4402600DC45C46466
:102D3E000A00DC4FD44E14002D0EDC4FD44E14007E
:102D4E00F064E007E6F40087E6F59303DA01F8C8CD
:102D5E00F0E4F0F50D02E00EE00FD4502400D44064
:102D6E002200DC45F484CF08C086E007F04EF05F09
:102D7E00DA01E0C8E6F66400E007DA01F8C8F0848C
:102D8E00F095F048F05926F4A8613850FD03E6F8A6
:102D9E00A861E009D4400A00D4500C0020483059F4
:102DAE00FD04C4800A00C4900C00D4400A00D45024
:102DBE000C00F064D4502800D4402600DC45C464D6
:102DCE000800D4500600D4400400DC45D4B41000F2
:102DDE00E6FA3005D4902400D4802200DA016894FB
:102DEE00D4702800D4602600DC47C4460C00D450B2
:102DFE002400D4402200DC45F4C43A09D450280003
:102E0E00D4402600DC45E4C41A00D4902800D480B7
:102E1E002600DC49D4480C00F064E00706F6E8030F
:102E2E001870F04EF05F20463057ED11F04EF05F07
:102E3E0026F4DC053850FD07F04E26F4E803F05F6B
:102E4E003850F0640D01E006DC49C4680C00E6F46D
:102E5E001600004066F4FF3FF2F504FE88508840ED
:102E6E00E6FB160000B066FBFF3FF2FC04FEE6FA3E
:102E7E000001D4902800D4802600DA01FA920804CA
:102E8E00C085E0540B54F2F60EFE26F6C800D45060
:102E9E002800D4402600DC45C4641400E6F4F40196
:102EAE00E0058850F0C4ECFCE00CD4500800D4408F
:102EBE000600DC45D4B40C00E6FA1005D4902600CA
:102ECE00D4802400DA017093E0551B45F2F50CFE18
:102EDE00F2F40EFED4702A00D4602800DC47D466CB
:102EEE001400F076BCF720643075D4500400D44042
:102EFE000200DC45D4445200F084F098BCF9008600
:102F0E001097E6FA38FFE6FBFFFFFCFCDA01C88FEC
:102F1E000802F064D4502800D4402600DC45C46476
:102F2E001400D4500200A840DC45A98449813D100C
:102F3E00D4902400D480220006F81A09DA01528FA8
:042F4E00D470280013
:102F5200D4602600DC47C44614000D1AD740E000B6
:102F6200F3F8D2342D15D4502400D4402200DC458D
:102F7200F484B807C085E0540B54F2F60EFE26F630
:102F8200C800D4502800D4402600DC45C464140094
:102F9200D4902400D480220006F80506DA01528F6C
:102FA200D4702800D4602600DC47C4461600D490B2
:102FB2002400D480220006F81809DA01528FD47056
:0C2FC2002800D4602600DC47C446100044
:0C2FCE0006F02400FCFFFCFEFCFDDB0014
:020000040000FA
:0440220012131B1A40
:020000040001F9
:0483B40006F0FEFFD2
:1083B800F09066F9FF3FF2FA04FEE6F83F00DA01B2
:1083C800164449803D02E0140D01E004D760E00046
:1083D800F7F8C322F78EC422F3F8C3223D04D7402E
:0683E800E000F78EBE224A
:0483EE000802DB00A6
:1083F200E6F4BC22E6F5E000F0A4F0B5DC4BF48A2A
:1084020004003D12F068DC4BE4CA0400F06A06F690
:108412001800F07BDC57A846D456020008411850D9
:10842200DC57B846C4560200E13CDC4BB9CAE10C49
:10843200DC4BE4CA0600E006DC4BC46A0E00DA013B
:02844200B48301
:02844400DB005B
:0C844600ECFDECFEECFFF0D806F0FCFFB3
:10845200E6F4BC22E6F5E000F0E4F0F5DC4FF48E41
:1084620008002D08E12CDC4FE4CE0200E10CDC4FC9
:10847200E4CE0800F09066F9FF3FF2FA04FEF04DF8
:10848200C088DA01164449803D16DA01EA42F1A8B1
:10849200E4A0020049A02D05DA01F442DC4FE48E8B
:1084A2000500F4A002002D02C0A80D01E018DA01B7
:1084B200F283E1080D4DA9C0DC4FE4CE0500A9808E
:1084C20067F8C000E4800200DC4FF48E02002D2D1C
:1084D200F4C002002D0347FC80003D0A47FC8000E7
:1084E2003D02E0380D01E048DA01F283E1080D3087
:1084F200DC4FF48E020049813D18F480020047F8F7
:1085020040003D0FDC4FF48E03000981DC4FE48E06
:10851200030047F809008D09E028DA01F283E10837
:108522000D17E10CDC4FE4CE0300F04D47F83F009D
:108532003D02E10C0D09F04D67F8360047F82400C2
:108542003D02E12C0D01E11CDC4FE4CE0200E118FA
:0A8552000804FCFFFCFEFCFDDB004A
:10855C00D750E000F78EC222F68ECA22DA01B4831D
:10856C00D740E000F3F8C3222D04E068DA01F2836F
:10857C00DB00D740E000F3F8C0222D02E1380D01FA
:0C858C00E108D740E000F7F8BC22DB005B
:0C859800ECFEECFFF0E8F0F906F0FCFF50
:1085A400E6F4BC22E6F5E000B840C4500200D7402F
:1085B400E000F3F8A8202D6AD740E000F3F81C2669
:1085C4002D65D740E000F3F81D263D60D740E0005C
:1085D400F3F856223D5BD4900200A880DC49F4886D
:1085E40004002D010D53E10CDC49B9C8E6F83F0045
:1085F400DA01468449802D4AE10CD4500200A84097
:10860400DC45E4C40300E11CD4500200A840DC456E
:10861400B9C4DA000A63F084F09506F83C09DA017B
:10862400528FD4700200A860DC47C4460E00D49078
:108634000200A880DC49D4480E003D05E6F6FA00A5
:10864400DC49C4680E00DA000A63F084F09506F889
:108654001C09DA01528FF064E007006E107FD450D9
:108664000200A840DC55C4641000C4741200D45045
:108674000200A840DC55C4E41400C4F41600E10C64
:0C868400D4500200A840DC45E4C406000D
:088690000804FCFFFCFEDB0006
:0E869800ECFDECFEECFFF0E8F0F906F0FAFF66
:1086A600E6F4BC22E6F5E000B840C4500200DA0168
:1086B600EA42F0D4F04D49802D15D4500200A8406E
:1086C600DC45F48404003D0EDA01F442D470020065
:1086D600A860DC47E4860500F04DC088DA01F28325
:1086E600EA008889D4900200A880DC49F488070053
:1086F6002D1EDC59D4681400D4781600F04E20469E
:10870600F05F305728403850EAC08889DA01B483D0
:10871600F06E06F60A00F07F1870D4500200A840EA
:10872600DC55C4641400C4741600EA008889D45069
:108736000200A840DC45A9844983EA208889D450F0
:108746000200A840DC45A9843D02EA008889D4508D
:108756000200A840DC45A98449813D14D45002009A
:10876600A840DC55D4641000D4741200F04E2046A4
:10877600F05F305728403850CD05E058DA01F283D3
:10878600EA008889D4500200A840DC55D46414005D
:10879600D4741600F04E2046F05F3057284038500B
:1087A600EAC08889D4500200A840DC45F48406005B
:1087B600EA20BA88D4500200A840DC45F4840100BF
:1087C600C084F484224067F80900C08476F424004B
:1087D600C088DA0146844980EA208889D4300200BC
:1087E600A820DC43A98249813D1ADC43D4520E00FD
:1087F6002D042851DC43C4520E00D4900200A880F8
:10880600DC49D4480E003D20E12CDC49B9C8E0061D
:10881600D4500200A840DC45C4640A000D15DC43B0
:10882600F482060049813D08DC43D4420A0008412F
:10883600DC43C4420A000D08DC43D4520A002D046E
:108846002851DC43C4520A00E10CD4500200A8406F
:10885600DC45E4C40600D4500200A840DC45F4849C
:108866000100C084F4842240C088DA01FE424980B7
:108876003D0DDA01EA42F0D4F04D49802D03F04D6A
:10888600C0880D01E078DA01F2830D7BE11CD4503B
:108896000200A840DC45E4C40800F06E0865F07FDD
:1088A6001870D4500200A840DC55C4641400C47487
:1088B60016000D67D4500200A840DC45A984498201
:1088C6003D0ED4500200A840DC45D4640A00D450C2
:1088D6000200A840DC45D4440C0040462D52D4503A
:1088E6000200A840DC45A98449812D0ED45002001F
:1088F600A840DC45D4640A00D4500200A840DC45F8
:10890600D4440C0040469D02E0140D01E004F1C879
:10891600E4C00400D4500200A840DC45F484010001
:10892600C08549C02D02E0140D01E03400456843BE
:10893600F0D4F04DC084F4842240C088DA01468425
:1089460049802D1FF06DD4500200A840DC45E4C4D8
:108956000100F48004002D02E12C0D01E11CD4502D
:108966000200A840DC45E4C40600F06E0865F07F0E
:108976001870D4500200A840DC55C4641400C474B6
:028986001600D9
:0A8988000806FCFFFCFEFCFDDB000E
:10BE7400DC49F48809003D08F06ADC69E4C809007B
:10BE8400F4C80B00E4C80C00E10CDC49E4C805006C
:0ABE9400E11CDC49E4C80A00DB00F1
:10BE9E00DC49F48804003D0EDC49F48809003D0AB3
:10BEAE00DC49F4880A003D06F04A67F8F60047F8C8
:10BEBE0012002D02E108DB00E11CDC49E4C805009C
:10BECE00F06ADC49E4C80600F04A67F80900C0844D
:10BEDE0076F42400F1C8DC49E4C80700E11CDC5903
:10BEEE00E4C80400C4B80200F06B06F69502DC4903
:06BEFE00B868E118DB004A
:10BF0400E10CDC59E4C80500F488040049813D04CF
:0ABF1400E10CDC49E4C80400DB0086
:06BF1E00F07AF028F03972
:10BF2400DC43F482040049823D17DC43D45202000E
:10BF3400F047204546F47102FD0CE01AF093F082BC
:10BF4400DA0174BEE10CDC43E4C20400E6F401014E
:10BF5400DB00E6F40001DB00DC43F48204004981E9
:10BF64003D3ADC43A852F04720457D03E6F4000146
:10BF7400DB00DC43A852F047204546F4FA00ED0309
:10BF8400F04B49802D0AE07AF093F082DA0174BE16
:10BF9400E10CDC43E4C204000D1EDC53F4C20600D1
:10BFA400F4820700418C3D09DC43F482060067F803
:10BFB4000900C08476F424000D03DC43F4820600F7
:10BFC400DC43E4820800E12CDC53E4C20400C472C4
:10BFD4000200C084DB00DC43F4820A002D11F04B24
:10BFE40049803D0EE7FC3F00DC43E4C20800E12C3D
:10BFF400DC53E4C20400C4720200E6F43F00DB0038
:04C00400E6F400015D
:02C00800DB005B
:04C00A00F028F039F1
:10C00E00F07A67FEC000DC43F482040049823D5B97
:10C01E00F06ADC53E4C20B00D4520200F04B204510
:10C02E0046F47102FD05E01AF093F082DA0174BE57
:10C03E00DC43F482070047F83F002D0F49E02D0343
:10C04E0047FE80003D0A47FE80003D02E03A0D01AA
:10C05E00E04AF093F082DA0174BEDC53F4C20800B9
:10C06E00E4C20700E10CDC53E4C20400F4820800D1
:10C07E0047F83F003D09E10CDC43E4C20A00E10C45
:10C08E00DC43E4C20500DB00DC43F48205002D1B1B
:10C09E00DC43F48209003D17E11CDC63E4C20400BA
:10C0AE00C4B20200F4C20600DC43F4820700418CE5
:10C0BE003D03E6F6CC010D02E6F61603006B26F6FE
:06C0CE008100DC43B862B2
:02C0D400DB008F
:105CBA00ECFDECFEECFF88C088B0F0DAF0E8F0F911
:045CCA0006F0E2FFFF
:105CCE00E6F45622E6F5E000B840C4500200D49047
:105CDE002400D480220006F81009DA01528FC44045
:105CEE000600E6F41A00004066F4FF3FF2F504FEEB
:105CFE0088508840E01CD740E000F2FB7C21E6FA99
:105D0E001000D4902800D480260006F86004DA0132
:105D1E002E920804E0148840E6FB1C0000B066FBDF
:105D2E00FF3FF2FC04FEE6FAD004D4902600D480A5
:105D3E002400DA0160920802D4700200A860DC47E9
:105D4E00C4463C00E0048840E6FB1C0000B066FB45
:105D5E00FF3FF2FC04FEE6FAF004D4902600D48055
:105D6E002400DA0160920802C4400400E004884076
:105D7E00E6FB1C0000B066FBFF3FF2FC04FEE6FAF9
:105D8E000005D4902600D4802400DA016092080227
:105D9E00F094D4502400D4402200DC45F484EE0567
:105DAE00C085E6F464001B54F2F80EFED4300200F7
:105DBE00A820DC53D4621C00D4721E00F0AE20A6C4
:105DCE00F0BF30B7DC43A98249813D04E118E4807D
:105DDE000A000D57D4500200A840DC45A984498220
:105DEE003D0CD740E000F3F8762149813D06D740BF
:105DFE00E000F3F87E2149812D04E108E4800A00D9
:105E0E000D40F068E007F04AF05B204630579D04E5
:105E1E00E128E4800A000D35D4502400D44022003D
:105E2E00DC45F484E605C085E0A40B54F2F50EFEC5
:105E3E00D740E000F2F474214045BD04E158E480FF
:105E4E000A000D1FD4500200A840DC45F484020065
:105E5E003D11D4500200A840DC45D4643C0006F647
:105E6E00F401D4502000D4401E00DC45D44414006C
:105E7E004046FD04E148E4800A000D03E138E48069
:105E8E000A00F4A00A0049A13D06D44004000049CE
:105E9E00C44004000D1B49A23D1948802D17F0681F
:105EAE00E007206A307BF049E005DA01E0C8F068CF
:105EBE00E007DA01F8C8F084F095D4600400E0073A
:105ECE00F0460048F0571059C4400400D450020068
:105EDE00A840DC45F48408002D09D4502400D44099
:105EEE002200DC45F484C008C0840D01E004C440E7
:105EFE000800D4500800D44004000045C4400400FB
:105F0E00D4502000D4401E00DC45D4441400F0646C
:105F1E00E007D4500200A840DC45D4443C00E00524
:105F2E0020463057C4400E00C4501000D4502400F8
:105F3E00D4402200DC45F4240406C02AE00BF06AAB
:105F4E008160F07B18708170D4800E00D4901000A8
:105F5E00F048F05920463057BD09208A309BDD06A7
:105F6E00E004E005C4400E00C4501000D49024009C
:105F7E00D480220006F83006DA01528FF064E00772
:105F8E00D4400E00D4501000DA01E0C8E6F6102717
:105F9E00E007DA018AC9C4401200C4501400D4309C
:105FAE000200A820DC43F4A21500F4800A0041A8E8
:105FBE003D09DC43D4525E00D740E000F2F4AA2043
:105FCE0040452D36E6F4605BE0358850F0C4E6FAC5
:105FDE00A0A4E6FBFCFFDC43D4423E00F064E007E5
:105FEE00D4400A00E00500461057DC43D4620C0092
:105FFE00E00720463057D4600600E00720463057B1
:10600E00D4601400D470160020463057E6F6E8032C
:10601E00E007DA01E0C8F084F095DA01C88F0802D3
:10602E00D4700200A860DC57C4465800C4565A000B
:10603E00E006D4500200A840DC45C4645200F4804F
:10604E000A004983EA30CA62E0C4004066F4FF3FAA
:10605E00F2F504FE88508840E01CD4401200D45063
:10606E001400F0B4E08AD4902800D480260006F8FC
:10607E001006DA010E910804F0A4F4E00C00C0E85A
:04608E00D4302400E6
:10609200D4202200F0420048F053DC45F48421066B
:1060A200C0890028DC43F4822006C088DA01A2906D
:1060B200E0550B45F2F50CFEF2F40EFE26F4C80094
:1060C2003850F064D4500200A840DC45C464520049
:1060D200D4902400D4802200DC49F488D805498277
:1060E200EA20EC62D740E000F3F8BC224982EA30B1
:1060F200EC6206F83206DA01528FF064E007D4400F
:106102000E00D4501000DA01E0C8E6F66400E007A1
:10611200DA018AC9F06DE007DA01E0C8E6F6E803C1
:10612200E007DA018AC9C4401600C4501800D490AE
:106132002400D4802200DC49F488D8053D3BE004E9
:10614200E005C4401600C450180006F82409DA011C
:10615200528FF084E009D4B00200A8A0DC5BD46ABC
:106162004800D47A4A00F04E2046F05F305720486B
:1061720030598D20D4600E00D4701000F046F057D4
:1061820028403850BD04E6F4E803E0050D0A286013
:106192003870DD05E6F418FCE6F5FFFF0D02E004B9
:1061A200E005C4401600C4501800DC5BC4EA480095
:1061B200C4FA4A00D4F00200A8E0DC5FD44E5800D2
:1061C200D45E5A00E6F6E803E007DA018AC9F0A4D1
:1061D200F0B5D4600400E007D4801200D49014001B
:1061E20000681079F086008AF097109BDC4FF48EDD
:1061F20008002D0ADC4FF48E04003D06E004E005A1
:10620200C4401600C4501800D4201600D430180020
:10621200F042F05328403850BD09D4400600F064E3
:10622200E007F048F05920463057CD08F042F053CD
:1062320028403850DD2228803890BD1FE6F4605B8C
:10624200E0358850F0C4E6FAA0A4E6FBFCFFD45087
:106252000400D4400200DC55D4845800D4945A007F
:1062620000821093DA01C88F0802D4700200A8607D
:10627200DC57C4465800C4565A00D4400600E00514
:106282008850F0C4E00AE00BD4700400D46002002D
:10629200DC57D4465800D4565A00E6F6E803E00725
:1062A200DA018AC9D4600600F086E009D4601400DD
:1062B200D47016000086109700841095DA01C88FFA
:1062C2000802C44004000D11F4800A0049843D0D07
:1062D200D4700200A860DC47D4863E00D44004009B
:1062E2004084FD032881C4800400D4700200A860A9
:1062F200DC47F48609002D0DDC47F48608002D09E1
:10630200DC47D4860A00D44004004084FD02C480E5
:106312000400D4400600E0058850F0C4E00AE00B17
:10632200D4400600F084E009DA01C88F0802F06464
:10633200D4500200A840DC45C4643E00D46008008A
:10634200D4500200A840DC45C4640C00F4C00A002A
:10635200D4500200A840DC45E4C41500D740E00058
:10636200F2F6AA20D4500200A840DC45C4645E00C4
:10637200D4500200A840DC45D4443E00D740E0009F
:04638200F6F4C82243
:0C63860006F02200FCFFFCFEFCFDDB002A
:10899200ECFEECFF88C0F0EAF0FB8890888006F0DD
:0289A200E8FFEC
:1089A400E6F45622E6F5E000B840C4500200E6F4CE
:1089B4007421E6F5E000C4400400C4500600DC4F16
:1089C400F48E3207C084E005F0645C955C947C7698
:1089D4007056C4400C00C4500E00DC4FF48E3107B6
:1089E400C084E005F0645C955C947C767056C44069
:1089F4001000C4501200DC4FF4CE0006E6F85622F4
:108A0400E6F9E000DC49F4884E00418C2D1CE006B8
:108A1400E017DC59C4685400C4785600DC4FF4CE27
:108A24000006D4500200A840DC45E4C44E00D460E3
:108A34001800D4701A00D4500200A840DC55C46455
:108A44002C00C4742E00D4401000D450120088505E
:108A5400F0C4D4A00E00D4B01000D4500400D4400C
:108A64000200DC55D4845400D4945600DA01C88F33
:108A74000802D4700200A860DC57C4465400C456EF
:108A84005600DC4FF48ED4058AF40250EA00B88B09
:108A9400D4300200A820DC43A9824982EA30B88B92
:108AA400DC4FF48EC708C085E6F4E8031B54F2FBE0
:108AB4000CFEF2FA0EFEDC53D4821C00D4921E008B
:108AC400D4601800D4701A0020683079206A307B92
:108AD4008D71D4B00600D4A00400DC4BF48A1600D7
:108AE40049813D68DC4BF48A0A0049813D63DC4BD3
:108AF400F48A020049813D5EDC4FF48EBE07D086C5
:108B0400DC4BD44A08004046CD55F08E06F8BA072F
:108B1400F09FDA01528FD4701E00D4601C00DC4731
:108B2400D4560E0040548D46F08E06F8BC07F09FD4
:108B3400DA01528FD4B01E00D4A01C00DC4BD45AEE
:108B44000E004054ED37DC4FF4AEBF072D0DC0A529
:108B5400E0A40B54F2F60EFED4500600D4400400F8
:108B6400DC45A8444046AD26DC4BD44A04003D22F3
:108B7400DC4BD44A06003D1EDC4BF48A18003D1A37
:108B8400DC4BF48A19003D16D4700200A860DC475F
:108B9400D446360046F464003D0DDC47F4861300E9
:108BA40047F864003D07D740E000F3F8D2343D02B3
:108BB400E0140D01E004F1E8DC4FF44E00062D143E
:108BC40049E02D0FD4900600D4800400DC49F488D9
:108BD4006F002D07DC49D4486C004840FD02E014C6
:108BE4000D01E004F1E80D1649E02D12DC4FF4CE3E
:108BF400C808D4900200A880DC49F4A8140041AC51
:108C04008D07DC4FF4CEC90841ACED02E0140D0130
:108C1400E004F1E849E03D3DD4700600D46004006E
:108C2400DC47F486160049813D0DD4500200A8406B
:108C3400DC45A98449823D06DC47F4866F003D0C7F
:108C440049402D0AE006E017D4500200A840DC5544
:108C5400C4645400C4745600E6F60004D450020000
:108C6400A840DC45C4645C00E10CD4500200A84078
:108C7400DC45E4C43400D4601800D4701A00D45025
:108C84000200A840DC55C4642C00C4742E00EA0021
:108C9400488FD4B00200A8A0DC5BD46A2C00D47A3C
:108CA4002E00D4401800D4501A002046F0643057E7
:108CB400F075C4601400C4701600DC4FF48E3007E5
:108CC400C085E0A41B54F2F90CFEF2F80EFE2068F5
:108CD4003079EA80128FD4401400D450160026F460
:108CE400D0073850FD07E6F4D007E005C44014006F
:108CF400C45016004940EA201E8ED4500600D440C9
:108D04000400DC45D4446C00F084E009DC4BF44AF4
:108D14001400C046E00720863097F048F0592840F8
:108D24003850DD11DC4FF48EC108C086E007F048EE
:108D34008140F0591850815020463057AD02E0145C
:108D44000D01E0040D0DDC4FF48EC108C086E00770
:108D5400F048F05920463057AD02E0140D01E0040C
:028D6400484085
:108D66002D02E008E009F058E00449402D02C04613
:108D76000D01E016F076BCF7DA018AC9C440080096
:108D8600C4500A00F08E06F80C09F09FDA01528FE3
:108D9600F064E007D4400800D4500A00DA01E0C8C5
:108DA600E6F6E803E007DA018AC9F084F095C480A4
:108DB6000800C4900A00D4601400D4701600F0486D
:108DC600F059DA01E0C8E6F6E803E007DA018AC9F5
:108DD600C4400800C4500A00DC4FF4AECD082D662E
:108DE600C0A4E005F0645C955C947C767056F064F3
:108DF600F0758870F0C6F0A681A0F0B718B081B003
:108E0600D4800A00D4900C00DA01C88F0802C4404E
:108E16000800C4500A000D4ADC4FF48EC308C08512
:108E2600E0541B54F2F60EFED4900600D4800400E3
:108E3600DC49D4786A0040769D08E10CD4500200E3
:108E4600A840DC45E4C44D000D11DC4FF48EC40887
:108E5600C085E0541B54F2F60EFE4076FD07E11C79
:108E6600D4500200A840DC45E4C44D00DC4FF48E2B
:108E7600C208C084E005F0645C955C947C7670560C
:108E8600C4400800C4500A00D4500200A840DC4583
:108E9600F4844D002D0BD4400800D4500A008140C4
:108EA60018508150C4400800C4500A00D440100035
:108EB600D45012008850F0C4D4A00E00D4B01000D4
:108EC600D4500400D4400200DC55D4845400D49419
:108ED6005600D4400A00D4500C0000841095DA01E4
:108EE600C88F0802D4700200A860DC57C44654003C
:108EF600C4565600D4601800D4701A00D45002002C
:108F0600A840DC55C4642C00C4742E00D490020022
:108F1600A880DC59D4685400D4785600E6F44000A2
:108F2600F6F60EFEF6F70CFE6B44F2F60EFEDC4984
:108F3600C4685C00E11CD4500200A840DC45E4C4CF
:028F46003400F5
:0A8F480006F01E00FCFFFCFEDB003B
:108F5200DC49A988C0865C86DC49F4880100C084AB
:048F62007046DB007A
:108F6600F04A7C84F1C8DC49B9C8F06ADC49E4C837
:048F76000100DB001B
:108F7A00F028F039F093F082DA01528FF0A4E00B76
:108F8A00F0BAE00AF0820882F093DA01528FE00523
:068F9A00704A705BDB0071
:108FA000ECFDF02AF03BF0C8F0D9F043E005F0A466
:108FB000F09DF08CDA01668FF0A2F08C0882F09DB3
:088FC000DA01668FFCFDDB0005
:108FC80088C0F048F059204A305BDD03F04AF05B76
:108FD8000D0EA860D4700200F048F05920463057B2
:108FE800BD04A840D45002000D02F048F059080210
:028FF800DB009C
:108FFA00ECFDF0C8F0D948B03D05E6F4FFFFE6F510
:10900A00FFFF0D2048A02D14F06AE007E6F4FFFFE9
:10901A00E6F5FFFFDA01F8C8F084F095F04CF05D50
:10902A0020483059FD05E6F4FFFFE6F5FFFF0D0A7B
:10903A00F06AE007F04CF05DDA01E0C8F06BE00797
:08904A00DA01F8C8FCFDDB00AF
:10905200F0587C250058F04868432D02E0140D01B9
:06906200E0040045DB0004
:109068000D15DC4A9989C0845C845084E1020D0B9B
:10907800F0585C159AF803F0E6F421100D01E004AD
:10908800F0845085092147F208008DF2F05BF0B5B5
:0890980028B148503DE6F04804
:0290A000DB00F3
:1090A200F068F076BCF7F029F032BCF320263037B6
:1090B200F042F05328403850CD13F0621B6AF2F5AB
:1090C2000CFEF2F40EFEF0657C847C855C867046B4
:1090D200F064F075F048F054BCF500461057DB0020
:1090E200F0428140F05318508150F06AE007DA01F3
:1090F200E0C8F0657C847C855C867046F064F0751F
:0A910200F048F054BCF52046305749
:02910C00DB0086
:04910E00ECFDECFE8A
:10911200E00EE00DDC49A988C0865C86DC49F48853
:109122000100C0817016F04C49802D0640B1AD029D
:10913200E0140D01E0040D0748B0CD02401B8D0282
:10914200E0140D01E00448402D08E10CD450020067
:10915200A840DC45B9C4E0040D66E1060D53C066C3
:1091620008615C16F0480046F059DC45A984C087C6
:109172005C87C06608615C16F0480046F059DC4521
:10918200F4840100C0827027F04C49802D0640B261
:10919200DD02E0140D01E0040D05402BFD02E01498
:1091A2000D01E00448402D2CD4500200A840DC45BB
:1091B200B964F04C49802D064021BD02E0140D0136
:1091C200E0040D054021FD02E0140D01E0044840D9
:1091D2002D15F0EB20E1F0D220D1F04EE005F06445
:1091E2005C855C847C867056F064F075F6F60EFE43
:1091F200F6F70CFE7BDDF2F40EFE0D15E0040D1306
:10920200F0120961F04AC0852851C0644045CDA7DB
:10921200F04AC0842842F1C8D4500200A840DC457C
:06922200B9C4E6F40001EE
:06922800FCFEFCFDDB0072
:10922E00F06BF028F039D4500200A84088508840E6
:10923E00F04CC08CF0B6F04AC08AF093F082DA019E
:10924E000E910804D4700200A860DC47C4460200E8
:02925E00DB0033
:10926000DC4CA92BA9802D16C0235C13F063006A87
:10927000F0480046F059DC45A984C0875C87003A75
:10928000F0480043F059DC45F4840100C084F02428
:1092900070270D08C026006AF0480046F059DC45EA
:1092A000A984C082A9802D18C023F0635C16006ACF
:1092B000F0480046F059DC45F4840200C0875C8722
:1092C0005C13F063006AF0480046F059DC45F48412
:1092D0000300C08470470D09C026006AF0480046AC
:1092E000F059DC45F4840100C084DC4CD4AB0200AE
:0892F000F094F082DA01A29073
:0292F800DB0099
:0492FA00ECFEECFF9B
:1092FE00D4500200A840DC45A984C0875C47DC4CF2
:10930E00A98BC0860067006AF0480046F059F0E469
:10931E00F0F5DC4CD4AB0200DC4FF48E0100C089BA
:10932E00DC4FA98EC088DA01A290F014DC4CD4ABCD
:10933E000200DC4FF48E1100C089DC4FF48E100059
:10934E00C088DA01A290F064D4500200A840DC4537
:0C935E00D4A40200F096F081DA01A29085
:06936A00FCFFFCFEDB002D
:10937000ECFDECFEECFFF0DCF06B88A0F0E8F0F91F
:0493800006F0FCFFF8
:10938400F04066F4FF3FF2F504FE88508840E01C8C
:10939400F0B6E6FA1000F08E06F86004F09FDA01E9
:1093A4002E920804F04DC0848840E02B00B066FB88
:1093B400FF3FF2FC04FED4A00600F09FF08EDA0119
:0493C40060920802A9
:0A93C8000806FCFFFCFEFCFDDB00C4
:1093D200ECFDECFEECFFF0DCF06B88A0F0E8F0F9BD
:0493E20006F0F8FF9A
:1093E600F04066F4FF3FF2F504FE88508840E00C3A
:1093F600F0B6E6FA1000F08E06F80004F09FDA01E7
:109406002E920804E044004066F4FF3FF2F504FEA5
:1094160088508840E00CF0BDE6FA1000D4400E00FB
:10942600F08E0084F09FDA012E920804E04400409A
:1094360066F4FF3FF2F504FE88508840E04B00B02A
:1094460066FBFF3FF2FC04FED4A00C00F09FF08EFA
:06945600DA01FA9208049D
:0C945C0006F00A00FCFFFCFEFCFDDB003B
:04946800F028F039BF
:10946C0046FBA00FED06F082008AF093DA01528FD2
:10947C00DB0046FB50468D08F082008AF09306F81C
:10948C000E00DA01528FDB00F06B26F6A00FE6F42B
:10949C00D007F6F60EFE5B44F2FC0EFEE6F4D007A7
:1094AC001BC4F2F50EFE2065F046E005F0645C8509
:1094BC005C847C867056F064F075E6F4D007F6F6A2
:1094CC000EFEF6F70CFE7B44F2F50EFEF04C5C142F
:1094DC00004AF0820084F0930882DA01528FF094F3
:1094EC00ECF9F04C5C14004AF0820084F093DA0141
:0C94FC00528FF084F0A5FCF9DA01A29078
:02950800DB0086
:10C58800DC49D4681C0066F6FF03DC59C468200047
:10C59800D44814007C24F1C8DC59E4C82A00D468C3
:10C5A800120066F6FF03DC59C4682200D468100044
:10C5B80066F6FF03DC59C4682400D4680E0066F6EA
:10C5C800FF035C66DC69C4682600D4680A00C46896
:10C5D8002800DC49D44808007C24F1C8DC49E4C8B8
:04C5E8002B00DB0049
:10C5EC00ECFDECFEECFFF0DCF0EAF0FB88908880D0
:04C5FC0006F0E8FF5E
:10C60000E004C4400400E014C4400600E108E480F3
:10C610001400EA001AC7DA01CA1FB840F4801400F7
:10C62000C085E0C40B54F2F40EFED740E000D444C1
:10C63000B620C4400200F4801400C085E0C40B544E
:10C64000F2F60EFED750E000D446B820D456BA20F9
:10C65000C4400800C4500A00F4801400C085E0C43F
:10C660000B54F2F40EFED740E000F484BE20E480C8
:10C670001600D750E000F2F40426F2F50626C44076
:10C680000C00C4500E00A880DA01EC1FD4400C004E
:10C69000D4500E00204E305F284036F500809D05B6
:10C6A000D4400C00D4500E000D02F04EF05FC44098
:10C6B0001000C4501200D4700200F4801400C08630
:10C6C00081605C16D4501A00D44018000046DC4546
:10C6D000C4741E00F48016002D16D4400800D450F7
:10C6E0000A00D4801000D490120020843095F06DA0
:10C6F000E00720863097ED07D4500600D4400400B0
:10C700007045C4400400D44006005C14C4400600D8
:10C71000F48014000981E4801400F480140047F8C8
:10C720001000EA8016C6D4901A00D4801800DA01EE
:06C7300088C5D44004009E
:0CC7360006F01C00FCFFFCFEFCFDDB001C
:020000040000FA
:0540180002050A14641A
:020000040001F9
:10CA1A00E11CDC49E4C80200E12CDC49E4C803005B
:10CA2A00E14CDC49E4C80400E1ACDC49E4C8050097
:10CA3A00E7FC1400DC49E4C80600E6F60D03DC490D
:04CA4A00B868DB00ED
:10CA4E00E10EE1020D20C02AF048004AF059DC4503
:10CA5E00F4840200C0842841F14849402D0347F474
:10CA6E0080008D0AF44A1840E0164C61DC49F488C7
:10CA7E000E00C084604671E8F048004AF059DC456B
:10CA8E00E4440200092149258DDEDC49F4880C00BE
:10CA9E00C0842841F1C8DC59E4C80C00F4A80C008D
:10CAAE002D0347FA80008D19E15CDC49E4C80C00C7
:10CABE00E6F60D03DC49F4A80D0047FAAF00FD05BC
:10CACE00C0A426F4AF005C24006446F6D003FD0338
:0CCADE00E6F6D0030D00DC49B868F18ECC
:02CAEA00DB006F
:10CAEC00E1020D12E0154C51F04AC08460452D0B4B
:10CAFC00C024F0680064F079DC47F48607000981F3
:0CCB0C00DC47E4860700092149258DEC78
:02CB1800DB0040
:020000040000FA
:1001180006FD14FD16FD18FD5EFD6AFD6CFD050467
:10012800050D19263225406890251D120D352C1E07
:10013800194E402C1C624E3D2F7060504200050441
:10014800050D19263F254068902C231F11362F2CAA
:100158001F4E413124624E3E2F7F73635A00FA8A44
:10016800FC8AFD8AFE8A008B028B048B068B088B27
:100178000A8B0C8B0E8B108B128B059506950795A9
:10018800089509950A950B950C950D950E95109562
:10019800B495B89B5CAA3EB0DAB2E6B2EAB26CF8A3
:1001A800FFFFFFFFFFFFFFFFFFFFFFFFFFFFFFFF57
:1001B800FFFFFFFFFFFFFFFFFFFFFFFFFFFFFFFF47
:1001C800FFFFFFFFFFFFFFFFFFFFFFF8F1EFEDEB82
:1001D800E8E7E6E4E3E1E1E0DFDEDDDCDBDADAD91B
:1001E800D8D7D6D5D4D3D3D2D2D1D0D0CFCFCECDE5
:1001F800CDCCCCCBCACAC9C8C8C7C6C6C5C5C4C475
:10020800C3C3C2C2C1C1C0BFBFBFBEBEBDBDBDBCEE
:10021800BCBBBBBBBABAB9B9B9B8B8B8B7B7B6B648
:10022800B6B5B5B4B4B4B3B3B2B2B2B1B1B1B0B09B
:10023800B0AFAFAFAEAEAEADADADACACABABABABE4
:10024800AAAAAAAAA9A9A9A9A8A8A8A8A7A7A7A71E
:10025800A6A6A6A5A5A5A5A4A4A4A3A3A3A3A2A254
:10026800A2A1A1A1A1A0A0A09F9F9F9F9E9E9E9D8D
:100278009D9D9D9D9D9C9C9C9C9C9B9B9B9B9B9AB8
:100288009A9A9A9A999999999999989898989897D9
:1002980097979797969696969695959595959595F9
:1002A8009090909090909090909090909090909046
:1002B800909090908F8F8F8F8F8F8F8F8E8E8E8E46
:1002C8008D8D8D8D8D8D8D8D8C8C8C8C8C8C8C8C5E
:1002D8008B8B8B8B8A8A8A8A8A8A8A8A8989898976
:1002E800898989898888888887878787878787878A
:1002F80086868686858585858585858584848484A6
:1003080084848484838383838282828282828282B9
:100318008181818181818181808080807F7F7F7FD1
:100328007F7F7F7F7E7E7E7E7D7D7D7D7D7D7D7DE9
:100338007C7C7C7C7C7C7C7C7B7B7B7B7B7B7B7BFD
:100348007A7A7A7A79797979797979797878787815
:100358007878787877777777767676767676767629
:10036800757575757575757574747474747474743D
:10037800737373737373737372727272727272724D
:10038800717171717171717170707070707070705D
:100398006F6F6F6F6F6F6F6F6E6E6E6E6E6E6E6E6D
:1003A8006D6D6D6D6D6D6D6D6C6C6C6C6C6C6C6C7D
:1003B8006B6B6B6B6B6B6B6B6A6A6A6A6A6A6A6A8D
:1003C80069696969686868686868686868686868A1
:1003D80067676767676767676666666666666666AD
:1003E80065656565656565656464646464646464BD
:1003F80063636363636363636262626262626262CD
:1004080061616161616161616060606060606060DC
:100418005F5F5F5F5F5F5F5F5E5E5E5E5E5E5E5EEC
:100428005D5D5D5D5D5D5D5D5C5C5C5C5C5C5C5CFC
:100438005B5B5B5B5B5B5B5B5B5B5B5B5A5A5A5A08
:100448005A5A5A5A59595959595959595858585814
:100458005858585857575757575757575656565624
:100468005656565655555555555555555454545434
:100478005454545453535353535353535252525244
:10048800515151515151515150505050505050505C
:100498004F4F4F4F4E4E4E4E4E4E4E4E4D4D4D4D74
:1004A8004D4D4D4D4C4C4C4C4B4B4B4B4B4B4B4B88
:1004B8004A4A4A4A494949494949494948484848A4
:1004C80047474747474747474646464646464646BC
:0104D80045DE
:1004D90045454544444444444444444343434342D6
:1004E90042424242424242414141414040404040F1
:1004F9004040403F3F3F3F3E3E3E3E3D3D3D3D3D0E
:100509003D3D3D3C3C3C3C3B3B3B3B3A3A3A3A392E
:10051900393939383838383737373736363636355E
:10052900353535343434343333333332323232318E
:10053900313131303030302F2F2F2F2E2E2E2E2DBE
:100549002D2D2D2C2C2C2C2B2B2B2B2A2A2A2A28EF
:100559002828282727272725252525242424242337
:1005690023232322222222212121211F1F1F1F1D74
:100579001D1D1D1B1B1B1B181818181515151512E9
:100589001212120F0F0F0F0C0C0C0C08080808069A
:0F05990006060604040404020202020000000029
:10CE8C00F049E005F054E004F064F075F048E0057A
:06CE9C0070467057DB0038
:10CEA200F02CE00326F240003830F0625CA35CA272
:10CEB2007C667036F062DC49B868F043E005F064E5
:04CEC200DC4BB86A23
:02CEC600DB008F
:0CCEC800ECFDECFEECFF88C0F028F03917
:10CED400DC4BA89ADC43A882DA008CCEF084F0956F
:10CEE4009AF909F0F048F05966F5FF7FF0C4F0D5DF
:10CEF40006FD00800D02F0C8F0D9D41004004810DB
:10CF0400BD13F041F054BCF5E6F6FFFFE6F7FF7FF2
:10CF140020643075F04CF05D20463057BD05E6FCCA
:10CF2400FFFFE6FDFF7F0D184810DD11F041F054BE
:10CF3400BCF5E006E6F7008020643075F04CF05D47
:10CF440020463057DD04E00CE6FD00800D05F0417D
:10CF5400F054BCF500C410D5F08CF09DF068DC43AF
:10CF6400B862F049E005F064DC4BB86AE6F6000408
:10CF7400E007F04CF05DDA018AC9F0E4F0F5F04C1A
:10CF8400F05D28403850DD0BE6F60004E007F04C75
:10CF9400F05DDA018AC970672D0228E138F0D440C7
:10CFA400060046F4FF009D03D44006000D02E6F49B
:10CFB400FF00E0058850F0C4E00AE00BF08E06F8AC
:10CFC4004000F09F1890DA01C88F0802F064D45032
:08CFD4000200A840DC45B8642E
:0ACFDC000802FCFFFCFEFCFDDB0078
:08CFE600F0CBF01AF0A8F0B93D
:10CFEE00DC4BA98AC085405C8D02E004DB00E104C5
:10CFFE000D33C043F04A0043F05BDC45F48401007E
:10D00E00C085405CFD28F04A0043F05BDC45A984F6
:10D01E00C085F04C2045F084E009F0685C895C889E
:10D02E007C867096F04A0043F05BDC45A984C0878D
:10D03E00F04A0043F05BDC45F4840100C0842047D5
:10D04E00F6F80EFEF6F90CFE7B44F2F50EFEC04429
:10D05E005C840045DB000941C0252851C044404591
:08D06E00CDC8C02428415C84F8
:02D07600DB00DD
:06D07800ECFDF049F09808
:10D07E00F069F076BCF7F054BCF520463057F06AF4
:10D08E00C0C6E007DA01E0C8F0C4F0D5E6F600014C
:10D09E00E007F04CF05DDA018AC9F0A4F0B5F04C6F
:10D0AE00F05D28403850DD0BE6F60001E007F04C4D
:10D0BE00F05DDA018AC970672D0228A138B0F049F7
:08D0CE00F054BCF5004A105BB0
:04D0D600FCFDDB0082
:10D0DA00ECFDECFEECFFF0DBF0E8F0F906F0F0FF17
:10D0EA00DC4FA9AEB9A0DC4FF48E0100E480020047
:10D0FA00F0BAC0AAF08E0882F09FDA00E6CFC440E8
:10D10A000C00F0BDF4800200C08AA980C084F08EB1
:10D11A000084F09F0882DA00E6CFF054D4600C0055
:10D12A00F0467C84F128E4200400F0457C84F14830
:10D13A00E4400600F18CE4800800F16AE4600A0029
:10D14A00A980C085F4E00200C0E60065F04E004602
:10D15A00F05F0842F0E4F0F5C0E8C0271B78F2FB64
:10D16A000EFEC049F0C900CBF04E004CF05FDC4522
:10D17A00A984D08D49602D0EF4800A00C08AF04E31
:10D18A00004CF05FDC45F4840100D089F08DDA00B0
:10D19A0078D0F0D4F48008002D33F4E00400C0E81D
:10D1AA00F0980891F4200200C02B1B9BF2F30EFEAC
:10D1BA00F4400600C04CF06C0063F04E0046F05F8D
:10D1CA00DC45A984D084C4400E00F4A00A002D0FC7
:10D1DA00C0AA00C3F04E004CF05FDC45F4840100A5
:10D1EA00D089D4800E00DA0078D0C4400E00F480D2
:10D1FA000800C08AD4900E00F08DDA0078D0F0D4FE
:02D20A00F04DE5
:0CD20C0006F01000FCFFFCFEFCFDDB0047
:10D21800DC69D4683200C4683800D4783200F0473A
:10D2280066F400032D09F0577C25F06566F6FF00CB
:10D23800DC49C4682A000D0566F7FF00DC49C4789C
:10D248002C00DC49D448320066F4FF03D7400000C4
:0ED25800F484A801C086DC49C4682000DB0015
:10D26600E6F4B800E0058850F0C4E00AE00BDC49BB
:10D27600D4483A009AF40300E6F45B000D0CDC494E
:10D28600D448300046F44D00FD04DC49D448300053
:10D296000D02E6F44D00F084E009DA01C88F0802B9
:02D2A600DB00AB
:10D2A800ECFEECFFF0E8F0F9E6F6C800DC4FC46EDF
:10D2B8000200E056DC4FC46E0800E056DC4FC46E36
:10D2C8000600E6F62C01DC4FC46E0C00E6F62C01D5
:10D2D800DC4FC46E0A00F09FF08EDA0018D2E00628
:10D2E800DC4FC46E0400F09FF08EDA0066D2DC5F7B
:10D2F800C44E1E00D4CE1E00F0AE06FA1A00F0BFCF
:10D30800F08E06F81800F09FDA00A2CEDC4FD45E4B
:10D31800200048528D0746F5FD00ED04DC4FD46E21
:10D3280020000D03DC4FD46E1E00DC5FC46E2E009F
:10D33800D46E2E005C86DC6FC46E0E00D46E2E0098
:10D34800C46E1C00DC4FC46E2800E6F68300DC6F58
:10D35800C46E2600D46E2600D44E280040469D0494
:10D36800DC4FD46E28000D03DC4FD46E2600DC5F42
:10D37800C46E2400D4CE2400F0AE06FA1600F0BF26
:10D38800F08E06F81400F09FDA00A2CEE016DC4F0B
:10D39800C46E3400F07FF06EDC47A8461EF4DC470C
:10D3A800B846DC4FD44E44009AF40AF0E6F6B800CA
:10D3B800DC4FC46E1C00E6F6B800DC4FC46E3600C5
:06D3C800FCFFFCFEDB008F
:10D3CE00DC49D4483C009AF42070DC59D46826001D
:10D3DE00D448280040469D04DC49D46828000D033B
:10D3EE00DC49D4682600DC49C4682400E056DC49D8
:10D3FE00C4680800E056DC49C4680600F079F0689D
:0CD40E00DC47A846DEF4DC47B846DB0033
:10D41A00DC49D44846009AF40210E11A0D01E10AE7
:10D42A0049A02D0DF079F068DC47A8468FF4DC4757
:10D43A00B846E6F6C800DC49C46802000D10DC49AB
:10D44A00D46802002D052861DC49C46802000D0772
:10D45A00F079F068DC47A8468EF4DC47B84649A064
:10D46A003D04DC49A8488AF40AE0DC49D44846006D
:10D47A009AF40C20DC49D4484C009AF40760DC6921
:10D48A00D4682E00C4681C00C468360049A02D0860
:10D49A00F079F068DC47A846EFF4DC47B846DB00D1
:0ED4AA00F079F068DC47A846EEF4DC47B8469F
:02D4B800DB0097
:0ED4BA00ECFDECFEECFFF0E8F0F906F0F4FFFC
:10D4C800DC5FD4DE3C00D45E46009AF50210E11819
:10D4D8000D01E108B9809AF50220E1120D01E1027F
:10D4E800DC4FD44E4E009AF40240E1140D01E104E1
:10D4F800F09FF08EDA0018D2A9803D0249202D1A3B
:10D50800DC4FD45E240046F51B00FD04F06526F6CA
:10D518001B000D01E006DC4FD44E200040469D0A5A
:10D5280049403D08F07FF06EDC47A846CFF4DC4761
:10D53800B8460D07F07FF06EDC47A846CEF4DC470E
:10D54800B846DC4FA86E9AF605C0F04D66F4FFF0B9
:10D55800F0D4BFFD49403D02A9802D02E0140D0121
:10D56800E004F1A8E4A0020049A03D0F9AF60D30AE
:10D57800E006DC4FC46E3400E006DC4FC46E1200D7
:10D58800E006DC4FC46E10000D2EDC4FD44E480070
:10D598008AF4295049202D27DC4FD44E34002D23FE
:10D5A800DC5FD49E1200D48E1000DA008CCEF0849A
:10D5B800F095F048F059F0657C847C855C8670466F
:10D5C80026F4FFFF3850FD04E6F4FFFFE0050D07E1
:10D5D800F048F059F0657C847C855C867046F06480
:10D5E800DC4FC46E3400DC4FD44E34003D02E118E9
:10D5F8000D01E108E4800400DC4FD44E200046F41D
:10D60800FD00FD08F07FF06EDC47A846AFF4DC476C
:10D61800B8460D07F07FF06EDC47A846AEF4DC474D
:10D62800B846DC4FD45E200046F5FD00FD05F04D00
:10D6380066F4FFF0F0D48FFD48529D08F07FF06E3D
:10D64800DC47A846BFF4DC47B8460D07F07FF06E0C
:10D65800DC47A846BEF4DC47B846DC4FD44E200071
:10D6680048429D05F04D66F4FFF0F0D49FFDDC4F75
:10D67800A88EF04866F4003C2D1B6FFDF07FF06E1D
:10D68800F0584EF5DC47B856E056DC5FC46E08002B
:10D69800D45E06002D052851DC4FC45E06000D211E
:10D6A800F07FF06EDC47A8465FF4DC47B8460D19FA
:10D6B8006EFDF07FF06E5EF8DC47B886E056DC5F02
:10D6C800C46E0600D45E08002D052851DC4FC45EE8
:10D6D80008000D07F07FF06EDC47A8464FF4DC47E2
:10D6E800B8469AFD0460DC4FD46E1E000D03DC4F73
:10D6F800D46E2000DC4FC46E2200A9802D10DC4FB0
:10D70800A84E8AF40C20DC4FD46E22005C86DC6FB5
:10D71800C46E0E00D46E2200C46E28000D40DC4F8B
:10D72800D44E2200F084E009F0685C895C887C862D
:10D738007096DC4FD4CE0E00F02CE003208230939C
:10D74800F04870492D2CF048F05928403850DD0633
:10D75800F0488140F059185081500D02F048F059B6
:10D76800E6F60A0AE007DA01E0C8F0A4F0B5F0AB83
:10D77800E00BF04A704B3D02E01AE00B288038902D
:10D78800DD06F06A8160F07B187081700D02F06A26
:10D79800F07B00261037F062DC4FC46E0E00DC4FC1
:10D7A800D46E0E007C86DC5FC46E2E00A84E9AF400
:10D7B8001B80DC4FD44E220046F44D009D15F054DA
:10D7C800085446F5FF00FD03E6F4FF000D01084488
:10D7D800F064DC4FD44E280040468D06F04D66F4C8
:10D7E80041003D02E0140D01E004F1A849A02D0814
:10D7F800DC4FD44E4E003FF4DC4FC44E4E000D07B4
:10D80800DC4FD44E4E003EF4DC4FC44E4E00DC5F7D
:10D81800D46E2800D44E22004046ED04DC4FA84EBA
:10D828008AF40880DC4FD44E4E004EF4DC4FC44ED0
:10D838004E000D0949A02D07DC4FD44E4E004FF481
:10D84800DC4FC44E4E00DC4FD44E4E009AF40240DA
:10D85800E1180D01E108E480060049A02D05DC5F10
:10D86800D46E2E00C46E2800DC4FA85E9AF50A40DC
:10D87800F48004002D07F04D66F4FEF0F0D476FD38
:02D8880002207C
:10D88A000D049AF5025076FD0320E6F68300DC4F7C
:10D89A00C46E2600F48006002D0DF07FF06EDC4782
:10D8AA00A8466FF4DC47B846E6F62C01DC4FC46E96
:10D8BA000A000D10DC4FD45E0A002D052851DC4FFA
:10D8CA00C45E0A000D07F07FF06EDC47A8466EF4CE
:10D8DA00DC47B84649202D11DC4FD45E0C002D05DB
:10D8EA002851DC4FC45E0C000D14F07FF06EDC474B
:10D8FA00A8467842DC47B8460D0CF07FF06EDC474C
:10D90A00A8461EF4DC47B846E6F62C01DC4FC46E86
:10D91A000C00DC4FD44E48008AF41250DC4FA85E4B
:10D92A008AF50E609AF50C10DC5FD4BE2400D4AEE2
:10D93A004000E6F82601E6F90000DA00DAD00D0127
:10D94A00E004C4400A00A9802D04DC4FA84E9AF4D2
:10D95A000720F48006003D22DC4FA84E9AF41E7080
:10D96A00DC5FD46E2600D44E280040469D04DC4F6E
:10D97A00D46E28000D03DC4FD46E2600DC5FC46E23
:10D98A002400D4CE2400F0AE06FA1600F0BFF08EC2
:10D99A0006F81400F09FDA00A2CE0D28DC5FD47ED0
:10D9AA002600D45E240040578D04D4400A00484023
:10D9BA00AD0548503D06D4400A007D03E004C4404A
:10D9CA000A008870D4400C008840F04E06F4240007
:10D9DA00F05F8850F0C4F0AE06FA1600F0BFF08E81
:10D9EA0006F81400F09FDA00C8CE0806DC4FD44EC1
:10D9FA0042009AF40940DC4FD44E4A009AF404D00B
:10DA0A00DC4FD44E04002D0CA9802D0CDC4FD44ED3
:10DA1A003A008AF40500DC4FD44E3E009AF4020024
:10DA2A00E0140D01E004E4800800DC4FD44E4A0003
:10DA3A009AF409D0DC4FD45E04002D092851DC4F3A
:10DA4A00C45E04000D04E006DC4FC46E0400F480DA
:10DA5A0008002D18DC4FA84E8AF41490F09FF08E1F
:10DA6A00DA0066D2DC5FC44E1E00D4CE1E00F0AED1
:10DA7A0006FA1A00F0BFF08E06F81800F09FDA00D6
:10DA8A00A2CE0D3CDC4FA84E9AF40C10DC5FD4BE3B
:10DA9A001E00D4AE4000E6F84601E6F90000DA00BE
:10DAAA00DAD00D01E004C4400A00DC4FD45E1E0047
:10DABA0046F5B8008D04D4400A004840AD054850E8
:10DACA003D06D4400A007D03E004C4400A00E6F49F
:10DADA00B8008840D4400C008840F04E06F41E007E
:10DAEA00F05F8850F0C4F0AE06FA1A00F0BFF08E6C
:10DAFA0006F81800F09FDA00C8CE0806F480040081
:10DB0A002D08F07FF06EDC47A8467841DC47B8461E
:10DB1A000D07F07FF06EDC47A8460EF4DC47B846E6
:10DB2A00A9802D08F07FF06EDC47A8467844DC47D0
:10DB3A00B8460D07F07FF06EDC47A8462EF4DC47A6
:10DB4A00B846F48002002D08F07FF06EDC47A84644
:10DB5A003FF4DC47B8460D07F07FF06EDC47A84675
:10DB6A003EF4DC47B846F48006002D08F07FF06EDC
:10DB7A00DC47A8467FF4DC47B8460D07F07FF06E15
:10DB8A00DC47A8467EF4DC47B846F48008002D0836
:10DB9A00F07FF06EDC47A8469FF4DC47B8460D07D5
:10DBAA00F07FF06EDC47A8469EF4DC47B846F04D9D
:0CDBBA0006F00C00FCFFFCFEFCFDDB0094
:0B0088002F5F5D5345443E403F2D2B91
:020000040001F9
:10639200DC49C4A81C03F06BDC49E4C84603F06C7A
:0863A200DC49E4C8A803DB009C
:1063AA00F04806F4EA02F059F0A4F0B5DC49D468E2
:1063BA00A002DC4BC46A3A00DC49D468AC02DC4B6C
:1063CA00C46A3C00DC49D468B002DC4BC46A3E00B3
:1063DA00DC49F4884803C086DC4BC46A3000DC49D7
:1063EA00D468D602DC4BC46A4400DC49D4684E0344
:1063FA00DC4BC46A4600DC49D4685003DC4BC46AEF
:10640A004C00DC49D468C002DC4BC46A4E00DC692B
:10641A00D468A002C4683A03D468AC02DC49C468F0
:10642A003C03DC4BD44A2E00F1C8DC69E4C84C03B7
:10643A00D468D602C4684203DC59D4684E03C468DF
:10644A004403DC4BD44A2E00F1C8DC69E4C8560385
:10645A00F4C84803E4C85703DC4BD44A2000F1C807
:10646A00DC49E4C87603DC4BD44A2E00F1C8DC6967
:10647A00E4C8E602D4684E03C468DE02DC69F4C8E4
:10648A007E03E4C8C902F4C87903DC69E4C8CA0215
:10649A00F4C87803E4C8CB02DC69F4C87A03E4C818
:1064AA00CC02F4C85803DC69E4C8CD02F4C88503F9
:1064BA00E4C8CE02DC69D4685003C4689603F4C801
:1064CA00E101DC59E4C88B03D448C0027C846841EA
:1064DA00F1C8DC69E4C88C03D468B402C4689803C0
:1064EA00DC69D468BA02C4689A03D4684E03DC69CA
:1064FA00C4689E03F4C87703E4C8B003DC69D468AF
:10650A00BA02C468B203D4681A02DC69C468B40364
:10651A00D4681C02C468B603DC4BD46A4200DC6946
:10652A00C468BA03D4688E03C468BC03DC4BD46A5B
:10653A004800DC49C468BE03DC4BD46A4A00DC4923
:10654A00C468C203DC4BD44A2E00F1C8DC69E4C833
:10655A00CE03F4C85803E4C8CF03DC69D468BA028E
:10656A00C468D203D468BA03DC69C468D603D468A1
:10657A008E03C468D803DC69D468B803C468DA0334
:10658A00D468C403DC69C468DC03D468C603C4687D
:10659A00DE03DC69F4C8C803E4C81004F4C8CD03F8
:1065AA00DC69E4C81704F4C87703E4C81804DC6992
:1065BA00D4688E03C4682C04D4680404DC69C468F3
:1065CA003604D468D602C4686204E1020D16C02AF1
:1065DA00D7400000F48A8800C0865C16F04800465E
:1065EA00F059DC45D474EA01F06A5C16F0480046BA
:1065FA00F059DC45C4744604092147F20B008DE7C3
:02660A00DB00B3
:0E660C00F048F059F095F084DA01AA63DB0043
:10661A00F028F039F093F082DA01AA63F08206F8E2
:0A662A004604F093DA0116BDDB0010
:10663400ECFEECFFF0E8F0F9F09FF08EDA01AA63CB
:10664400F08E06F81A04F09FDA01AEB0F08E06F868
:106654001A04F09FDA0136B1DC5FD46E2C04C46EE8
:106664008E03F09FF08EDA01AA63FCFFFCFEDB00D0
:10667400F028F039F093F082DA01AA63F08206F888
:0A6684001A04F093DA016EB3DB0094
:10668E00ECFEECFFF0E8F0F9F09FF08EDA01AA6371
:10669E00F08E06F8D203F09FDA01DE7FDC6FD46E47
:1066AE00D803C46E8E03D46EDA03DC6FC46EB803E7
:1066BE00D46EDC03C46EC403DC6FD46EDE03C46E12
:1066CE00C603F4CE1804DC4FE4CE7703F09FF08EB1
:0A66DE00DA01AA63FCFFFCFEDB00FA
:0C66E800ECFEECFFF0E8F0F906F0FEFF1D
:1066F400F09FF08EDA01AA63F08E06F8B203F09FE1
:10670400DA01BCB3B840DC6FD46EBA03C46E2C0398
:10671400D46EBC03DC4FC46E8E03F0B066FBFF3F47
:10672400F2FC04FEE6FA6800F09FF08EDA00F6ACA4
:1067340049803D02E1080D05F09FF08EDA01AA635D
:02674400E1185A
:086746000802FCFFFCFEDB0071
:10674E00F028F039F093F082DA01AA63F08206F8AD
:0A675E009803F093DA0074DDDB000D
:0C676800ECFEECFFF0E8F0F906F0FEFF9C
:10677400F09FF08EDA01AA63F08E06F89803F09F7A
:10678400DA00BEDDB840F0B066FBFF3FF2FC04FE69
:10679400E6FA6500F09FF08EDA00F6AC49803D021F
:0E67A400E1080D05F09FF08EDA01AA63E118FE
:0867B2000802FCFFFCFEDB0005
:0C67BA00ECFEECFFF0E8F0F906F0FEFF4A
:1067C600F09FF08EDA01AA63F08E06F83A03F09F86
:1067D600DA01269CB840F0B066FBFF3FF2FC04FEEF
:1067E600E6FA5B00F09FF08EDA00F6AC49803D02D7
:1067F600E1080D24F09FF08EDA01AA63F08E06F808
:10680600EA02F09FDA00BAD4B840DC5FD46E3803EF
:10681600C46EC002F0B066FBFF3FF2FC04FEE6FA6F
:106826006100F09FF08EDA00F6AC49803D02E10887
:0C6836000D05F09FF08EDA01AA63E11856
:086842000802FCFFFCFEDB0074
:10684A00ECFEECFFF0E8F0F9F09FF08EDA01AA63B3
:10685A00F08E06F83A03F09FDA01B69DF08E06F83C
:10686A00EA02F09FDA001AD4F09FF08EDA01AA63E6
:06687A00FCFFFCFEDB0048
:10688000ECFEECFFF0E8F0F9F09FF08EDA01AA637D
:10689000DC4FD44E0A03F1C8DC4FE4CE7603F08E11
:1068A00006F85A03F09FDA017C9EDC6FF4CE7E037B
:1068B000E4CEC902F4CE7903DC6FE4CECA02F4CE92
:1068C0007803E4CECB02DC6FF4CE7A03E4CECC02C4
:1068D000F4CE5803DC6FE4CECD02F4CE8503E4CED3
:0868E000CE02FCFFFCFEDB0010
:1068E800ECFEECFFF0E8F0F9F09FF08EDA01AA6315
:1068F800F08E06F84E03F09FDA01EE9DF09FF08EC1
:0A690800DA01AA63FCFFFCFEDB00CD
:10691200ECFEECFFF0E8F0F9F09FF08EDA01AA63EA
:10692200F09FF08EDA00BAB249802D0CF09FF08E03
:10693200DA0080B349802D06F09FF08EDA0058A26B
:1069420049803D02E1080D20DC5FF4CEE101E4CE96
:106952008B03F08E06F88603F09FDA0150B9DC4F04
:10696200D47EC0028EF7DC4FF48E8C032D03E6F644
:1069720000010D01E0067067DC4FC46EC002F09F9B
:0E698200F08EDA01AA63E118FCFFFCFEDB00D8
:10699000ECFEECFFF0E8F0F9F09FF08EDA00AAAF21
:1069A00049803D02E1080D3DF09FF08EDA01AA63B7
:1069B000F09FF08EDA003CB3F09FF08EDA0034B432
:1069C000F08E06F8EA02F09FDA00CED3F08E06F8D9
:1069D0008603F09FDA01DEBBF08E06F83A03F09FE3
:1069E000DA01FC9BF08E06F8B203F09FDA0196B351
:1069F000F08E06F89803F09FDA005ADDF09FF08ED3
:106A0000DA000AB049803D02E1080D0BF08E06F86D
:106A10004604F09FDA0144BEF09FF08EDA01AA63CB
:086A2000E118FCFFFCFEDB00A5
:10B08C00DC49D44810009AF40240E0160D01E05659
:10B09C00DC79C4680600C4680400C4680200B8689F
:02B0AC00DB00C7
:10B0AE00DC49D47808007C476871DC49D468060016
:10B0BE0066F680FF7067DC49D4780C007C276872D6
:10B0CE007076DC49D4480A00F06466F60C007067AE
:10B0DE00DC49D4580E00F07566F7100070765C14DB
:10B0EE00F06466F62000706766F540007056F0A5B5
:10B0FE00DC59D4580400D46802005065F045504A1B
:10B10E007046F074DC49C4580200F06ADC69C46809
:10B11E000600C4680400A8586057F0679160606A22
:06B12E007065DC49B86801
:02B13400DB003E
:10B13600DC49A8489AF40820DC49D44814003EF4B7
:10B14600DC49C44814000D07DC49D44814003FF418
:10B15600DC49C4481400DC49D44818009AF408D0E5
:10B16600DC49D4481A007FF4DC49C4481A000D07AC
:10B17600DC49D4481A007EF4DC49C4481A00DC498C
:10B18600D44816009AF40810DC49D4481A006FF423
:10B19600DC49C4481A000D07DC49D4481A006EF48D
:10B1A600DC49C4481A00DC49D44816009AF4052044
:10B1B600DC59F4C82B00E4C82A00DC49A8489AF4F4
:10B1C6000800DC49D4481200DFF4DC49C448120008
:10B1D6000D07DC49D4481200DEF4DC49C4481200ED
:10B1E600DC49A8489AF45010DC49F48828002D055B
:10B1F600DC49F488290049833D32E10CDC59E4C876
:10B206002900D44814000EF4DC59C4481400D4486C
:10B216001200EFF4DC49C4481200E13CDC59E4C8F2
:10B226002800D44826008AF47830DC69D4681C00EB
:10B23600C4682200D44820009AF40270E0170D0179
:10B24600E007DC49D4681E000067DC59C4682400A6
:10B25600D44826003FF4DC49C44826000D5EE11CB4
:10B26600DC59E4C82900D44814000EF4DC59C4485B
:10B276001400D4481200EFF4DC49C4481200E13C43
:10B28600DC49E4C828000D49DC49F48828002D3142
:10B29600DC49D44812008AF417E0E12CDC59E4C8F2
:10B2A6002900D44814007841DC59C4481400D44815
:10B2B6001200EEF4DC59C4481200F48828002981F3
:10B2C600DC49E48828000D29E13CDC59E4C8290062
:10B2D600D44814000EF4DC59C4481400D4481200B3
:10B2E600EFF4DC49C4481200E13CDC49E4C828001C
:10B2F6000D14E14CDC59E4C82900D4481400784107
:10B30600DC59C4481400D4481200EEF4DC49C448A1
:10B316001200E10CDC49E4C82800DC49A8489AF48C
:10B326000840DC49D44814007844DC49C448140079
:10B336000D07DC49D44814002EF4DC49C448140037
:10B34600DC49A8489AF40860DC49D4481200FFF4A6
:10B35600DC49C4481200DB00DC49D4481200FEF484
:08B36600DC49C4481200DB00C1
:10B36E00DC49A8489AF40830DC49D44814004EF45D
:10B37E00DC49C4481400DB00DC49D44814004FF407
:08B38E00DC49C4481400DB0097
:020000040000FA
:1005A8000000000000000000000000000000000043
:1005B8000000000000000000000300030003000327
:1005C80001030103010301030303030303030303FB
:1005D80004030403040304030203020302030203E3
:1005E80000030003000300030103010301030103E7
:1005F80003030303030303030403040304030403BF
:1006080002030203020302033803370335033603E8
:1006180009D109D109D109D100000000000000006A
:1006280000D000D000D000D018D118D118D118D1DE
:1006380009D109D109D109D113D113D113D113D1BA
:1006480000000000000000000000000000000000A2
:1006580009D109D109D109D100000000000000002A
:100668000000000000000000000000000000000082
:100678002713271327132713230122012001210100
:100688000000000000000000330532053005310588
:100698000000000000000000000000000000000052
:1006A8000102010201020102030203020302030222
:1006B800040204020402040202020202020202020A
:1006C800000000000000000071017201700170015B
:1006D8007101720170017001710172017001700184
:1006E800201520152015201580048004800480041E
:1006F80081048104810481044101410141014101D6
:100708004101410141014101300130013001300115
:100718003501350135013501200420042004200469
:100728001011101110111011320231023002300272
:100738000313031303130313031303130313031301
:1007480003130313031303130313031303130313F1
:1007580003130313031303130313031303130313E1
:10076800031303130313031328032703290326037F
:100778000000000000000000000000000000000071
:100788000000000000000000000000000000000061
:100798000000000000000000330133013301330181
:1007A8003301330133013301000000000000000071
:1007B800000000000000000008010701090106010F
:1007C800380137014001360132013101340130016D
:1007D80000000000000000005006500650065006B9
:1007E80085048504850485048504850485048504B9
:1007F8003803370335033603271327132713271323
:1008080000000000000000002815271529152615EE
:100818007101720170017001710172017001700142
:100828000606060606060606500350035003500344
:100838000000000000000000100410041004100460
:1008480000000000000000000000000000000000A0
:10085800251525152415231551035103510351035B
:10086800520352035203520300000000000000002C
:100878000000000000000000130112011001110126
:100888000000000000000000000000000000000060
:100898000000000000000000000000000000000050
:1008A80045044404430443041801170115011601C3
:1008B80008160816081608160000000000000000B8
:1008C8000000000000000000630562056005610586
:1008D8000506050605060506131613161316131640
:1008E800030502050005010515161516151615163A
:0808F8000000000000000000F8
:020000040001F9
:10CCA600F04847F86B008D02E004DB00F04907F816
:10CCB600FE002D0A07F8FE002D0907F8FC002D08D6
:10CCC60009873D08E10C0D08E11C0D06E12C0D0459
:10CCD600E13C0D02E004DB00C0C55C15F048C084F1
:0CCCE6005C340045D7400000D444A80591
:02CCF200DB0065
:10CCF400E10A9AF906009AF802008AF902C0E118DA
:10CD0400DB008AF904009AF80200E128DB009AF9B2
:10CD140003108AF8011079A49AF90700F0495048E1
:0CCD240066F4000F2D0277FA0800F18A77
:02CD3000DB0026
:020000040000FA
:0A400000190002020202021C9F9C3C
:100C00005EAA1A9519952B95939594955FAA000065
:100C1000FF010C000202030202FF000002040005B3
:100C200003010250030A280A00000104020503011F
:100C30000250030A281400000102020203010314F7
:100C4000030A281E00000101190203010314030A0C
:100C5000281E00000002020203010314030A2828D0
:100C600000000000FF010C000314030A28320000FA
:100C70000000FF010C0003140305283200000000EF
:100C8000FF010C00031403022832000000010001E0
:100C9000000102000300003200000104000503010E
:100CA0000250030A280A0000010202020301025056
:100CB000030A281400000000FF010C000314030ABB
:100CC000283201000102020203010314030A281E54
:100CD00001000101000100000100030000320100D9
:100CE00001010001000000FF03FFFF3201000101CC
:100CF0000000FF0000FF03FFFF32000001010001C0
:100D000000000100030000320000010202010001A6
:100D100003140300003200000000FF010C00031464
:100D2000030A283200000000FF010C000314030A2C
:100D3000283201000101190203010314030A281ECD
:100D400001000000000000000000000000000000A2
:100D50000000000000000000000000000000000093
:100D60000000000000000000000000000000000083
:100D70000000000000000000000000000000000073
:100D80000000000000000000000000000000000063
:100D90000000000000000000000000000000000053
:100DA0000000000000000000000000000000000043
:100DB0000000000203020300032803272828000084
:100DC00001020302030103280327281E000000027A
:100DD0000302030103280327281E00000204000564
:100DE000030103280327280A00000104000503016A
:100DF00003280327280A0000010403050301032830
:100E0000032728140000010102020300032803271E
:100E100028280000010102020301032803272828D3
:100E20000000FFFFFFFFFFFFFFFFFFFFFFFFFFFFD0
:100E3000FFFFFFFFFFFFFFFFFFFFFFFFFFFFFFFFC2
:100E4000FFFFFFFFFFFFFFFFFFFFFFFFFFFFFFFFB2
:100E5000FFFFFFFFFFFFFFFFFFFFFFFFFFFFFFFFA2
:100E6000FFFFFFFFFFFFFFFF19FFFFFFFFFFFFFF78
:100E7000FFFFFFFFFFFFFFFFFFFFFFFFFFFFFFFF82
:100E8000FFFFFFFFFFFFFFFFFFFFFFFFFF0000006F
:100E9000232323232321222222222000001F1F1F7D
:100EA0001F00001F00000020200020000025252535
:100EB0002500252525201E1E20201F1F1F00201E67
:100EC0001E1E1E1E1E1E2000000000001F1E000011
:100ED000201F1F00201E1E200000002525252000A9
:100EE0001F00002020200000200000000025201E00
:080EF0000000202525201E0052
:0B00BC00000102030405010106070813
:109EF000F04AC086F0480046F059DC45F484010081
:109F0000C0875C87F04AC086F0480046F059DC45BF
:089F1000A984C0847047DB0046
:109F1800F07BF04AC086F0480046F059DC45B9E4C9
:109F2800F04B7C84F1E8F04AC086F0480046F059CE
:089F3800DC45E4E40100DB005C
:109F4000DC49F488E00147F81400FD02E108DB0079
:109F5000E10E0D12C0E5E6F418000B54F2F60EFE09
:109F6000F0480046F059DC45F484050047F8260027
:109F70008D02E108DB0009E1DC49F4A8E00141AE13
:049F8000EDE9E1180E
:029F8400DB0000
:0C9F8600ECFDECFEECFFF0DAF0E8F0F986
:109F9200DC4FF4AEE0012D0647FA1400ED03F04D5C
:109FA20041A8ED02E1080D56C0A52851F04DC0842C
:109FB20040453D11E6FB1800E00AF04DC085E6F48D
:109FC20018000B54F2F40EFEF08E0084F09FDA00BB
:109FD200DCDFE1180D3FF04DC0840841F0D40D1BC9
:109FE200E6FC1800F04DC085E6F418000B54F2F4BC
:109FF2000EFEF0AE00A4F0BFF04DC085E6F41800EE
:10A002001B54F2F40EFEF08E0084F09F06F8E8FF77
:10A01200DA00C6DF08D1DC4FF4AEE001F04D41A812
:10A02200EDDFDC4FF48EE0012981DC4FE48EE001AC
:10A03200E6FB1800E00ADC4FF48EE001C085E6F48E
:10A0420018000B54F2F40EFEF08E0084F09FDA003A
:04A05200DCDFE11856
:08A05600FCFFFCFEFCFDDB0039
:10A05E00ECFDECFEECFF88C088B0F0DAF0E8F0F929
:04A06E0006F0FAFFFF
:10A07200F09FF08EDA00409F49803D03E108EA003C
:10A0820036A2E108B980EA0026A2A980C085E6F4DA
:10A0920018000B54F2F60EFEF04E0046F05FF0246C
:10A0A200F035D4700800D460060070672D1BDC43C5
:10A0B200A98247F86B00EA9020A2DC43A982698753
:10A0C200E0174C74DC43A982C0867C36D450080069
:10A0D200D44006000046DC45A984C08460473D02A6
:10A0E200EA0020A2E04AF093F082DA00F09EF0C487
:10A0F200E02AF093F082DA00F09EF014DC43F4825E
:10A102000500C085E0E40B54F2F60EFEE6F40E0CF8
:10A11200E6F500000046C4400200C45004009AF173
:10A1220046008AFC7C00D4500400D4400200DC4586
:10A13200F4840100C0845C14D7400000D454000CA5
:10A14200405D3D6D8AF101100D6ADC43F482060028
:10A152002D07DC43F48206002981DC43E4820600F9
:10A16200DC43F48206003D5B78C3D4500400D44043
:10A172000200DC45A9842D013FFCD4500400D440E8
:10A182000200DC45A98449823D014FFCF0BCE04A53
:10A19200F093F082DA00189FD4500400D4400200F9
:10A1A200DC45F4C40A00DC43E4C208000D389AFC22
:10A1B2003600D4500400D4400200DC45F48403008D
:10A1C200C0845C14D7400000D454000C405D3D278D
:10A1D2008AF101100D24DC43F48207002D07DC43D1
:10A1E200F48207002981DC43E4820700DC43F48225
:10A1F20007003D15F0BC66FBE6FFE04AF093F082F3
:10A20200DA00189FDC43F48208003D09E10CDC43CC
:10A21200B9C2A980C08AF09FF08EDA00869FA98019
:10A222000981B980DC4FF4AEE001A98041A8EAE0DF
:04A232008CA0E11803
:0CA2360006F00A00FCFFFCFEFCFDDB0053
:10A24200F04AF068F079E00BE00CF0A4F097F086A9
:06A25200DA005EA0DB0053
:0EA25800ECFDECFEECFFF028F03906F0FCFF08
:10A26600E108B980E108E4800200E00FF093F08293
:10A27600DA00409F49803D02E1080D59E1020D37A1
:10A28600C025E6F418000B54F2F60EFEF042004626
:10A29600F053F0C4F0D5E02AF09DF08CDA00F09E81
:10A2A600F0E4F04E684348433D0DDC4DF48C01006C
:10A2B60047F8FF009D07DC4DF48C01000981DC4D59
:10A2C600E48C0100E04AF09DF08CDA00F09EF0B4D8
:10A2D6009AFB0230E118B9809AFB0340E118E4804A
:10A2E60002009AFB03609AFE0100E01F0921DC438D
:10A2F600F4A2E00141A2EDC4F48002002D02E12C9B
:10A306000D05A9802D02E11C0D01E10CDC43E4C220
:10A31600E101F06FDC43E4C2E201E11CDC43E4C28C
:0EA32600E401E6FA1A95F093F082DA0042A202
:0AA334000804FCFFFCFEFCFDDB004A
:06A33E00F05AF0A8F0B98E
:10A3440047FA6B009D06F09BF08ADA00409F498033
:10A354003D02E108DB00E10E0D11C0E5E6F4180052
:10A364000B54F2F60EFEF04A0046F05BDC45A9847D
:10A3740047F86B008D02E108DB0009E1DC4BF4AA2D
:08A38400E00141AEEDEAE11831
:02A38C00DB00F4
:10A38E00DC49D448C2027C84F1C8DC4BE4CA140018
:10A39E00DC49D448C202F1C8DC4BE4CA1500DB002C
:0AA3AE00ECFDF02AF03BF0C8F0D9F6
:10A3B800E1020D14C024D7400000F484BC00C0861C
:10A3C800F04C0046F05DDC45F4E4C602C026F042DD
:10A3D8000046F053DC45E4E40900092147F20B008C
:0EA3E8008DE9F0B3F0A2F09DF08CDA008EA3A8
:04A3F600FCFDDB008F
:10A3FA007883DC4AA9A92D013FF849A23D014FF80B
:04A40A00F048DB003B
:10A40E00ECFDECFEECFF88B0F0DAF0E8F0F906F0C7
:02A41E00EEFF4F
:10A42000E108E4800800E108E4800A00F04DC08AF9
:10A43000F09FF08EDA003EA349803D03E108EA0078
:10A440001AA9DC4FD44EC0028AF40750F06DDC4FDD
:10A45000E4CEC402E108EA001AA9F04DC084D74056
:10A460000000F4248D0EE4200600C025E0E40B5427
:10A47000F2F60EFEE6F40E0CE6F500000046C440CF
:10A480000E00C450100049203D05E118E4800A0088
:10A49000EA000EA9E108B980EA0004A9A980C085F4
:10A4A000E6F418000B54F2F60EFEF04E0046F05F94
:10A4B000C4400200C4500400DC4FF4AEE001A980A7
:10A4C00041A8EA30CEA6E10CD4500400D4400200EA
:10A4D000DC45B9C4DC4FF48EE0010981DC4FE48E29
:10A4E000E001D4B00400D4A00200F09FF08EDA00A6
:10A4F000AEA3E04AD4900400D4800200DA00F09EBB
:10A50000F05466F5FF00F4800600C0845C8470455A
:10A51000C4400C00F04DC0845C14F06E0064F07F09
:10A52000DC47D446EA01CFF4DC47C446EA01D45004
:10A530001000D4400E00DC45F4C40200D4500400E6
:10A54000D4400200DC45E4C40600D4501000D440DE
:10A550000E00DC45F4840100C086F04E0046F05F3A
:10A56000DC45F484E30149813D11D44012009AF4A2
:10A570000D10D4300400D4200200DC43F422060085
:10A580002D05F1822981DC43E4820600D4501000BD
:10A59000D4400E00DC45F4C40400D4500400D44080
:10A5A0000200DC45E4C40700D4C01200F04C66F49D
:10A5B000000F5C44F0BC66FBFF0F70B4E02AD4903F
:10A5C0000400D4800200DA00189FD4400C0066F426
:10A5D000DCFFC4400C00D4400C0066F4E7FFC4402C
:10A5E0000C00D4500400D4400200DC45F484060082
:10A5F0003D0AD4A01000D4900E00D4800C00DA00E4
:10A60000FAA3C4400C00D4501000D4400E00DC4526
:10A61000F484050049813D02E0450D01E005D44088
:10A620000C002EF47045C4400C00D4501000D440EF
:10A630000E00DC45F4840C0049813D03E6F5400042
:10A640000D01E005D4400C006EF47045C4400C00D0
:10A65000D4B00C00E04AD4900400D4800200DA00A8
:10A66000189FD4400C009AF40800D4501000D44035
:10A670000E00DC45F4C40A000D07D4501000D4408D
:10A680000E00DC45F4C40700D4500400D44002009E
:10A69000DC45E4C40800E11CD4500400D4400200AE
:10A6A000DC45E4C41600E10CD4500400D4400200A0
:10A6B000DC45E4C40100F06DD4500400D440020035
:10A6C000DC45B9C4E118E4800A00EA000EA9D450C0
:10A6D0000400D4400200DC45A9A4F04D41A8EA30B2
:10A6E0008AA8F04DC0845C14F06E0064F07FDC47F3
:10A6F000D446EA01CFF4DC47C446EA01E02AD4900C
:10A700000400D4800200DA00F09E9AF40200EA000D
:10A7100082A8E04AD4900400D4800200DA00F09EBF
:10A72000C4400C00D4501000D4400E00DC45F4842A
:10A73000050049813D02E0450D01E005D4400C00D3
:10A740002EF47045C4400C00D4B00400D4A0020024
:10A75000F09FF08EDA008EA3D4501000D4400E008B
:10A76000DC45F4840100C086F04E0046F05FDC4515
:10A77000F484E30149813D17D44012009AF4131088
:10A78000D4500400D4400200DC45F48406002D0BB4
:10A79000D4700400D4600200DC47F48606002981EE
:10A7A000DC47E4860600D4501000D4400E00DC459F
:10A7B000F4C40400D4500400D4400200DC45E4C4D6
:10A7C0000700E02AD4900400D4800200DA00F09E52
:10A7D00066F400F0D4B0120066FBFF0F70B4E02AFC
:04A7E000D49004000D
:10A7E400D4800200DA00189FD4500400D440020040
:10A7F400DC45F48406003D0AD4A01000D4900E0079
:10A80400D4800C00DA00FAA3C4400C00D4400C003D
:10A814009AF40800D4501000D4400E00DC45F4C46F
:10A824000A000D07D4501000D4400E00DC45F4C4D7
:10A834000700D4500400D4400200DC45E4C40800FE
:10A84400D4500400D4400200DC45F484160047F8D8
:10A85400FF009D0BD4700400D4600200DC47F48632
:10A8640016000981DC47E4861600D4B00C005FFBB7
:10A87400E04AD4900400D4800200DA00189FE11862
:10A88400E4800A000D42D4500400D4400200DC45A8
:10A89400A984C084D7400000F4848D0EC085E0E410
:10A8A4000B54F2F40EFED7400000F484130C4981DB
:10A8B4003D05F48008000981E4800800D49010006C
:10A8C400D4800E00DC49F4E8050049E13D05F4803C
:10A8D400080047F80C009D0B49E12D0FF480080097
:10A8E400C085A980C084204546F40800CD06E7FC55
:10A8F4005500DC4FE4CEC5020D08A9800981B9805A
:10A90400A98047F81400EA809CA4F06DDC4FE4CEE3
:06A91400C402F4800A00F9
:0CA91A0006F01400FCFFFCFEFCFDDB005E
:10A92600ECFDECFEECFF88B0F0DAF0E8F0F906F0AA
:02A93600F8FF28
:10A93800E108E4800200F04DC08AF09FF08EDA0052
:10A948003EA349803D03E108EA0006ABF04DC08410
:10A95800D7400000F4848D0EC085E0E40B54F2F675
:10A968000EFEE6F40E0CE6F500000046C4400400B6
:10A97800C4500600DC4FD44EC0028AF40250EA00EC
:10A98800EEAAE108B980EA00DAAAA980C085E6F44F
:10A9980018000B54F2F60EFEF04E0046F05FF0245D
:10A9A800F035DC43A9A2F04D41A8EA30D4AAE02A48
:10A9B800F093F082DA00F09E8AF40200EA00E8AA36
:10A9C800E04AF093F082DA00F09EF0C49AFC081096
:10A9D800D4500600D4400400DC45F4C40A000D0736
:10A9E800D4500600D4400400DC45F4C40900DC431C
:10A9F800E4C208008AFC01102EFCD4500600D440A2
:10AA08000400DC45F4840100C086F04E0046F05F87
:10AA1800DC45F484E30149813D0AD4500600D44062
:10AA28000400DC45F4C40200DC43E4C20600D45050
:10AA38000600D4400400DC45F4840300C086F04ED0
:10AA48000046F05FDC45F484E30149813D0FD440C2
:10AA580008009AF40B10DC43F48207002D07DC434E
:10AA6800F48207002981DC43E4820700E02AF0939E
:10AA7800F082DA00F09E66F400FFD4B0080066FBAE
:10AA8800FF0070B4E02AF093F082DA00189F4EFCC1
:10AA9800DC43F48207003D0266FCF6FFF0BCE04AA6
:10AAA800F093F082DA00189FDC43F48207003D1827
:10AAB800DC43F48208003D14E10CDC43B9C2A980F0
:10AAC800C08AF09FF08EDA00869F0D0AA98009815E
:10AAD800B980DC4FF4AEE001A98041A8EAE092A970
:10AAE800E118E4800200DC4FF4AEC402F04D41A846
:0EAAF8003D04E10CDC4FE4CEC402F480020009
:0CAB060006F00A00FCFFFCFEFCFDDB007A
:10AB1200ECFDECFEECFFF01AF028F03906F0FAFF3B
:10AB2200C02AF093F082DA003EA349802D05DC436F
:10AB3200D442C0028AF40350E108EA0062ACC024A5
:10AB4200D7400000F4848D0EC085E0E40B54F2F689
:10AB52000EFEE6F40E0CE6F500000046C4400200CC
:10AB6200C4500400E00F0D75F04FC085E6F41800E4
:10AB72000B54F2F60EFEF0420046F053F0C4F0D54C
:10AB8200DC4DA9AC41A23D64E02AF09DF08CDA00D4
:10AB9200F09E7842B840A8B0E02AF09DF08CDA002E
:10ABA200189FE04AF09DF08CDA00F09EF0E4A84095
:10ABB2009AF42700D4500400D4400200DC45F48407
:10ABC2000100C086F0420046F053DC45F484E30104
:10ABD20049813D37DC4DF48C06002D33DC4DF48C7D
:10ABE20006002981DC5DE48C0600F48C06003D2918
:10ABF200D4A00400D4900200F08EDA00FAA3F0E4AC
:10AC02000D20D4500400D4400200DC45F48403003B
:10AC1200C086F0420046F053DC45F484E3014981EA
:10AC22003D10DC4DF48C07002D0CDC4DF48C07003C
:10AC32002981DC5DE48C0700F48C07003D0266FE8E
:10AC4200E6FFF0BEE04AF09DF08CDA00189F0D0797
:10AC520008F1DC43F4A2E001F04F41A8ED85E118D0
:0AAC62000806FCFFFCFEFCFDDB0011
:0EAC6C00ECFDECFEECFFF0CBF01AF028F03916
:10AC7A00C02AF093F082DA003EA349802D05DC4316
:10AC8A00D442C0028AF40250E1080D2CE00D0D23D3
:10AC9A00F04DC085E6F418000B54F2F60EFEF042B1
:10ACAA000046F053F0E4F0F5DC4FA9AE41A23D12A4
:10ACBA00E02AF09FF08EDA00F09E66F4FFF0F0BC16
:10ACCA0066FB000F70B4E02AF09FF08EDA00189F3E
:10ACDA00E1180D0808D1DC43F4A2E001F04D41A8C7
:04ACEA00EDD7E108B9
:08ACEE00FCFFFCFEFCFDDB0095
:10ACF600ECFDECFEECFF88C088B0F0DAF0E8F0F985
:04AD060006F0FEFF56
:10AD0A00F04DC08AF09FF08EDA003EA349803D02E2
:10AD1A00E1080D6ED4500400D4400200DC45A8942A
:10AD2A00F04DC0865C16F04E0046F05FDC45D484D8
:10AD3A00EA01DA01F4CCF1A8B9A09AF52100D450BD
:10AD4A000400D4400200DC45A8B4F04DC08AF09F4C
:10AD5A00F08EDA000EA4F04DC0865C16F04E004666
:10AD6A00F05FDC45D444EA019AF432C0D47004009E
:10AD7A00D4600200DC47A846CFF4DC47B8460D2869
:10AD8A00A9809AF40D10D4500400D4400200DC4586
:10AD9A00A8B4F04DC08AF09FF08EDA0026A90D18EB
:10ADAA00A9809AF40620F04DC08AF09FF08EDA004E
:10ADBA0012ABA9809AF40C30D4500400D44002009B
:10ADCA00DC45A8B4F04DC08AF09FF08EDA006CAC76
:10ADDA00D4500400D4400200DC45A874F04DC0866B
:10ADEA005C16F04E0046F05FDC45C474EA01E118D7
:0AADFA000806FCFFFCFEFCFDDB0078
:0EAE0400ECFDECFEECFFF0E8F0F906F0FEFFCE
:10AE1200E00AF09FF08EDA003EA349803D03E1088C
:10AE2200EA00A0AFDC4FD44EC0029AF40360E118EE
:10AE3200EA00A0AFE108B980EA0082AFA980C0852C
:10AE4200E6F418000B54F2F60EFEF04E0046F05FE8
:10AE5200F024F035DC53A922F4820500C085E0E439
:10AE62000B54F2F60EFEE6F40E0CE6F50000004678
:10AE7200F0C4F0D5E02AF093F082DA00F09EF0B44C
:10AE82008AFB3E00C0265C16F04E0046F05FDC45B1
:10AE9200D444EA019AF43410C024D7400000F4C428
:10AEA200220EDC43F4820100418CFD18DC4DF48C4F
:10AEB2000100C086F04E0046F05FDC45F484E301F9
:10AEC20049813D1EDC43F48206002D1ADC43F482E4
:10AED20006002981DC43E48206000D12DC4DF48C6D
:10AEE2000300C086F04E0046F05FDC45F484E301C7
:10AEF20049813D06DC4DF4CC0200DC43E4C206008D
:10AF0200E04AF093F082DA00F09E8AF41E009AFB87
:10AF12000200E0660D01E086F04C0046F05DDC4583
:10AF2200A984C086F04E0046F05FDC45F484E3015C
:10AF320049813D0BDC43F48208002D07DC43F48297
:10AF420008002981DC43E4820800DC43F482080023
:10AF52003D14C0245C14F06E0064F07FDC47D446DC
:10AF6200EA0166F4FEEFDC47C446EA01E6FB18009C
:10AF7200E00AF093F082DA00DCDFA9800981B9806F
:10AF8200DC4FF4AEE001A98041A8EAE03EAEDC4F1E
:0EAF9200D44EC0026FF4DC4FC44EC002E11872
:0AAFA0000802FCFFFCFEFCFDDB00D4
:10AFAA00F028F039E00AF093F082DA003EA34980F3
:10AFBA002D0FDC43D442C0029AF40A50DC43D45227
:10AFCA00D002F0659160DC43D442D20240462D02A1
:10AFDA00E108DB0046F56A003D0ADC43D442D402AC
:10AFEA004841ED020FF40D010EF46981DB0048516E
:10AFFA008D0546F56900ED02E0140D01E004DB0061
:0AB00A00ECFDECFEECFFF0E8F0F9BD
:10B01400E00AF09FF08EDA003EA349802D05DC4F54
:10B02400D44EC0028AF40350E108EA00AAB1DC4F0E
:10B03400D44ED00246F46A003D6DDC4FD44ED402A7
:10B044003D22E10CDC4FE4CEE001E6FBE001E00A46
:10B05400F09FF08EDA00DCDFE01DE0070D0AF04D12
:10B06400C0865C16F04E0046F05FDC45C474EA010D
:10B0740008D1F04D47F86900FDF2E10CDC4FE4CE55
:10B08400C502EA0096B1DC4FD44ED4024841EA30FE
:10B0940096B1DC4FF48EE001F0D40D3828D1F04D98
:10B0A400C085E6F418000B54F2F60EFEF04E00468E
:10B0B400F05FDC45A9E4C0E4D7400000F4848D0EC1
:10B0C400C085E0E40B54F2F40EFED7400000F48493
:10B0D400130C49813D1BC0E45C14F06E0064F07FE6
:10B0E400DC47D446EA017EF4DC47C446EA01E6FBC9
:10B0F4001800E00AF04DC085E6F418000B54F2F491
:10B104000EFEF08E0084F09FDA00DCDFF04D498003
:10B114003DC50D3FDC4FD44ED00248418D3ADC4F43
:10B12400D44ED00246F46900ED34E00D0D2EF04DFE
:10B13400C085E6F418000B54F2F60EFEF04E0046FD
:10B14400F05FDC45A984C086DC4FD44ED002404673
:10B154003D1BE6FB1800E00AF04DC085E6F418003C
:10B164000B54F2F40EFEF08E0084F09FDA00DCDF64
:10B17400E007DC4FD46ED0025C16F04E0046F05F60
:10B18400DC45C474EA010D0508D1F04D47F81400FC
:10B194008DCEE006DC4FC46ED002E6F6FFFFDC4F36
:06B1A400C46ED202E118A6
:08B1AA00FCFFFCFEFCFDDB00D4
:06B1B200ECFDF028F0396D
:10B1B800E00AF093F082DA003EA349803D02E108FC
:10B1C8000D5AE10CDC53E4C2D902D442D6029AF4F7
:10B1D80009F0E11CDC43E4C2D802E10CDC43E4C220
:10B1E800E1010D35E1020D1CC025E6F418000B54F1
:10B1F800F2F60EFEF0420046F053F0C4F0D5E02A15
:10B20800F09DF08CDA00F09EF0B41EFBE02AF09D71
:10B21800F08CDA00189FE10CDC4DE4CC0100092128
:10B22800DC43F4A2E00141A2EDDFE1120D0DC024E0
:10B238005C14F0620064F073DC47D446EA011EF443
:10B24800DC47C446EA01092147F26900FDF0E11C28
:10B25800DC53E4C2E401D442C0025FF4DC43C442DC
:10B26800C002E006DC43C462D002E6F6FFFFDC431E
:06B27800C462D202E118DD
:04B27E00FCFDDB00F8
:10B28200DC49D448D0023D08DC49D448D20246F415
:0CB29200FFFF3D02E0140D01E004DB00B2
:10B29E00E10CDC59E4C8E501D448D6029AF404F076
:0CB2AE00E006DC49C468E402E118DB00A3
:10B2BA00ECFEECFFF0E8F0F9E00AF09FF08EDA001D
:10B2CA003EA349803D02E1080D31DC4FF48EE501D1
:10B2DA003D2CDC4FD44EDE029AF42320DC4FD44EB0
:10B2EA00E20242F400408D15E11CDC4FE4CEE50198
:10B2FA00E6FA1995F09FF08EDA0042A2DC4FD45E8E
:10B30A00E40246F5FFFF9D110851DC4FC45EE402DA
:10B31A000D0CDC4FD44EE2020841DC4FC44EE2026F
:10B32A000D04E006DC4FC46EE202E118FCFFFCFEED
:02B33A00DB0036
:10B33C00DC49D448D00246F46A003D0CE10CDC49EF
:10B34C00E4C8E501E006DC49C468E202E006DC4939
:08B35C00C468E402E118DB0003
:10B36400E10CDC59E4C8E601D448D6029AF404F0AE
:0CB37400E10CDC49E4C8E802E118DB0051
:10B38000ECFEECFFF0E8F0F9E00AF09FF08EDA0056
:10B390003EA349803D02E1080D4ADC4FF48EE601F0
:10B3A0003D05DC4FD46EC0029AF60270E1180D3FE5
:10B3B000DC4FD44EDE029AF43420DC4FF48EE702E8
:10B3C00043F809408D06F0567FF5DC4FC45EC0029D
:10B3D0000D2D7EF6DC5FC46EC002F4AEE60243FAC9
:10B3E0000840FD24DC4FF48EE702C086C0A520563D
:10B3F000C2F407404045AD1AE11CDC4FE4CEE60143
:10B40000E6FA2B95F09FF08EDA0042A2DC4FF4AE04
:10B41000E80247FAFF009D0A09A1DC4FE4AEE8020A
:10B420000D05DC5FF4CEE602E4CEE702E118FCFF96
:04B43000FCFEDB0043
:10B43400DC49D448D00246F46A003D1EE10CDC69C4
:10B44400E4C8E601F4C8E602E4C8E702DC49D478BB
:10B45400C0027EF7DC49F488E60243F809408D0314
:10B46400E6F680000D01E0067067DC49C468C0029E
:0CB47400E10CDC49E4C8E802E118DB0050
:10B48000DC49D458E00246F568019D050851DC49C5
:10B49000C458E002DB00E006DC59C468E002D4488E
:0CB4A000C2020841DC49C448C202DB00C3
:04B4AC00F028F0395B
:10B4B000E00AF093F082DA003EA349802D06F09373
:10B4C000F082DA0082B249803D02E108DB00E6F654
:10B4D0006A00DC43C462D002E6F695FFDC43C46236
:10B4E000D202E006DC43C462D402E11A0D0DC0A40E
:10B4F0005C14F0620064F073DC47D446EA017FF428
:10B50000DC47C446EA0109A147FA6900FDF0E118E9
:02B51000DB005E
:04B51200F028F039F4
:10B51600E00AF093F082DA003EA349802D06F0930C
:10B52600F082DA0082B249803D02E108DB00E6F6ED
:10B536006A00DC43C462D002E6F695FFDC43C462CF
:10B54600D202E016DC43C462D402E1020D28C02513
:10B55600E6F418000B54F2F60EFEF0420046F053E5
:10B56600DC45A9E4C0E8D7400000F4888D0EC0850C
:10B57600E0E40B54F2F40EFED7400000F484130C02
:10B5860049813D0CF0485C14F0620064F073DC47BE
:10B59600D446EA017FF4DC47C446EA010921DC43CC
:0AB5A600F4A2E00141A2EDD3E11888
:02B5B000DB00BE
:10B5B200F01AF028F039C02AF093F082DA003EA3A4
:10B5C20049802D06F093F082DA0082B249803D0272
:10B5D200E108DB00C026DC43C462D002C0269160D1
:10B5E200DC43C462D202C0245C14F0620064F073D3
:10B5F200DC47D446EA017FF4DC47C446EA01E1189D
:02B60200DB006B
:10B60400F04A47F814009D0DF04AC085E6F418008E
:10B614000B54F2F60EFEF0480046F059DC45A984BE
:0AB624000D03DC49D448EA01DB0005
:0EB62E00ECFDECFEECFFF0E8F0F906F0F4FFA6
:10B63C00E00AF09FF08EDA003EA349803D03E1085A
:10B64C00EA00D0BBDC4FF48ED8020981DC5FE48EBB
:10B65C00D802F48ED80247F86900FD04E11CDC4FD7
:10B66C00E4CED802DC4FF48ED802E4800200C0870E
:10B67C00F0675C16F04E0046F05FDC45D444EA01FE
:10B68C008AF40200EA00AEB7D7400000F4878D0EB2
:10B69C00EA20D0B7DC4FF48EC50247F85500EA20FB
:10B6AC00D0B7E00D0D77F04DC08AF09FF08EDA0028
:10B6BC0004B6F4A00200418A3D57F04D47F814003F
:10B6CC009D0EE02AF04DC085E6F418000B54F2F400
:10B6DC000EFEF08E0084F09FDA00F09E0D03DC4F1E
:10B6EC00D44EEC01C4400A00D4400A008AF46A002B
:10B6FC00F04D47F814009D11D4B00A0078B1E02A3F
:10B70C00F04DC085E6F418000B54F2F40EFEF08EEA
:10B71C000084F09FDA00189F0D07DC4FD44EEC012B
:10B72C007841DC4FC44EEC01F4800200C0865C16FC
:10B73C00F04E0046F05FDC45D4B4EA01F480020020
:10B74C00C08AF09FF08EDA0026A9F4800200C08433
:10B75C005C14F06E0064F07FDC47D446EA010EF412
:10B76C00DC47C446EA010D2EDC4FF4AEE001F04D8F
:10B77C0041A83D0FF4800200C0845C14F06E00649C
:10B78C00F07FDC47D446EA010EF4DC47C446EA01FC
:10B79C000D1908D1DC4FF4AEE001F04D41A89D83AA
:10B7AC000D11F4800200C0865C16F04E0046F05F6E
:10B7BC00DC45D4B4EA01F4800200C08AF09FF08E1C
:10B7CC00DA0026A9F4200200C027F0875C18F0AE3E
:10B7DC0000A8F0BFDC4BD45AEA019AF531C0D7402F
:10B7EC000000F4878D0E3D05CEF5DC4BC45AEA0102
:10B7FC000D55E00D0D1EF04DC08AF09FF08EDA0055
:10B80C0004B6F420020041822D49DC4FF4AEE00175
:10B81C00F04D41A83D0DC0245C14F06E0064F07F27
:10B82C00DC47D446EA01CEF4DC47C446EA010D36C7
:10B83C0008D1DC4FF4AEE001F04D41A89DDC0D2E9B
:10B84C00F4800200C084D7400000F4848D0E2D26B5
:10B85C00E00D0D1EF04DC085E6F418000B54F2F609
:10B86C000EFEF04E0046F05FDC45A9A4F420020069
:10B87C0041A23D0DC0245C14F06E0064F07FDC47E7
:10B88C00D446EA01CFF4DC47C446EA010D0708D1DF
:10B89C00DC4FF4AEE001F04D41A8EDDCDC4FF48E52
:10B8AC00E001EA209CBADC4FF48EDA020981DC6FED
:10B8BC00E48EDA02F4CEE001F48EDA02418C8D04CF
:10B8CC00E10CDC4FE4CEDA02DC4FF48EDA02F0D479
:10B8DC00F04DC085E6F418000B54F2F60EFEF04E57
:10B8EC000046F05FC4400400C4500600DC45A9A427
:10B8FC00E4A0020049A0EA203ABAF04DC084084105
:10B90C00B9800D22A980C085E6F418000B54F2F61C
:10B91C000EFEF04E0046F05FDC45A9A4F480020058
:10B92C0041A83D0FE6FB1800E00AA980C085E6F4AB
:10B93C0018000B54F2F40EFEF08E0084F09FDA0027
:10B94C00DCDFA9800981B980DC4FF4AEE001A9806D
:10B95C0041A8EDD8F4800200C084D7400000F484E4
:10B96C008D0EC085E0E40B54F2F60EFEE6F40E0CE0
:10B97C00E6F500000046F024F035E02AD4900600ED
:10B98C00D4800400DA00F09EC4400A00E04AD4904F
:10B99C000600D4800400DA00F09EF074F42002005B
:10B9AC00C028D7400000F4C88D0ED4B00600D4A037
:10B9BC000400DC4BF48A0500418C3D319AF70330CE
:10B9CC00DC43A9822D2C9AF70440DC43A9824982DE
:10B9DC003D269AF70420DC43F48205002D205C18E8
:10B9EC00F04E0048F05FDC45D444EA01D4500A0024
:02B9FC005045B4
:10B9FE008AF41410DC43F4C20200DC4BF48A060015
:10BA0E00418CED0CDC43F4C20400D4500600D4404B
:10BA1E000400DC45F4840700418CFD39F4800200FB
:10BA2E00C08AF09FF08EDA00B2B50D31DC4FF4CE45
:10BA3E00E001C0C52851F04DC08740753D0529C1B4
:10BA4E00DC4FE4CEE0010D23E6FC1800E6F418000E
:10BA5E001B74F2F40EFEF0AE00A4F0BF06FA18004E
:10BA6E00D4900600D4800400DA00C6DFE6FB18008E
:10BA7E00E00AF04DC085E6F418001B54F2F40EFEF9
:10BA8E00F08E0084F09F06F81800DA00DCDFDC4F41
:10BA9E00F48EDB020981DC5FE48EDB02F4AEDB02A6
:10BAAE0047FA14009D05DC4FF4CEE00141AC9D0534
:10BABE00DC5FF4CEE001E4CEDB02DC4FF4AEDB0261
:10BACE0047FA14009D0EE6FB1800E00AC0A5E6F446
:10BADE0018000B54F2F40EFEF08E0084F09FDA0084
:10BAEE00DCDFDC4FD44EC0028AF41950DC4FF4CEAA
:10BAFE00DD02F18C0981DC4FE48EDD02E4C008002A
:10BB0E0047FC14008D10DC4FD44EC0025FF4DC4FA6
:10BB1E00C44EC002E10CDC4FE4CEDD020D04E10C9C
:10BB2E00DC4FE4CEDD02DC4FD46ED2029160DC4FEE
:10BB3E00D47ED00240762D12E006DC4FC46ED002C9
:10BB4E00E6F6FFFFDC4FC46ED202E10CDC4FE4CE12
:10BB5E00DC02E10CDC4FE4CED9020D2DDC4FF48E6D
:10BB6E00D902C08640762D09F1CEDC4FE4CED90243
:10BB7E00E10CDC4FE4CEDC020D1EDC4FF4CEDC0219
:10BB8E00F18C0981DC4FE48EDC02E4C0080047FC36
:10BB9E0014008D11E006DC4FC46ED002E6F6FFFFF6
:10BBAE00DC4FC46ED202E10CDC4FE4CEDC02E10CC1
:10BBBE00DC4FE4CED902E7FCFF00DC4FE4CEC70237
:02BBCE00E1187C
:0CBBD00006F00C00FCFFFCFEFCFDDB009E
:0500A4004C5248310040
:020000040001F9
:0E558000F04849802D02E0040D01E004DB003C
:10558E00ECFDECFEECFFF0E8F0F9DC4FA98E47F8ED
:10559E004C003D3ADC4FF48E010047F852003D348A
:1055AE00DC4FF48E020047F848003D2EDC4FF48E9F
:1055BE00030047F831003D28F08E0884F09FDA0191
:1055CE00528F48423D21F08E0886F09FDA01528FAD
:1055DE0046F400033D19E6FB1400F0AFF09EE6F82A
:1055EE00FFFFDA016890F0D4F08E06F81400F09FF9
:1055FE00DA01528F404D3D08DC4FF48E1F0047F804
:10560E00A5003D02E0140D01E004FCFFFCFEFCFDD4
:02561E00DB00AF
:0E562000ECFDECFEECFFF0E8F0F906F0FEFF0A
:10562E00F04AC088DA018055B840DA014045498019
:10563E003D0BE6FB2000F09E06F90003F0AFA880BC
:10564E00DA01804449803D02E1380D3CF08E06F8C7
:10565E000003F09FDA018E5549803D02E1480D327C
:10566E00E00D0D13E6FB2000F09E009DF0AFA8802C
:10567E0006F82000008DDA01804449803D02E138B1
:10568E000D21DA01322106FD200046FD00038DEAD0
:10569E00E6FB0003F0AFF09EE6F8FFFFDA0168903C
:1056AE00F0D4F08E06F80C03F09FDA01528F404DC5
:1056BE003D06F09FF08EDA01329549803D02E148B9
:0456CE000D01E118D1
:0A56D2000802FCFFFCFEFCFDDB00FB
:1056DC00ECFDECFEECFF88B088A0F0E8F0F906F0E9
:0256EC00F0FFCD
:1056EE00E108E4800200E108E4800400E108E480BF
:1056FE000600E004E005C4400800C4500A00DC4F78
:10570E00F48E4A033D06F09FF08EDA01104E49806A
:10571E003D03E108EA008058E108B9800D3BA980FD
:10572E00C08AF09FF08EDA012056F0D4F04D4983F6
:10573E003D03E118E4800600F04D49813D28F08ECE
:10574E0006F80803F09FDA017A8FC4400C00C450AB
:10575E000E00F48004002D0DD4600800D4700A00F1
:10576E00D4400C00D4500E002046305728403850FC
:10577E00BD0EA980E4800200D4400C00D4500E006F
:10578E00C4400800C4500A00E118E4800400A98057
:10579E000981B980A98049818DC2E10CDC4FE4CE2C
:1057AE004D03F48004003D0FF48006002D02E13C11
:1057BE000D01E14CDC4FE4CE4E03F09FF08EDA018A
:1057CE003A4EE1080D56F4800200C08AF09FF08E2A
:1057DE00DA012056F0D4F04D49813D0DF08E06F8D9
:1057EE000803F09FDA017A8FD4600800D4700A00A3
:1057FE00204630572D0FF04D49813D02E13C0D0101
:10580E00F06DDC4FE4CE4E03F09FF08EDA013A4E8F
:10581E00E1080D2FF0BFF0AED4901200D48010002E
:10582E00DA01809849803D0AE14CDC4FE4CE4E030C
:10583E00F09FF08EDA013A4EE1080D1BD46008009D
:10584E00D4700A00DC5FC46E4003C47E4203F4C011
:10585E000200DC4FE4CE4C03E11CDC4FE4CE4D03E2
:10586E00E11CDC4FE4CE4E03F09FF08EDA013A4E8F
:02587E00E1182F
:0C58800006F01400FCFFFCFEFCFDDB0049
:10588C00ECFEECFF88C088B088A0F0E8F0F9DC4FA3
:10589C00F48E4A033D06F09FF08EDA01104E4980DB
:1058AC003D03E108EA00D059F0BFF0AED4900200FD
:1058BC00A880DA01D49549803D0AE14CDC4FE4CE56
:1058CC004E03F09FF08EDA013A4EE1080D7BD48046
:1058DC000400D4900600DA01267D49803D06F09F35
:1058EC00F08EDA013A4EE1080D6DE10CDC4FE4CE9E
:1058FC004B03E6FB2000E00AF08E06F80003F09F55
:10590C00DA00DCDFE04CE6FAA400E6FB0000F08EE7
:10591C0006F80003F09FDA00C6DFE02AF08E06F8E6
:10592C000403F09FDA01668FE6FA0003F08E06F8A6
:10593C000603F09FDA01668FDC5FD4AE4003D4BE61
:10594C00420308A118B0F08E06F80803F09FDA01A4
:10595C00A08FE6FB0003F0AFF09EE6F8FFFFDA0144
:10596C006890F0A4F08E06F80C03F09FDA01668FB5
:10597C00E6FB1400F09E06F90003F0AFE6F8FFFF1B
:10598C00DA016890F0A4F08E06F81403F09FDA01A7
:10599C00668FE006DC4FC46E4803E11CDC4FE4CE9E
:1059AC004A03E10CDC4FE4CE4E03D4600400D47007
:1059BC00060006F610271870DC5FC46E4403C47E24
:0C59CC004603E1180806FCFFFCFEDB00AF
:0E59D800ECFDECFEECFFF0E8F0F906F0FCFF51
:1059E600DC4FF48E4B03C088DA018055F0D4DC4FCF
:1059F600F48E4A03EA20B05CD750E000F2F77A242E
:105A0600F2F67824206E307FEA30985CDC5FD46E44
:105A16004403D47E4603F04A2046F05B30572840C4
:105A26003850CD0EE10CDC4FE4CE4A03E12CDC4FBE
:105A3600E4CE4E03F09FF08EDA013A4EEA00B05CF7
:105A4600DA014045F1A849A1EA20B05C49A0EA3054
:105A5600985CDC4FF48E4A0307F8FFFF47F808000E
:105A6600EA90985CC0845C2406F4745A9C04EA00AC
:105A7600945AEA00C45AEA00F65AEA002E5BEA0093
:105A8600A45BEA00C45BEA00025CEA00305CE10861
:105A9600E4800200E01BE029009066F9FF3FF2FA7D
:105AA60004FEF08D06F81F00DA019C454980EA20C5
:105AB600985CE12CDC4FE4CE4A03EA00B05CE01BC4
:105AC600F09E06F92003F0AFF08D06F81F00DA010C
:105AD60080444980EA20985CDC4FF48E20032D0236
:105AE600EA00985CE13CDC4FE4CE4A03EA00B05C95
:105AF600DC4FD45E4803F04D06F42000F0840085A8
:105B0600B880E6FB2000DC4FD44E4803F09E00949C
:105B1600F0AFDA019C454980EA20985CE14CDC4F05
:105B2600E4CE4A03EA00B05CDC4FD45E4803F04D95
:105B360006F42000F0840085B880E6FB2000F09E85
:105B460006F92003F0AFDA0180444980EA20985C28
:105B5600E6FC2000DC4FD44E4803F0AE00A4F0BFB4
:105B6600F08E06F82003F09FDA00D03F48402D0261
:105B7600EA00985CDC4FD44E480306F42000DC5F54
:105B8600C44E4803D44E480346F400033D02E15C8C
:105B96000D01E13CDC4FE4CE4A03EA00B05CE6FBD3
:105BA6002000F09E06F90003F0AFF08DDA019C4567
:105BB60049802D6FE16CDC4FE4CE4A030D76E6FB9F
:105BC6002000F09E06F92003F0AFF08DDA01804444
:105BD60049802D5FE6FC2000F0AE06FA0003F0BF18
:105BE600F08E06F82003F09FDA00D03F48402D01E2
:105BF6000D50E17CDC4FE4CE4A030D57E7F8A500D3
:105C0600E4800200E01BE029009066F9FF3FF2FA0B
:105C160004FEF08D06F81F00DA019C4549802D39F7
:105C2600E18CDC4FE4CE4A030D40E6FB2000F09EFB
:105C360006F92003F0AFF08DDA01804449802D2962
:105C4600F08E06F82003F09FDA018E5549803D015B
:105C56000D20F08E06F80803F09FDA017A8FDC7FBC
:105C6600C44E4003C45E4203F4CE4B03E4CE4C0361
:105C7600E11CDC4FE4CE4D03E10CDC4FE4CE4A03DD
:105C8600E11CDC4FE4CE4E03F09FF08EDA013A4E73
:105C96000D0CE10CDC4FE4CE4A03E13CDC4FE4CED4
:0A5CA6004E03F09FF08EDA013A4E33
:0A5CB0000804FCFFFCFEFCFDDB0015
:020000040000FA
:100F58005710015F7C5C066C860A1757FD893F3085
:100F68005701608C25AF8FF23BFCB4FD1E4837B3A8
:020000040001F9
:10950A00F06ADC49B9C8F04A7C84F1C8DC49E4C88D
:04951A000100DB0071
:10951E00DC49F4880100C0865C86DC49A988C084D9
:04952E007046DB00A8
:0A953200ECFDECFEECFFF0E8F0F9B0
:10953C00DC4FF48E2800F0D4E6FC2000E6FA580F3D
:10954C00E6FB0000F09FF08EDA00D03F48403D096A
:10955C00F04D47F81400ED05DC4FF48EF302498210
:10956C002D02E1080D2DE10E0D18C0E8E6F41800EF
:10957C001B84F2F90EFEF0AE00A9F0BFDC4BF48AAE
:10958C00350047F86B009D06DC4BF48A3A0047F82F
:10959C0026008D02E1080D1409E1F05D41EA8DE52C
:1095AC00E6F7F4020D09F04E0047F05FDC45A984A4
:1095BC002D02E1080D05087146F700038DF4E11842
:0895CC00FCFFFCFEFCFDDB00CE
:1095D400ECFDECFEECFFF0EAF0FB8890888006F0EE
:0295E400FCFF8A
:1095E600D4700600D4600400B860C4700200DC4782
:1095F600F486E00147F81400FD03E108EA007498D8
:10960600E00D0D1CF04DC087E6F418000B74F2F85F
:109616000EFED4500200A840F0A400A8F0B5DC4B22
:10962600A98A47F86B009D06DC4BF48A050047F8CB
:1096360026008D03E108EA00749808D1D450020090
:10964600A840DC45F4A4E001F04D41A8EDDBE6FBC3
:109656000003E00AF09FF08EDA00DCDFE6FC200073
:10966600E6FA580FE6FB0000F09FF08EDA00C6DF40
:10967600D4500600D4400400DC45D4442003F1C88D
:10968600DC4FE4CE2000D4500600D4400400DC4574
:10969600F4C44903DC4FE4CE2100D4500200A840B4
:1096A600DC45F4C4E301DC4FE4CE2200D4500200D2
:1096B600A840DC45F4C4E901DC4FE4CE2300D450D5
:1096C6000200A840DC45F4C4DA02DC4FE4CE2400F4
:1096D600D4500200A840DC45F4C4DB02DC4FE4CEE3
:1096E6002500D4500200A840DC45F4C4D802DC4F63
:1096F600E4CE2600D4500200A840DC45F4C4C402DF
:10970600DC4FE4CE2700D4500200A840DC45F4C468
:10971600E001DC4FE4CE2800D4500200A840DC452E
:10972600F4C4C502DC4FE4CE2900D4500200A840A0
:10973600DC45F4C4C702DC4FE4CE2A00D450020054
:10974600A840DC45F4C4E802DC4FE4CE2B00D4503C
:109756000600D4400400DC45F4C48703DC4FE4CEA5
:109766002C00D4500600D4400400DC45D4A46C037D
:10977600F08E06F82D00F09FDA010A95D450060007
:10978600D4400400DC45D4A42203F08E06F82F0052
:10979600F09FDA010A95D4500200A840DC45D4A413
:1097A600E402F08E06F83100F09FDA010A95D450F3
:1097B6000200A840DC45F4C4E201DC4FE4CE3300ED
:1097C600D4500200A840DC45F4C4E101DC4FE4CEED
:1097D6003400E6FCE001D4B00200A8A0F08E06F842
:1097E6003500F09FDA00C6DFE00D0D15F04DC0869E
:1097F6005C16D4500200A8400046DC45D4A4EA0119
:10980600F04DC0845C14F08E0084F09F06F81502BB
:10981600DA010A9508D1F04D47F86B008DE7D45070
:109826000200A840DC45D4A4C202F08E06F8EB0282
:10983600F09FDA010A95E05CD4B00600D4A00400DB
:1098460006FA6404F08E06F8ED02F09FDA00C6DF31
:10985600D4500600D4400400DC45F4C46A04DC4F4E
:0E986600E4CEF202E12CDC4FE4CEF302E11876
:0C98740006F00800FCFFFCFEFCFDDB0021
:10988000ECFEECFFF0EAF0FB8890888006F0FCFF2D
:10989000D4500600D4400400B840C4500200F09FE9
:1098A000F08EDA01329549803D03E108EA00AC9A76
:1098B000DC4FF48E2000C086D4500600D440040053
:1098C000DC45C4642003DC4FF4CE2100D4500600F4
:1098D000D4400400DC45E4C44903DC4FF4CE22004C
:1098E000D4500200A840DC45E4C4E301DC4FF4CED0
:1098F0002300D4500200A840DC45E4C4E901DC4F59
:10990000F4CE2400D4500200A840DC45E4C4DA02BE
:10991000DC4FF4CE2500D4500200A840DC45E4C45E
:10992000DB02DC4FF4CE2600D4500200A840DC4518
:10993000E4C4D802DC4FF4CE2700D4500200A84083
:10994000DC45E4C4C402DC4FF4CE2800D45002004D
:10995000A840DC45E4C4E001DC4FF4CE2900D4503B
:109960000200A840DC45E4C4C502DC4FF4CE2A0066
:10997000D4500200A840DC45E4C4C702DC4FF4CE5A
:109980002B00D4500200A840DC45E4C4E802DC4FC0
:10999000F4CE2C00D4500600D4400400DC45E4C4CE
:1099A0008703F08E06F82D00F09FDA011E95D47023
:1099B0000600D4600400DC47C4466C03F08E06F851
:1099C0002F00F09FDA011E95D4700600D4600400C9
:1099D000DC47C4462203F08E06F83100F09FDA011E
:1099E0001E95D4700200A860DC47C446E402DC4F38
:1099F000F4CE3300D4500200A840DC45E4C4E201B8
:109A0000DC4FF4CE3400D4500200A840DC45E4C45E
:109A1000E101E6FCE001F0AE06FA3500F0BFD490BB
:109A20000200A880DA00C6DFE1020D13C0245C1436
:109A3000F08E0084F09F06F81502DA011E95C0250D
:109A40005C15D4700200A8600065DC47C446EA01DA
:109A5000092147F26B008DEAF08E06F8EB02F09FC9
:109A6000DA011E95D4700200A860DC47C446C20229
:109A7000E05CF0AE06FAED02F0BFD4900600D480B0
:109A8000040006F86404DA00C6DFDC4FF4CEF2020C
:109A9000D4500600D4400400DC45E4C46A04D490E9
:0C9AA0000600D4800400DA010C66E11816
:0A9AAC0006F00800FCFFFCFEDB00E2
:0CC0D600ECFEECFFF02AF03BF0E8F0F983
:10C0E200DC4FF48E50033D0CDC4FF48E4A033D08C6
:10C0F200D750E000F2F77A24F2F6782470672D0226
:10C10200E1080D1FF0B3F0A2F09FF08EDA01DC56C9
:10C11200F1A849A03D05DC4FF48E4E0349843D024F
:10C12200E0140D01E004F1C8DC4FE4CE500349A055
:10C132003D02E0140D01E004F1C8DC4FE4CE5103EE
:02C14200F18A80
:06C14400FCFFFCFEDB0025
:10C14A00E11CDC59E4C85103F4884A032D04E11CBC
:08C15A00DC49E4C85203DB00DC
:10C16200F0A8F0B9F09BF08ADA014AC1E11CDC4B7D
:10C17200E4CA5303E10CDC4BE4CA5503E10CDC4B8B
:06C18200E4CA5403DB00D7
:10C18800ECFDECFEECFFF0DCF0EAF0FB8890888038
:04C1980006F0FEFFB0
:10C19C00D4500400D4400200DC45F48450033D022A
:10C1AC00E1080D34F04D49803D06F09FF08EDA0029
:10C1BC00ACB4B9800D1CF04D49813D06F09FF08E5A
:10C1CC00DA0012B5B9800D13F04D49823D0EF480A2
:10C1DC00060049818D0A47F86900ED07C08AF09F77
:10C1EC00F08EDA00B2B5B9800D02E1080D0FA9800E
:10C1FC003D02E1080D0BF09FF08EDA010C66D49035
:0CC20C000400D4800200DA014AC1E118ED
:0AC218000806FCFFFCFEFCFDDB0045
:10C22200ECFEECFFF0E8F0F9DC4FF48E50032D0643
:10C23200F09BF08ADA01906949803D02E1080D0520
:10C24200F09FF08EDA0162C1E118FCFFFCFEDB0018
:10C25200ECFEECFF88C0F06AF07BF0E8F0F9DC4F0E
:10C26200F48E50032D12DC4FF48E51032D0EA84094
:10C27200D45002008850F0C4F0B7F0A6F09FF08EC0
:10C28200DA018C58080249803D02E1080D09E10CEF
:10C29200DC6FE4CE5203F4CE5303E4CE5403E11830
:08C2A2000802FCFFFCFEDB00BA
:10C2AA00ECFEECFFF06AF07BF0E8F0F9DC4FF48E7C
:10C2BA004A032D23F0A6F0B7F09FF08EDA01D85981
:10C2CA00DC4FF48E4A033D19DC4FF48E4E0349814C
:10C2DA003D10DC6FF4CE5203E4CE5103F48E5403C6
:10C2EA002D08E10CDC4FE4CE5303E11CDC4FE4CE15
:10C2FA005503E10CDC4FE4CE5403FCFFFCFEDB00EB
:10C30A00DC49F48850032D0EDC49F4884A033D0ABF
:10C31A00DC49F48851033D06DC49F48853033D02A5
:08C32A00E0140D01E004DB004A
:020000040000FA
:10BBDC00F028F039F2F73488F2F6328870672D0AC3
:10BBEC00F04AC08AF093F082F2F53488F2F432888D
:06BBFC00DA01C0C9DB0004
:10BC0200ECFEECFFF0E8F0F9F2F73088F2F62E885D
:10BC120070672D07F2F53088F2F42E88DA01C0C978
:0EBC22000D03DC4FD44E0C00FCFFFCFEDB00DB
:10BC30001BABF2F50CFEF2F40EFEF0A4F0B5F06AC8
:10BC4000DC49C4683800F04BE005F064DC49C468A6
:10BC50003A0026FAFFFF38B0FD020FF40D010EF492
:02BC60006981F8
:02BC6200DB0005
:10BC640048A02D17DC49D4583800F6F50EFE5BAA1F
:10BC7400F2F60CFEF2F40EFEDC59C4683A00D45815
:10BC84003800F6F50EFE5BAAF2F60EFEDC49C46837
:04BC94003800DB0099
:06BC9800ECFDECFEECFFE8
:10BC9E00DC49D4483A00E005F054E004F064F07555
:10BCAE00DC49D4483800F0E4E00F70E670F748A0A5
:10BCBE003D02E1180D1DF06AE007F04EF05FDA016B
:10BCCE00F8C8F0C4F0D5F06AE007F04EF05FDA0184
:10BCDE00F8C8DC49C4683A00F06CDC49C468380026
:10BCEE0026FCFFFF38D0FD020FF40D010EF4698122
:08BCFE00FCFFFCFEFCFDDB0075
:10BD0600F0487C34F1C8DC4AB9C9F0486847F1C844
:06BD1600DC4CB9CBDB00A0
:04BD1C00F028F039E2
:10BD2000F04AC0855C35F04BC0840045DC43D4B29A
:10BD30001600F0A4F093F082DA0030BC49802D03A5
:0CBD4000E6F4FFFF0D03DC43D4423800A2
:02BD4C00DB001A
:10BD4E00DC49D44802009AF4033046FA1A00ED0298
:10BD5E00F04ADB0046FA1E008D0628A2F06ADC4C83
:10BD6E00B9CBF04ADB00F04A26F41A005C34C086E8
:10BD7E00D4900200A880DC49A988C0840046F1C88E
:10BD8E00DC49B9C8E7FC1A00DC4CB9CBE6F41A0062
:02BD9E00DB00C8
:10BDA000DC79F4C84D00E4C84C00F4C84E00E4C887
:0EBDB0004D00DC59F4C84F00E4C84E00DB0023
:08BDBE00ECFEECFFF0E8F0F9E7
:10BDC600F09FF08EDA0002BCDC4FD45E0800F074FF
:10BDD6002075DC4FD45E120040579D03DC4FC47EB5
:02BDE600120049
:06BDE800FCFFFCFEDB0085
:10BDEE00F07AF028F039F04206F45A00F0538850F9
:10BDFE008840F0B206FB5900F0C3F0A7F093F08232
:10BE0E00DA004EBDF0740804DC43D4620A00006709
:10BE1E00DC53C4623000D4422A00BEF4DC53C44268
:10BE2E002A00D46236007EF66FF6DC43C46236001A
:02BE3E00DB0027
:10BE4000F028F039DC43D4422A00BFF4DC53C4426A
:10BE50002A00D442360076F4C000DC43C4423600E7
:0CBE6000E06AF093F082DA00DCBBDB004B
:0ABE6C00ECFDECFEECFFF0E8F0F94D
:10BE7600F04BC08BF04AC08AF09FF08EDA001CBDF2
:10BE8600F0D4F09FF08EDA0002BCF05406F50C00F8
:10BE9600DC4FD44E08002054405D8D06F09FF08E96
:10BEA600DA0040BEE1080D15DC4FD44E2A00BFF47F
:10BEB600DC5FC44E2A00D46E0800006DDC5FC46EE1
:10BEC6003000D46E36007EF66FF6DC4FC46E360058
:02BED600E11871
:08BED800FCFFFCFEFCFDDB0099
:10BEE00088C0F06AF028F039406BFD01F06BD4C0D7
:10BEF0000600D4B00400D4A00200A890F086DA00B6
:10BF000006BDD4500200A840DC45A9843D02E108EA
:10BF10000D3EF48008002D0CD4500600D4400400DF
:10BF2000DC45A9844982ED02E0140D01E0040D0B0B
:10BF3000D4500600D4400400DC45A98449829D0207
:10BF4000E0140D01E00448402D14D4900600D48084
:10BF50000400DC49A988C08406F40800F1C8DC4963
:10BF6000B9C8D4700200A860DC47A9862981DC47E3
:10BF7000B986DC43F4C25700D4500200A840DC4527
:10BF8000A984418C8D020FF40D010EF46981080221
:02BF9000DB00D4
:10BF9200DC49D4482400604A3D05DC49D4482600E7
:0CBFA200604A2D02E0140D01E004DB00F9
:10BFAE00ECFDECFEECFF88C088B0F0DAF0E8F0F9BA
:10BFBE00DC4FD44E34006EF4DC4FC44E3400F07FB0
:10BFCE00F06EDC47A8468EF4DC47B846F07FF06E84
:10BFDE00DC47A8469FF4DC47B846F04E004DF05FB4
:10BFEE00DC45F4846000C084F0A4F09FF08EDA008B
:10BFFE0092BF49802D06F09FF08EDA00BEBDEA009A
:10C00E00B4C1F04E004DF05FDC45F4846400C08D89
:10C01E00DC4FC4DE1C0048D28D0228D20D00F06D1C
:10C02E005C16F04E0046F05FDC45D4644000DC5FE9
:10C03E00C46E3800D4AE1600F09FF08EDA0064BCE9
:10C04E00DC6FD46E3800C46E1E00D44E1E00D48039
:10C05E000200A870F0570058F0D520D440549D1D12
:10C06E00DC4FD44E2A003FF4DC5FC44E2A00D44E7F
:10C07E00340076F4C000DC4FC44E3400E04AF09F2A
:10C08E00F08EDA00DCBBF09FF08EDA00A0BDF09FE0
:10C09E00F08EDA00BEBDEA00B4C1E0048840F04E76
:10C0AE0006F45C00F05F88508840F04E06F45B00AA
:10C0BE00F05F8850F0C4E6FBE001F0ADF09FF08E2B
:0CC0CE00DA00E0BE06F0080049802D28D2
:10C0DA00F04E06F45C00F05F88508840F0BE06FB24
:10C0EA005B00F0CFDC4FF48E5B00C08AF09FF08ECD
:10C0FA00DA004EBD0804DC4FD46E0A000064DC5F2F
:10C10A00C46E2E00D44E2A003EF4DC5FC44E2A00D0
:0EC11A00D46E34007EF66FF6DC4FC46E340037
:10C128000D3DDC4FF48E5C00C08BDC4FF48E5B0061
:10C13800C08AF09FF08EDA001CBDF0D4DC4FD44EDC
:10C148002A003FF4DC4FC44E2A00F09FF08EDA003C
:10C1580002BCF05406F50C00DC4FD44E0800205405
:10C16800405D8D0EDC4FD44E340076F4C000DC4FB9
:10C17800C44E3400E04AF09FF08EDA00DCBB0D0EAE
:10C18800DC4FD46E0800006DDC5FC46E2E00D46EE8
:10C1980034007EF66FF6DC4FC46E3400F09FF08EEC
:0CC1A800DA00A0BDF09FF08EDA00BEBDF2
:0AC1B4000804FCFFFCFEFCFDDB00AC
:10C1BE00ECFEECFFF05CF06BF07AF0E8F0F9DC4F9F
:10C1CE00A84E9AF40860F0C5F0B6F0A7F09FF08E76
:10C1DE00DA00AEBF0D08F09FF08EDA00A0BDF09F22
:0CC1EE00F08EDA00BEBDFCFFFCFEDB00A2
:0AC1FA00ECFDECFEECFFF0E8F0F9BC
:10C20400E11CDC4FE4CE5800F07FF06EDC47A8461A
:10C214008EF4DC47B846F07FF06EDC47A8469FF406
:10C22400DC47B846DC4FF48E5600C08DF04E004D0E
:10C23400F05FDC45F4846000C084F0A4F09FF08ECD
:10C24400DA0092BF49802D06F09FF08EDA00BEBD61
:10C25400EA000AC4F04E004DF05FDC45F48464004B
:10C26400C08DDC4FC4DE1A00F07FF06EDC47A846B8
:10C274006EF4DC47B84648D28D03F0BD28B20D01F8
:10C28400F0BDF06B5C16F04E0046F05FDC45D46404
:10C294004000DC5FC46E3800D4AE1600F09FF08E10
:10C2A400DA0064BCDC6FD46E3800C46E1E00D47E29
:10C2B4003A00F06B5C16F04E0046F05FDC45C47447
:10C2C4003C00F04B084148429D03F06B08610D01AE
:10C2D400E0065C16F04E0046F05FDC45D464400096
:10C2E400DC5FC46E3800D4AE1600F09FF08EDA0026
:10C2F40064BCDC6FF4CE4900E4CE4D00F4EE49009A
:10C30400C0EDF04D06F4F000DC4FD49E1E004094C6
:02C31400FD2604
:10C31600F08D2094F049F064E007F048E00500460F
:10C326001057F064F075F08626F6FFFF3870ED03BF
:10C3360046F8C000FD02E6F8C000F068DC4FE4CE27
:10C346004D00F09FF08EDA0040BEF09FF08EDA00CE
:0CC35600A0BDF09FF08EDA00BEBD0D54BB
:10C3620006FDF000DC4FD45E1E00F06D2065E01487
:10C372008840F04E06F45A00F05F88508840F04E34
:10C3820006F45900F05F8850F0C4E6FBE001F0A625
:10C39200F09FF08EDA00E0BE06F0080049802D130F
:10C3A200DC4FF48E5900C08AF09FF08EDA00EEBDA9
:10C3B200E00CE00BDC4FF48E5600C08AF09FF08E4A
:10C3C200DA00BEC10D21DC4FF48E5A00C08BDC4F67
:10C3D200F48E5900C08AF09FF08EDA006CBE49805C
:10C3E2002D0BE00CE00BDC4FF48E5600C08AF09F60
:10C3F200F08EDA00BEC10D08F09FF08EDA00A0BD0B
:08C40200F09FF08EDA00BEBDD0
:08C40A00FCFFFCFEFCFDDB0061
:0EC41200ECFDECFEECFFF0E8F0F906F0F8FFB0
:10C42000E004C4400200E004C4400400E102F07FE4
:10C43000F06EDC47A846AEF4DC47B846DC4FA84EA9
:10C440009AF40580DC4FF48E4800C0840D04DC4F64
:10C45000F48E4C00C084F0BE06FB5E00F0CFF09E70
:10C4600006F95D00F0AFF084DA0006BDDC4FF4EEB3
:10C470005D0049E02D18DC4FF4AE5E0049A29D0B33
:10C48000C0A406F40800F1C8DC4FE4CE5E0029E148
:10C49000DC4FE4EE5D00DC4FF4AE570041AEED0240
:0AC4A000E1120D01E10249202D25F3
:10C4AA00F04E06F45E00F05F88508840F0BE06FB4E
:10C4BA005D00F0CFC0EAF09FF08EDA004EBD0804AE
:10C4CA00DC4FD46E0A000064DC5FC46E2C00D44ECC
:10C4DA0028003EF4DC5FC44E2800D46E32007EF69B
:08C4EA006FF6DC4FC46E320056
:10C4F2000D40DC4FF48E5E00C08BC0EAF09FF08EE0
:10C50200DA001CBDF0D4DC4FD44E1400404DFD01C6
:10C51200F0D4DC4FD44E28003FF4DC4FC44E280048
:10C52200F09FF08EDA0002BCF05406F50C00DC4FEE
:10C53200D44E08002054405D8D0EDC4FD44E3200A4
:10C5420076F4C000DC4FC44E3200E00AF09FF08E59
:10C55200DA00DCBB0D0EDC4FD46E0800006DDC5F30
:10C56200C46E2C00D46E32007EF66FF6DC4FC46EC1
:10C572003200F09FF08EDA0002BCDC4FD45E08007D
:10C58200F0742075DC4FD45E140040579D03DC4FDD
:10C59200C47E1400DC4FD44E36006EF4DC5FC44E11
:10C5A2003600D44E34006EF4DC4FC44E3400E6FA4A
:10C5B200FF00F09FF08EDA00DCBBDC4FF48E5600F9
:10C5C200C08DF08E008DF09FDC49F4885F00C0863C
:10C5D200DC4FD45E2200F04560463D16DC49F4880B
:10C5E2006000C08660562D06F09FF08EDA00FAC118
:10C5F200EA005AC8F09FF08EDA00A0BDF09FF08EDC
:10C60200DA00BEBDEA005AC8E10CDC4FE4CE5800A5
:10C61200F07FF06EDC47A8468FF4DC47B846F04E58
:10C62200004DF05FDC45F4845F00C084F0A4F09F0D
:10C63200F08EDA0092BF49802D06F09FF08EDA006C
:10C64200BEBDEA005AC8DC4FC4DE1A00F07FF06EAD
:10C65200DC47A8466EF4DC47B846F06D5C16F04E37
:10C662000046F05FDC45D4B44000DC5FC4BE380055
:10C67200D4AE1600F09FF08EDA0064BCDC6FD46E8C
:10C682003800C46E1E00D47E3A00F06D5C16F04E87
:10C692000046F05FDC45C4743C00F04D084148425E
:10C6A2009D03F06D08610D01E0065C16F04E004638
:10C6B200F05FDC45D4744000DC4FD46E120000679A
:10C6C200DC5FC46E3800D4AE1600F09FF08EDA0044
:10C6D20064BCDC4FF48E4900C084C4400200DC4FCD
:10C6E200D45E38004054FD11D4400200F1C8DC4F42
:10C6F200E4CE4D00E6F4F000C4400400F07FF06E9A
:10C70200DC47A8466FF4DC47B846DC4FF48E48009D
:10C71200C084B840DC4FA85E9AF50A90F07FF06EB4
:10C722009EF5DC47B856DC4FF48E4C00C084B8400E
:0CC73200DC4FD45E1E00A8404054FD42C5
:10C73E00C4B00600DC4FD44E32006EF4DC4FC44E53
:10C74E003200F07FF06EDC47A846DFF4DC47B846D7
:10C75E00DC4FD44E1E0046F4C000FD1EDC4FD4BE8E
:10C76E000400E6FAC000F09FF08EDA0030BCE6FA64
:10C77E00F000F09FF08EDA0098BCF09FF08EDA0099
:10C78E0002BCF064DC4FD45E08002065DC4FD44E52
:10C79E0038002046C4400600D4600600DC4FC46E4C
:10C7AE002000F09FF08EDA0040BEF09FF08EDA008F
:04C7BE00FAC10D4C63
:10C7C200DC4FD45E1E00A8602065E0148840F04E65
:10C7D20006F45A00F05F88508840F04E06F4590083
:10C7E200F05F8850F0C4E6FBE001F0A6F09FF08E07
:10C7F200DA00E0BE06F0080049802D12DC4FF48E0C
:10C802005900C08AF09FF08EDA00EEBDD4C0040059
:10C81200D4B00200F0ADF09FF08EDA00BEC10D1C64
:10C82200DC4FF48E5A00C08BDC4FF48E5900C08A64
:10C83200F09FF08EDA006CBE49802D0AD4C004004D
:10C84200D4B00200F0ADF09FF08EDA00BEC10D044C
:08C85200F09FF08EDA00FAC13C
:0CC85A0006F00800FCFFFCFEFCFDDB000B
:0EC86600ECFDECFEECFFF0E8F0F906F0FAFF56
:10C87400F07FF06EDC47A8466EF4DC47B846E10C66
:10C88400DC4FE4CE5800F07FF06EDC47A8468FF40E
:10C89400DC47B846F07FF06EDC47A8469EF4DC47E0
:10C8A400B846DC4FD44E36006EF4DC5FC44E36001E
:10C8B400D44E34006EF4DC4FC44E3400E6FAFF006C
:10C8C400F09FF08EDA00DCBBDC4FF48E5600C08D96
:10C8D400F04E004DF05FDC45F4845F00C084B84046
:10C8E400F07FF06EDC47A846AFF4DC47B846DC4F77
:0AC8F400D44E22006848EA3036CA2C
:10C8FE00DC4FF48E53003D15DC4FF48E4C00C08B94
:10C90E00DC4FD4AE0400F09FF08EDA0030BCE6FAB5
:10C91E00F000F09FF08EDA0098BCE108E48004008D
:10C92E000D1BDC4FF48E4C00C08B5C8BDC4FF48EF9
:10C93E005300C0865C86DC4FD4AE04007C8A70A6A1
:10C94E00F09FF08EDA0030BCE6FAF000F09FF08E29
:10C95E00DA0098BCE4800400F48004002D20E6F692
:10C96E00FFFFDC5FC46E3800D44E28003FF4DC6F4E
:10C97E00C44E2800D47E3800D46E08000067DC5FF9
:10C98E00C46E2C00D46E32007EF66FF6DC4FC46E91
:10C99E003200F09FF08EDA00BEBDEA0002CDDC5F01
:10C9AE00D45E1200D44E380040459D03DC4FC45E69
:10C9BE003800DC4FD44E28003FF4DC4FC44E280024
:10C9CE00F09FF08EDA0002BCF06406F60C00DC4F2D
:10C9DE00D44E08002064DC4FD44E38004046ED0E95
:10C9EE00DC4FD44E320076F4C000DC4FC44E320021
:10C9FE00E00AF09FF08EDA00DCBB0D10DC5FD47E17
:10CA0E003800D46E08000067DC5FC46E2C00D46E54
:10CA1E0032007EF66FF6DC4FC46E3200F09FF08E61
:08CA2E00DA00BEBDEA0002CDF2
:10CA3600A8A0F09FF08EDA0092BF49802D06F09FE5
:10CA4600F08EDA00BEBDEA0002CDDC4FC4DE1A006D
:10CA5600E007F06D5C16F04E0046F05FDC45C474EE
:10CA66003C00F06D5C16F04E0046F05FDC45D46489
:10CA76004000DC5FC46E3800D4AE1600F09FF08E26
:10CA8600DA0064BCDC5FD46E3800C46E1E00F06D44
:10CA96005C16F04E0046F05FDC45D4644000DC5F77
:10CAA600C46E2000F48E4800C084C4400200DC4FEF
:10CAB600D46E1E004064FD5D46F6C000FD3ADC4FB4
:10CAC600F48E53003D15E6FBC000DC4FD4AE0400E7
:10CAD600F09FF08EDA0030BCE6FAF000F09FF08EA0
:10CAE600DA0098BCDC5FD46E3800C46E20000D21DD
:10CAF600E6FB00C0DC4FF48E5300C0865C86DC4F3C
:10CB0600D4AE04007C8A70A6F09FF08EDA0030BCAA
:10CB1600E6FAF000F09FF08EDA0098BC49802D030B
:10CB2600E6F6FFFF0D03DC4FD46E3800DC4FC46E13
:10CB36002000DC4FD44E2A00BFF4DC4FC44E2A003E
:10CB4600F09FF08EDA0002BCDC5FC44E3000D44E9B
:10CB5600360076F4C000DC4FC44E3600E06AF09F23
:10CB6600F08EDA00DCBBF09FF08EDA00BEBDEA0084
:10CB760002CDDC4FD45E1E00D46002002065E004C6
:10CB86008840F04E06F45A00F05F88508840F04E18
:10CB960006F45900F05F8850F0C4E6FBF000F0A6FA
:10CBA600F09FF08EDA00E0BE06F0080049802D11F5
:10CBB600DC4FF48E5900C08AF09FF08EDA00EEBD8D
:10CBC600E00CE00BF0ADF09FF08EDA00BEC1EA009B
:02CBD60002CD8E
:10CBD800DC4FF48E5A00C08BDC4FF48E5900C08AAB
:10CBE800F09FF08EDA001CBDF0D4F09FF08EDA00D2
:10CBF80002BCF05406F50C00DC4FD44E080020545B
:10CC0800405D8D5FDC4FD44E1E0046F4C000FD3AF7
:10CC1800DC4FF48E53003D15E6FBC000DC4FD4AE6C
:10CC28000400F09FF08EDA0030BCE6FAF000F09FC6
:10CC3800F08EDA0098BCDC5FD46E3800C46E200039
:10CC48000D21E6FB00C0DC4FF48E5300C0865C86E5
:10CC5800DC4FD4AE04007C8A70A6F09FF08EDA0018
:10CC680030BCE6FAF000F09FF08EDA0098BC4980FC
:10CC78002D03E6F6FFFF0D03DC4FD46E3800DC4FC2
:10CC8800C46E2000DC4FD44E2A00BFF4DC4FC44EE3
:10CC98002A00F09FF08EDA0002BCDC5FC44E300040
:10CCA800D44E360076F4C000DC4FC44E3600E06A3D
:10CCB800F09FF08EDA00DCBBF09FF08EDA00BEBD8C
:10CCC8000D1CDC4FD44E2A00BFF4DC5FC44E2A0092
:10CCD800D46E0800006DDC5FC46E3000D46E360080
:10CCE8007EF66FF6DC4FC46E3600F09FF08EDA00E9
:0ACCF800A0BDF09FF08EDA00BEBD73
:0ACD02000806FCFFFCFEFCFDDB0050
:08CD0C00ECFEECFFF0E8F0F989
:10CD1400E1020D10C028F0AE00A8F0BFDC4BF48A8D
:10CD24004400D085E6F490002045F1E8DC4BE4EAC9
:10CD34004800092149248DEEDC4FF48E51004981CD
:10CD4400ED06F09FF08EDA00BEBDEA0086CEDC4F21
:10CD5400A84E8AF414B0DC5FF4CE5200F48E500076
:10CD6400418C2D06F09FF08EDA00BEBDEA0086CE1F
:10CD7400F07FF06EDC47A846BFF4DC47B846DC4FD2
:10CD8400D44E02009AF40550F09FF08EDA00BEBD36
:10CD94000D78DC4FD44E32009AF41260DC4FD44E3E
:10CDA40028003FF4DC5FC44E2800D44E32007FF4E8
:10CDB400DC4FC44E3200E00AF09FF08EDA00DCBB98
:10CDC400DC5FF4AE5000E4AE550049A28D03C0A46C
:10CDD4002842F1A8DC4FE4AE5600C0A6DC5FC46E66
:10CDE4001800F48E540049838D1DDC4FF48E5300DB
:10CDF400C086DC6FC46E3A00D46E0400C46E380082
:10CE0400E6FAF000F09FF08EDA0098BC49802D031A
:10CE1400E6F6FFFF0D03DC4FD46E3800DC4FC46E22
:10CE240016000D0ADC5FD47E0E00D46E100020675D
:10CE34007C36DC4FC46E1600DC4FD46E120006F64E
:10CE4400FA00DC5FC46E3800D4AE16005C3AF09F82
:10CE5400F08EDA0064BCDC4FD44E38000841F1C8CF
:10CE6400DC5FE4CE5700D44E060046F42C018D0559
:10CE7400F09FF08EDA0012C40D04F09FF08EDA00F9
:02CE840066C87E
:06CE8600FCFFFCFEDB00D6
:10090000FFFFFFFFFFFFFFF9F3EDE8E3DED8D5D1EE
:10091000CDC9C5C3C0BDBBB8B5B2B1AFAEACAAA955
:10092000A7A5A4A2A09F9E9C9B9A98979694939209
:1009300090908F8E8D8C8B8A89888887868584831A
:10094000828180807F7E7E7D7C7B7B7A79787877E0
:10095000767675747373727170706F6E6D6D6C6C8A
:100960006B6A6A696968676766666564646363621F
:10097000616160605F5E5E5D5C5C5B5B5A5A5958AA
:100980005857575656555454535352525150504F2E
:100990004F4E4D4D4C4C4B4B4A49494848474646B3
:1009A000454544434342424140403F3E3E3D3C3C3E
:1009B0003B3A3A39383837363635343433323231D7
:1009C000302F2E2D2C2B2A2928272625242322219F
:1009D0001F1E1D1C1B1A1917161412100E0C0A09C3
:1009E00007050402000000000000000000000000F5
:1009F00000000000000000000000000000000000F7
:100A00001919191919191919191919191919191956
:100A10001919191919191919191919191919181848
:100A20001818181817171717171716161616161658
:100A30001515151515151414141414141313131374
:100A4000131312121212121211111111111010108F
:100A50001010101010101010101010101010101096
:100A60001010101010101010101010101010101086
:100A70001010101010101010101010101010101076
:100A80001010100F0F0F0F0F0F0F0F0F0F0F0F0F73
:100A90000F0F0F0F0F0F0F0F0F0F0F0F0F0F0F0F66
:100AA0000F0F0F0F0F0F0F0F0F0F0F0F0F0F0F0F56
:100AB0000F0F0F0F0F0F0F0F0F0F0F0F0F0F0F0F46
:100AC0000F0F0F0F0F0F0F0F0F0F0F0F0F0F0F0F36
:100AD0000F0F0F0F0F0F0F0F0F0F0F0F0F0F0F0F26
:100AE0000F0F0F0F0F0F0F0F0F0F0F0F0F0F0F0F16
:100AF0000F0F0F0F0F0F0F0F0F0F0F0F0F0F0F0F06
:100B00000A0A0A0A0A0A0A0A0A0A0A0A0A0A0A0A45
:100B10000A0A0A0A0A0A0A0A0A0A0A0A0A0A0A0A35
:100B20000A0A0A0A0A0A0A0A0A0A0A0A0A0A0A0A25
:100B30000A0A0A0A0A0A0A0A0A0A0A0A0A0A0A0A15
:100B40000A0A0A0A0A0A0A0A0A0A0A0A0A0A0A0A05
:100B50000A0A0A0A0A0A0A0A0A0A0A0A0A0A0A0AF5
:100B60000A0A0A0A0A0A0A0A0A0A0A0A0A0A0A0AE5
:100B70000A0A0A0A0A0A0A0A0A0A0A0A0A0A0A0AD5
:100B80000A0A0A0A0A0A0A0A0A0A0A0A0A0A0A0AC5
:100B90000A0A0A0A0A0A0A0A0A0A0A0A0A0A0A0AB5
:100BA0000A0A0A0A0A0A0A0A0A0A0A0A0A0A0A0AA5
:100BB0000A0A0A0A0A0A0A0A0A0A0A0A0A0A0A0A95
:100BC0000A0A0A0A0A0A0A0A0A0A0A0A0A0A0A0A85
:100BD0000A0A0A0A0A0A0A0A0A0A0A0A0A0A0A0A75
:100BE0000A0A0A0A0A0A0A0A0A0A0A0A0A0A0A0A65
:100BF0000A0A0A0A0A0A0A0A0A0A0A0A0A0A0A0A55
:020000040001F9
:109AB60046F8FF00FD03E7F8FF000D01F048DB0064
:109AC60048A03D03E6F4FFFFDB001B89F2F50CFE20
:109AD600F2F40EFEF06AE007DA01F8C8F064F075F9
:109AE600F046F05726F4FFFF3850FD03E6F4FFFF7B
:049AF6000D01F04628
:029AFA00DB008F
:049AFC00ECFEECFF91
:109B0000F049C082E003F0625C835C827C86703640
:109B1000F068E00720263037F04270433D02F048FD
:109B20000D32F042F05328403850DD06F06281607B
:109B3000F073187081700D02F062F073F04AE00566
:109B4000DA01E0C8F0E4F0F5F0EFE00FF04E704F0E
:109B50003D02E01EE00FE6F4FFFFE0058850F0C490
:109B6000E00AE00B28203830DD06F06E8160F07FDF
:109B7000187081700D02F06EF07FE009008610977A
:069B8000DA01C88F0802A3
:069B8600FCFFFCFEDB0009
:109B8C00DC49D44808009AF405F0E7FC5B00DC499A
:109B9C00E4C80F00E7FC1400DC49E4C81100E7FC42
:109BAC001400DC59E4C81000F4880C00C084D740C1
:109BBC000000F4C40009DC59E4C80D00A8489AF46C
:109BCC000300E7FC5B000D03DC49F4C80D00DC5915
:109BDC00E4C80E00F4880E00C0875C87DC49D468AA
:109BEC00060066F6FF007067DC49C4680600DB00FF
:109BFC00DC49A8489AF41070E7FC1400DC49E4C86E
:109C0C001100E7FC1400DC59E4C81000D44804002F
:0A9C1C002EF4DC49C4480400DB000C
:0A9C2600ECFDECFEECFFF0E8F0F9B5
:109C3000DC5FA8DEF48E0C00C084D7400000F4C4C2
:109C40000009DC5FE4CE0D00F48E0D0047F8FD0046
:109C5000FD0DF04D66F4FFF0F0D48FFDDC4FD44ED7
:109C600004004FF4DC4FC44E04000D07DC4FD44E0B
:109C700004004EF4DC4FC44E0400DC4FD44E04000C
:109C80007842DC5FC44E0400F48E0D0049829D0DC5
:109C9000F04D66F4FFF0F0D49FFDDC4FD44E04008D
:109CA0005FF4DC4FC44E04000D07DC4FD44E0400BB
:109CB0005EF4DC4FC44E0400DC4FD47E04008AF70F
:109CC0001440DC4FF48E0D0049828D0FDC4FF4AE52
:109CD00010002D0529A1DC4FE4AE10000D0FF06738
:109CE0003FF6DC4FC46E04000D093EF7DC4FC47E26
:109CF0000400E7FC1400DC4FE4CE1000DC4FD47EFF
:109D00000400F04766F430002D0FDC4FF4AE110074
:109D10002D0529A1DC4FE4AE11000D0FF06778642A
:109D2000DC4FC46E04000D092EF7DC4FC47E040026
:109D3000E7FC1400DC4FE4CE1100DC4FD46E0400CD
:109D40009AF6033066FDBEF00D049AF6022076FD09
:109D5000410066F60C002D0276FD0220DC4FF4AEC9
:109D60000D009AFD1100DC4FD44E02008AF40A0067
:109D7000DC4FF48E120047F86800ED04DC4FF4AEBF
:109D800012000D02E7FA5B00E6FACD0CC0A9DC4F29
:109D9000D48E0600DA01FC9ADC5FC44E0600D44E75
:0E9DA00006007C84F1C8DC4FE4CE0E00F04DCE
:089DAE00FCFFFCFEFCFDDB00E4
:109DB600DC49D4480A009AF40520DC59F4C80E00A0
:069DC600E4C80F00DB0001
:109DCC00F079F068DC47A84666F4F9FFDC47B84642
:109DDC00E006DC49C4680600E006DC49C4680400FF
:029DEC00DB009A
:109DEE00DC49A8489AF40A20DC49D458060046F506
:109DFE00FFFF9D040851DC49C4580600DC49A8C881
:109E0E00F04C68463D0CDC49D44802009AF42E60B2
:109E1E00F079F068F05C7852DC47B856DB00DC492C
:109E2E00F4880800C084D7400000F4C4000ADC495E
:109E3E00F4A80A0041ACFD099AFC1810F0BC78B4E5
:109E4E00F06B1EF6DC49B868DB00DC49F4880900CB
:109E5E00C084D7400000F4C4000B41AC9D078AFCBF
:0E9E6E00051078C2F06C2EF6DC49B868DB00F7
:069E7C00ECFDF0C8F0D976
:109E8200DC5DD4AC0200A89CE6F8FF00DA01C69AB9
:109E9200E6FA9065DC4DD49C0400F084DA01C69A9F
:109EA200F084DA01B69ADC5DE48C2300D44C06001F
:109EB2007C24F1C8DC5DE4CC2800D44C08007C246E
:109EC200F1C8DC5DE4CC2A00D48C0A007C28DA01DB
:109ED200B69ADC5DE48C2900D48C0C007C48DA0153
:109EE200B69ADC5DE48C2600D48C0E007C48DA0144
:109EF200B69ADC5DE48C2700D48C10007C58DA0121
:109F0200B69ADC5DE48C2200D48C12007C28DA0143
:109F1200B69ADC5DE48C2500D48C14007C58DA01FE
:109F2200B69ADC5DE48C2100D44C16007C84F1C826
:109F3200DC5DE4CC1F00D44C18007C84F1C8DC5DED
:109F4200E4CC1E00D44C1A007C84F1C8DC5DE4CC65
:109F52002000F4AC1C0047FA0B00ED02E10C0D09E5
:109F6200C0A5E0341B54F2F40EFE7C2426F4080053
:109F7200F1C8DC5DE4CC2400F4AC1D0047FACC004F
:109F82008D03E7FCFF000D07C0A5E0541B54F2F45B
:0C9F92000EFE7C24F1C8DC4DE4CC2B005A
:049F9E00FCFDDB00EB
:10B95000DC49D44810009AF41960DC49F4A80200CC
:10B960002D0529A1DC49E4A802000D1CDC49F4885E
:10B9700003007981DC49E4880300F079F068DC4752
:10B98000A98667F8FE00DC47B9860D0CDC49F4880F
:10B99000030067F8FE00DC49E4880300E1FCDC49B1
:10B9A000E4C80200DC49D44808008AF404D0E10C61
:10B9B000DC49E4C80600F079F068DC47A98667F83E
:10B9C000EF00DC47B986DC49F4A8050049A12D1039
:10B9D00049A22D0EDC49D4480A008AF40940DC490A
:10B9E000D4480C008AF40460DC49A98869862D1EBD
:10B9F000DC49F48803009AF40800DC49F48801006B
:10BA00007981DC49E48801000D08DC49F4880100F3
:10BA100067F8FE00DC49E4880100F079F068DC4753
:10BA2000A98677F84000DC47B9860D10DC49F48818
:10BA3000010067F8FE00DC49E4880100F079F06855
:10BA4000DC47A98667F8BF00DC47B986DC49F448C3
:10BA500005003D26DC49A9A8F18A6982C0843D2001
:10BA6000DC49D4480E008AF41B30DC49D4480A0073
:10BA700066F418003D1569A1C0A43D12DC49D44804
:10BA80000C008AF40D60E10CDC49E4C80600F07992
:10BA9000F068DC47A98667F8F300DC47B986DB006D
:10BAA000DC49A9688AF3530049413D0FF079F068F9
:10BAB000F1A679A2DC47B9A6F079F068DC47A9863F
:10BAC00067F8FB00DC47B9860D0F49423D07F07966
:10BAD000F068F1267924DC47B9260D06F079F06884
:10BAE00067F6FB00DC47B966DC49A9488AF2062004
:10BAF000DC49D4480A0066F418002D08F079F06893
:10BB0000F1A477FA0800DC47B9A6DB008AF20A1034
:10BB1000DC49D4480E008AF40530DC49D4480C00D6
:10BB20009AF40D6067F41000C0443D09DC49D44824
:10BB300008009AF404D0E11CDC49E4C80600F0795E
:10BB4000F068DC47A98667F8F700DC47B986DB00B8
:10BB5000E11CDC59E4C80600F4A8050049A12D0C3D
:10BB600049A22D0ADC49D4480A008AF40540DC4980
:10BB7000D4480C009AF40860F079F068DC47A98694
:10BB800077F84000DC47B986E1FCDC49E4C80200F4
:10BB9000F079F068DC47A9867981DC47B986F079CD
:10BBA000F068DC47A98667F8F700DC47B986E10C46
:08BBB000DC49E4C80400DB00DD
:10BBB800DC49A9A89AF50A10DC49F48805003D0675
:10BBC800F079F06867FAF900DC47B9A6E10CDC49BE
:06BBD800E4C80600DB00DA
:10BBDE00F079F068DC47A98667F8B900DC47B986CA
:10BBEE00DC49F488010067F8FE00DC49E4880100B6
:02BBFE00DB006A
:10BC0000DC49D44816007CC46843F1C8DC59E4C858
:10BC10002300D448180066F400602D07DC49F4883E
:10BC200023007984DC49E4882300DC49D4481A00E5
:10BC30009AF40800DC49F488230077F80800DC490E
:10BC4000E4882300DC49D44818009AF40830DC4921
:10BC5000F488230077F82000DC49E4882300DC49DD
:10BC6000D44818009AF40860DC49F488230077F877
:10BC70004000DC49E4882300E7FCFF00DC59E4C80D
:10BC80002500D4481C009AF405F0DC59F4C82300C0
:06BC9000E4C82400DB0003
:10BC9600DC49F4882400604AC0842D398AFC0110EE
:10BCA600DB00F04BC08CF028002CF039DC43F4A20A
:10BCB6001E0047FAFF009D13DC49F4882500604A00
:10BCC60049802D0D09A1DC43E4A21E00F05AB1A063
:10BCD600DC49F4882500618ADC49E4882500A8400F
:10BCE6009AF40C00F04BC087F0480047F059DC4549
:10BCF600F4A41E00F4870240418AED09F05AB1A06F
:10BD0600DC49F4882400618ADC49E4882400DB00ED
:0CBD1600ECFEECFFF0E8F0F906F0FCFF9A
:10BD2200B8E0C4F00200DC4FF48E2400EA203CBEEE
:10BD3200D4700200A860DC47A8468840DC47A8C649
:10BD4200E01BE01AF09FF08EDA0196BC0802DC4F8D
:10BD5200F48E240067F8FD00DC4FE48E2400D490BA
:10BD62000200A880DC59D4580400D4C80200F04C68
:10BD72007045884060C5E04BE04AF09FF08EDA01E2
:10BD820096BC0802D4700200A860DC47D4C6060044
:10BD920088C0E03BE08AF09FF08EDA0196BC080290
:10BDA200DC4FF48E240067F8EF00DC4FE48E2400B1
:10BDB200D4300200A820DC53D4820A00D4520800F6
:10BDC200F0657068DC43D4920C00F0797076DC4345
:10BDD200D4C20E00F06C7067DC43D4721000F047DE
:10BDE20070468840F06560686096F06C60696076C5
:10BDF200F0C7E02BE6FA2000F09FF08EDA0196BC45
:10BE02000802D4900200A880DC59D4581400D4C887
:10BE12001200F04C7045884060C5E00BE6FA400025
:10BE2200F09FF08EDA0196BC0802DC4FF48E2400FB
:0ABE320067F87F00DC4FE48E240067
:08BE3C000804FCFFFCFEDB0022
:10BE4400E102E10E0D08C026F0480046F059DC4539
:10BE5400E4E41E00092149258DF6DC59F4C82300C9
:0EBE6400E4C82400E7FCFF00DC49E4C8250028
:02BE7200DB00F3
:1070BA0048A03D03E6F4FFFFDB00F06AE007F04872
:1070CA00F059DA01F8C8F064F075F046F05726F482
:0E70DA00FFFF3850FD03E6F4FFFF0D01F04606
:0270E800DB00CB
:1070EA00ECFDF0C8F0D9E6FA6400E6F8B4C4E04969
:0E70FA00DA01BA70DC4DC44C0A00FCFDDB006C
:10710800E6F69EFEDC49C4681C00E6F6DAF8DC59AF
:10711800C4681E00D4480C009AF40D50E6F6FF002F
:10712800DC59C4681A00D4480C0066F4FFD7DC495F
:10713800C4480C000D04E006DC49C4681A00E006E7
:10714800DC49C4681800E10CDC49E4C83C00E006EE
:10715800DC49C4682600E006DC49C4682800E10C64
:10716800DC49E4C83400E6F6FFFFDC49C4680800DF
:10717800E6F6FFFFDC49C4680400E6F6FFFFDC59C9
:10718800C4680600D4480C00CEF4DC59C4480C008E
:10719800F48838002D07DC49D4480C009EF4DC49FB
:1071A800C4480C00DC49D4780E007C676874DC495C
:1071B800D4680C0066F6F9FF7067DC49C4680C00F7
:1071C800E10CDC59E4C83D00D4480C00AEF4DC49BD
:1071D800C4480C00E10CDC49E4C83E00E10CDC4981
:1071E800E4C83A00E006DC49C4682A00E10CDC493E
:0E71F800E4C83F00E10CDC49E4C83800DB00CD
:06720600ECFDF0C8F0D918
:10720C00DC4DF48C34000981DC5DE48C3400F48CAE
:10721C00340049813D15DC6DA86CC46C0200F4CCC3
:10722C003200DC5DE4CC3300D44C0C00BFF4DC4DFC
:10723C00C44C0C00E006DC4DC46C1800EA00CC74A5
:10724C00DC6DD46C0400C46C0600D46C0800DC5DEE
:10725C00C46C0400F48C3300C084E005F054E004EA
:10726C00F064F075DC4DD44C0200F084E0097086BB
:10727C007097DC4DF48C3200C084E005F054E004CF
:10728C00F064F075DC4DA84CE00570467057204852
:10729C003059F084F095F048F05966F5FF00F08411
:1072AC00F095F0697C487C495CC67086F048F059D2
:1072BC0026F4FFFF3850FD03E6F6FFFF0D01F068E2
:1072CC00DC6DC46C0800D4BC0200A86CDC6DC46C12
:1072DC000200F4CC3200E4CC3300DC5DD47C0A0038
:1072EC00D44C04004047FD0EDC4DD44C0800404704
:1072FC00FD09DC4DD46C0C006EF65FF6DC4DC46CF5
:10730C000C000D0DDC4DD44C060040479D08DC4DA7
:10731C00D46C0C006FF65EF6DC4DC46C0C00DC4DCE
:10732C00D4AC0800F06A7C16DC4DD44C040040460A
:10733C00FD08E6F8B4C4E049DA01BA70DC4DC44C7F
:10734C001600DC4DD46C04007C16DC4DD47C0C0097
:10735C008AF70260EA006274DC4DD45C0800405687
:10736C009D7ADC4DD45C060040569D7576F7028202
:10737C00DC5DC47C0C00F48C38002D07DC4DF48CE7
:10738C0039002981DC4DE48C3900DC4DD44C1000E3
:10739C009AF40D40DC4DD44C0E009AF402C0E0047B
:1073AC000D01E024F1C8DC4DE4CC3A000D36DC4D87
:1073BC00F48C35009AF42D00DC4DF42C3600C028EA
:1073CC00E6F41E001B84F2F70EFE06F71E00DC4DE1
:1073DC00F44C3900C049207946F71E00DD05E10C5C
:1073EC00DC4DE4CC3A000D190881F048C085E6F478
:1073FC001E001B54F2F40EFEF074207946F75A006E
:10740C00BD02E0040D01E024F1C8DC4DE4CC3A00EF
:10741C000D04E10CDC4DE4CC3A00DC4DD44C1200F4
:10742C006EF4DC6DC44C1200C4BC2200A86CDC4DA4
:10743C00C46C2400E6F61E02DC4DC46C1A00E6F6A1
:10744C00DAF8DC5DC46C1E00D44C20007FF4DC4DFB
:10745C00C44C20000D35DC4DF48C35009AF4300012
:10746C00DC4DF4EC390047FE64008D13C0E426F4C7
:10747C006400F1C8DC4DE4CC3B00E7FC1E00DC5D95
:10748C00E4CC3900D44C20007FF4DC4DC44C2000FB
:10749C000D1729E1DC5DE4EC3900F48C39003D106A
:1074AC00E7FC1E00DC6DE4CC3900F4CC3700E4CCF6
:1074BC003600DC4DD44C20007FF4DC4DC44C200055
:0474CC00FCFDDB00E8
:0E74D000ECFDECFEECFFF0C8F0D906F0FCFF7E
:1074DE00DC4DF48C3200C084E005F054E004F0641E
:1074EE00F075DC4DA84CF0A4E00B70A670B7DC4D27
:1074FE00D44C14008AF42750DC4DD45C0800E6F41A
:10750E00E0011B54F2F90CFEF2F80EFEF048F059B1
:10751E0026F4FFFF36F5FF00FD04E6F8FFFFE6F95F
:10752E00FF00F04A2048F05B3059F0E4F0F566FFBA
:10753E00FF00F06EDC4DC46C2C00F04FE005F1C87E
:10754E00DC4DE4CC4200DC4DF48C4200C084E005FE
:10755E00F054E004F064F075DC4DD44C2C00E005E2
:10756E00F0E470E6F0F570F7DC6DA86CC46C2C00DE
:10757E00F4CC3200DC4DE4CC4200F08A208EF09B3D
:10758E00309F66F9FF00F068DC4DC46C2E00F049A8
:10759E00E005F1C8DC5DE4CC4300D47C0C005C4714
:1075AE0066F72000DC4DD46C14005EF67067DC5D6F
:1075BE00C46C1400D44C0C009AF42010DC4DF48CE6
:1075CE0043002D0FF048F059F0657C847C855C8675
:1075DE007046F0A4E6F8D1F0E089DA01BA70F064F2
:1075EE000D0ADC4DD4AC2E00E6F880D1E6F9F00899
:1075FE00DA01BA70F064DC4DC46C1600DC4DF44C4C
:10760E00410047F496008D06DC4DD44C300046F414
:10761E0000962D4DDC4DD4AC3000F06A7C86C04413
:10762E004046FD18E0741BA4F2F90CFEF2F80EFEB3
:10763E00C044E005F0645C855C847C86705600482E
:10764E001059F0657C347C355CD67046B840C45019
:10765E0002000D17E0341BA4F2F90CFEF2F80EFE38
:10766E00C044E005F0645C855C847C8670560048FE
:10767E001059F0657C247C255CE67046B840C450F9
:10768E000200A860D4700200F046F05726F400966F
:10769E003850FD03E6F600960D00DC5DC46C30003C
:0E76AE00D44C30007C84F1C8DC4DE4CC4400A8
:0A76BC000804FCFFFCFEFCFDDB00EF
:1076C600DC49D4480C009AF40D50E10CDC49E4C8BE
:1076D6004100E006DC49C4681600E10CDC49E4C858
:1076E6004000DB00DC49D4581600E6F4A000F6F5AD
:1076F6000EFE5B44F2F40EFEF05446F5FF00FD0369
:10770600E7FCFF000D01F1CADC59E4C84000D4686B
:10771600160046F600289D09E6F42800F6F60EFE49
:107726005B44F2F40EFEF1C80D02E7FCFF00DC49F3
:04773600E4C8410062
:02773A00DB0072
:100B7400E6FBB809E00AE6F82026E6F9E000DA0028
:040B8400DCDFDB00D7
:0E0B8800E6F88C2AE6F9E000DA014AC1DB004B
:100B9600E6F47C24E6F5E000F0A4F0B5D740E000EA
:100BA600F3F81E263D09E10CDC4BE4CA8201E10C98
:100BB600DC4BE4CA8301DB00DC4BF48A81012D2681
:100BC600DC4BF48A83013D09DC5BC48A8401C49A48
:100BD6008601E11CDC4BE4CA8301DC5BD46A840138
:100BE600D47A8601F0482046F0593057E6F6E803F5
:100BF600E007DA01F8C826F6F40138709D02E11C18
:100C06000D01E10CDC4BE4CA8201DB00E10CDC6B7C
:0C0C1600E4CA8301F4CA8001E4CA820130
:020C2200DB00F5
:040C2400F068F0790B
:100C2800E1020D0BC0295C19D740E000D4590A280D
:100C3800D740E000C4597C24092147F26B008DF2AB
:100C4800D740E000F3F8012849823D02E1180D0180
:100C5800E108D740E000F7F8FD25D740E000F3F8B9
:100C6800B32F2D13D740E000F3F8B42F3D0ED74033
:100C7800E000F3F8B52F3D09D740E000F3F8AC29C0
:100C8800D740E000F7F8FC250D17D740E000F3F84F
:100C98001E262D0DD740E000F3F801283D06D74069
:100CA800E000F3F8A7299AF40200E0140D01E0042B
:100CB800D740E000F7F8FC25F086F097DA01960BAC
:020CC800DB004F
:040CCA00ECFEECFF51
:100CCE00E6F42026E6F5E000F0E4F0F5DC4FF48ED5
:100CDE0092093D65D740E000F3F8C3222D010D5F68
:100CEE00F0BFF0AEF08E06F86C04F09FDA01D6C0BD
:100CFE00F1A8DC4FF48EBC073D05E11CDC4FE4CEC1
:100D0E0095090D4D49A02D02E0060D02E6F6008074
:100D1E00DC4FC46ED602F09FF08EDA00B2B149807D
:100D2E003D05E11CDC4FE4CE95090D39F09FF08EA8
:100D3E00DA009EB2F09FF08EDA0064B3DC4FD44E30
:100D4E00C00266F43FFFDC4FC44EC002E10CDC4F24
:100D5E00E4CEE801E10CDC4FE4CEE701F09FF08E2B
:100D6E00DA010C66F08E06F8C207F09FDA011ACA95
:100D7E00E7FC1F00DC4FE4CED007E11CDC4FE4CED5
:100D8E009209E10CDC4FE4CE9509DA01880BD750BD
:0E0D9E00E000F2F80426F2F90626DA01240C31
:060DAC00FCFFFCFEDB0071
:040DB200ECFEECFF68
:100DB600E6F42026E6F5E000F0E4F0F5E6F8F22D9C
:100DC600E6F9E000DA004643F08E06F84604F09FA6
:100DD600DA0100BCF08E06F88603F09FDA0150BBFC
:0E0DE600E118D740E000F7F8B32FDA01880BD0
:060DF400FCFFFCFEDB0029
:100DFA00ECFEECFFF0E8F0F9E6F4FF00E0058850BD
:100E0A00F0C4E00AE00BD740E000F2F47C2106F4DB
:100E1A002800F084F098BCF9DA01C88F0802F1C8FA
:100E2A00DC4FE4CEC602E6F4FF00E0058850F0C4C9
:100E3A00E00AE00BD740E000F2F4802106F4280033
:100E4A00F084F098BCF9DA01C88F0802F1C8DC4FC7
:100E5A00E4CEC702E6F4FF00E0058850F0C4E00AD9
:100E6A00E00BD740E000F2F57421E044F6F50EFEFF
:100E7A004B44F2F40EFEF084F098BCF9DA01C88F04
:100E8A000802F1C8DC4FE4CEC802E6F4FF00E00530
:100E9A008850F0C4E00AE00BD740E000F2F878216D
:100EAA00F098BCF9DA01C88F0802F1C8DC4FE4CE29
:100EBA00C902E6F4FF00E0058850F0C4E00AE00B3E
:100ECA00D740E000F2F58421E6F46400F6F50EFE60
:100EDA004B44F2F40EFEF084F098BCF9DA01C88FA4
:100EEA000802F1C8DC4FE4CECA02E6F4FF00E005CE
:100EFA008850F0C4E00AE00BD740E000F2F4FC218D
:100F0A007C54F084E009DA01C88F0802F1C8DC4F8A
:100F1A00E4CECB02E6F4FF00E0058850F0C4E00A14
:100F2A00E00BD740E000F2F8DC21E009DA01C88FD3
:100F3A000802F1C8DC4FE4CECC02D740E000F3FC53
:100F4A005622DC4FE4CECD02D740E000F2F5B222C1
:100F5A00F0457C3446F4FF00FD03E6F5FF000D0181
:100F6A007C35F045F1C8DC6FE4CECE02F4CEC60281
:100F7A00E4CEE602D740E000F3FA562249A23D0247
:100F8A00E0460D0549A13D02E0260D01E006DC4FD1
:0A0F9A00C46EDE02FCFFFCFEDB006B
:0A0FA400ECFDECFEECFF06F0EEFFA2
:100FAE00E6F42026E6F5E000F0E4F0F5B8E0C4F053
:100FBE000200D740E000F3F81E262D7CD740E0005B
:100FCE00F3F8562249823D76D740E000F3F802222C
:100FDE0049823D70DC4FF48E97093D09DC5FC48E6B
:100FEE008809C49E8A09E11CDC4FE4CE9709DC4FC8
:100FFE00F48E99093D1EDC5FD46E8809D47E8A0971
:10100E00F0482046F059305726F4B80B38508D1161
:10101E00E11CDC4FE4CE9909D4900200A880DC4993
:10102E00D458E40246F5FFFF9D040851DC49C4582C
:10103E00E402D740E000F3F87E2149813D3FDC4FCA
:10104E00F48E98093D0BD740E000F2F67C21DC4F80
:10105E00C46E8C09E11CDC4FE4CE9809DC4FF48E93
:10106E009A093D2CD740E000F2F57C2146F546006A
:10107E00CD25DC4FD44E8C09F064F076BCF7F045EC
:10108E00F054BCF52046305726F416003850CD16D5
:10109E00E11CDC4FE4CE9A09D4900200A880DC4912
:1010AE00F4A8E80247FAFF009D0909A1DC49E4A86B
:1010BE00E8020D04E10CDC4FE4CE9709DC4FF48E10
:1010CE0099092D31E00D0D1AF04DC088F0AE00A833
:1010DE00F0BFDC4BF44A9B09F1E4B1E0DC4BF4CAFF
:1010EE005009F16C616EE0440040F0140018B961D3
:1010FE00F1847186DC4BE48A9B0908D1F04D47F8E8
:10110E000E008DE2E04B00B066FBFF3FF2FC04FEEA
:10111E00E6FA1995D4900200A880DA005EA0498004
:10112E003D02E1080D72DC4FF48E9A092D31E00D6F
:10113E000D1AF04DC088F0AE00A8F0BFDC4BF44A9B
:10114E00A909F1E4B1E0DC4BF4CA5009F16C616E0F
:10115E00E0440040F0140018B961F1847186DC4B54
:10116E00E48AA90908D1F04D47F80E008DE2E04B54
:10117E0000B066FBFF3FF2FC04FEE6FA2B95D4901E
:10118E000200A880DA005EA049803D02E1080D3D14
:10119E00DC4FF48E6E092D38E11CD4500200A840AD
:1011AE00DC45E4C4E801E11CD4500200A840DC4553
:1011BE00E4C4E701F0BE06FB5009F0CFE6FA9395C2
:1011CE00D4900200A880DA005EA049802D0DF0BEFA
:1011DE0006FB5009F0CFE6FA9495D4900200A88051
:1011EE00DA005EA049803D02E1080D0FE10CD450FB
:1011FE000200A840DC45E4C4E801E10CD450020032
:0A120E00A840DC45E4C4E701E11844
:0C12180006F01200FCFFFCFEFCFDDB00F9
:10122400ECFEECFF88B088A0F0E8F0F906F0F8FFD7
:10123400E6F42026E6F5E000B840C4500200E6F8E3
:101244002026E6F9E000C4800400C4900600F0AE55
:10125400F0BF06F86C04DA01AAC2D4500200A84018
:10126400DC45F48492093D06F08EF09FDA01240CEB
:10127400EA003C15D4500200A840DC45F4849409EB
:101284003D0CD4500200A840DC45F48495093D058A
:10129400D740E000F3F8A8203D06F08EF09FDA0175
:1012A400240CEA003C15D4500200A840DC45F48428
:1012B40093093D02DA01B20DD4900200A880DC4902
:1012C400F48896093D16D4600800D4700A00DC59ED
:1012D400C4688009C4788209E11CD4500200A84083
:1012E400DC45E4C49609F08EF09FDA01240CEA0090
:1012F4003C15D4500200A840DC55D4648009D47451
:101304008209D4400800D4500A00204630572840AF
:1013140036F500808D0DE12CD4500200A840DC4548
:10132400E4C49509F08EF09FDA01240CEA003C1520
:10133400D4600800D4700A00D4500200A840DC55E0
:10134400C4648009C4748209D4500200A840DC55E6
:10135400D4644409D4744609F04E2046F05F3057F3
:1013640026F40A003850EA803C15D4900600D48054
:101374000400DA01FA0DDA000A638850884088F024
:10138400F0CED4B00C00D4A00A00D4900800D480CD
:10139400060006F8D207DA00905E0806F08EF09F89
:1013A400DA01A40F49803D07E13CD4500200A84073
:1013B400DC45E4C49509D4900200A880DC59D468C3
:1013C4008409D4788609F04E2046F05F305726F41D
:1013D400640038508D71DC59C4E88409C4F8860966
:1013E400D4900600D4800400DA0080B4D4900600BF
:1013F400D4800400DA0058A249803D07E13CD4506F
:101404000200A840DC45E4C49509D4900600D480C9
:101414000400DC59F4C8E101E4C88B03D740E000C0
:10142400F3F81E262D03E6F600200D01E006D45045
:101434000600D4400400DC45C4648E03D740E000B9
:10144400F3F8022249823D03E6F640000D01E0066E
:10145400D4500600D4400400DC45C4649603D49000
:101464000600D480040006F88603DA0150B9D4904B
:101474000600D4800400DC49F4888B033D09DC4970
:10148400F48889039AF4040006F88603DA01B8BBE9
:10149400D4B00600D4A00400DC4BD47AC0028EF78A
:1014A400DC4BF48A8C032D03E6F600010D01E00603
:1014B4007067DC4BC46AC002D4900600D480040078
:1014C400DA002EB649803D07E13CD4500200A84022
:1014D400DC45E4C49509D4700600D4600400DC47FC
:1014E400D446D0022D23F097F086DA019069498022
:1014F4003D08E15CD4500200A840DC45E4C49509F1
:101504000D15D4900200A88006F8D207DA004643ED
:10151400E10CD4500200A840DC45E4C49809E10C75
:10152400D4500200A840DC45E4C49709DA01880BD2
:08153400F08EF09FDA01240C97
:0A153C0006F00C00FCFFFCFEDB00D3
:04154600ECFEECFFCC
:10154A00E6F42026E6F5E000F0A4F0B5DC4BF48AD8
:10155A0094093D2AE11CDC5BE4CA9409F48A9309E4
:10156A002D14DC4BF48A95093D10DC6BF4CA9909F9
:10157A00E4CAE501F4CA9A09DC4BE4CAE601F09B25
:10158A00F08ADA0004AEDA01880BDA01CA1FD750F2
:10159A00E000F2FE0426F2FF0626F084DA01EC1FD0
:0815AA00F08EF09FDA01240C21
:0615B200FCFFFCFEDB0063
:1015B800D740E000F3F8B22F2D05D740E000F3F84C
:1015C800B42F3D02E108DB008890F0C8E6FA202637
:1015D800E6FBE000E6F88C2AE6F9E000DA0152C200
:0415E8000802DB001A
:1015EC00D740E000F3F8B22F2D14D740E000F3F809
:1015FC00B42F2D0FD740E000F2F4F0283D0AE6F8A6
:10160C008C2AE6F9E000DA010AC349802D02E014C5
:06161C000D01E004DB00FB
:10C33200F0687C36DC4AB869F0686867DC5AC46920
:10C342000200A8592D12DC4AD449020048429D0D30
:10C35200F07AF0692851DC47B856DC4AD449020029
:0CC3620006F40800DC4AC4490200DB00BD
:10C36E00F0787C371B79F2F50CFEF2F40EFEF084B9
:10C37E00F095F048F05926F4FFFF3850FD03E6F62D
:10C38E00FFFF0D01F068F04B49802D06206AF04743
:0AC39E005C144046FD01F064F04617
:02C3A800DB00B8
:10C3AA00F048F05926F4FF7F3850BD03E6F4FF7FCA
:10C3BA00DB00F048F05926F4008036F5FFFFDD0374
:0AC3CA00E6F40080DB00F048DB0021
:10C3D400F048F05926F4FFFF3850BD03E6F4FFFFA0
:10C3E400DB00F048F05928403850DD02E004DB005F
:04C3F400F048DB0032
:10C3F800ECFDECFEECFFF01CF02BF0CAF0A8F0B955
:10C40800F48002002D03E00EF0DC0D55A9803D04F8
:10C41800DC4BF48A04002D0DDC4BA8EAF06EF076B4
:10C42800BCF7F08CE00900861097DA01D4C3F0D489
:10C438000D4249202D19DC4BA84AF064F076BCF770
:10C44800D4400400F084E00900861097DA01AAC3FA
:10C45800F0E4F06EF076BCF7F08CE00900861097F7
:10C46800DA01D4C3F0D40D27F4200A002D0EF042CF
:10C47800E005F0645C855C847C867056C026E00725
:10C48800DA01F8C8F064F0750D03E6F6FFFFE0077F
:10C49800F046F05726F4FFFF3850FD03E6FDFFFF96
:10C4A8000D01F0D6F06CE007F08DE009208630979A
:10C4B800DA01AAC3F0E4D4500800405EDD0E46F568
:10C4C800FF7F9D0BF0F5F065E007F08CE009008632
:10C4D8001097DA01D4C3F0D40D1EDC4BA84AF084BF
:10C4E800F098BCF9D4400600E00520843095DA01C4
:10C4F800AAC3F054405EDD02F0FE0D0DF0F5DC4BF2
:10C50800A84AF064F076BCF7F08CE0090086109732
:10C51800DA01D4C3F0D446FD7D009D03E6FD7D001D
:10C52800E00FDC5BC4DA0200B8FAA9C0DC4BE4CA4D
:02C538000400FD
:08C53A00FCFFFCFEFCFDDB0030
:10C54200F05BF06AF028F039E6F4FB008840E6F48C
:10C5520053078840E6F47D008840E6F43F008840B7
:10C56200F4800A00C0848840F4800A00C0848840B5
:10C57200F04CC08CF0B5F0A6F093F082DA01F8C36B
:06C5820006F00C00DB00D6
:020000040000FA
:10DBC600DC49F4881100C085E6F46A041B54F2F5BA
:10DBD6000CFEF2F40EFEF0657C247C255CE67046B5
:10DBE600F064DC59C4680C00D4480C007C84F1C88D
:08DBF600DC49E4C81200DB0069
:04DBFE00F0A8F0B9E2
:10DC0200F09BF08ADA00C6DBDC4BD41A0A00F04142
:10DC1200E005F054E004F064F075DC4BD4CA08006F
:10DC2200F08CE00970867097DC4BD47A0C0040715E
:10DC3200ED1F40713D0248C02D44DC4BD45A0A000E
:10DC42002057E6F433331B54F2F30CFEF2F20EFECD
:10DC5200F04270433D02E012E003F048F0592042E6
:10DC620030539D03E008E0090D02208230930D2914
:10DC7200DC4BD46A0A002076DC4BD45A08002D0211
:10DC8200E0150D01E005F0672065E6F433331B640F
:10DC9200F2F30CFEF2F20EFEF04270433D02E0128D
:10DCA200E003E6F4FFFFE6F5FFFF2048305920428B
:10DCB20030539D05E6F8FFFFE6F9FFFF0D020082F3
:10DCC2001093F068DC4BC46A0800F049E005F06488
:10DCD200DC6BC46A0A00D46A0A00C46A0E00DC4B18
:0EDCE200D44A0E007C84F1C8DC4BE4CA130067
:02DCF000DB0057
:10DCF200DC49F488100047F824009D03E7FC7F000C
:10DD02000D03DC49F4C81000DC49E4C81100DB0053
:10DD1200F0A8F0B9E7FC1E00DC4BE4CA1400E15C99
:10DD2200DC4BE4CA1600E15CDC4BE4CA1500F09B54
:10DD3200F08ADA00F2DCF09BF08ADA00C6DBDC6BF8
:10DD4200D46A0C00C46A0E00C46A0A00DC5BF4CA1E
:08DD52001200E4CA1300DB001B
:10DD5A00DC49A8489AF40870E15CDC49E4C816007A
:0ADD6A00E15CDC49E4C81500DB00B1
:10DD7400F0A8F0B9DC4BD44A06008AF41D20F09BCD
:10DD8400F08ADA00F2DCDC4BF48A100047F8240055
:10DD94009D08DC4BD44A04007844DC4BC44A04009C
:10DDA4000D07DC4BD44A04002EF4DC4BC44A0400B7
:0ADDB400F09BF08ADA00FEDBDB00D2
:0ADDBE00ECFDECFEECFFF0E8F0F9DC
:10DDC800DC5FA8DED44E06008AF40220EA002EDFCB
:10DDD800DC4FD44E040066F4E0FFDC5FC44E040060
:10DDE800F4AE100047FA24009D13F04D66F4FFF0DE
:10DDF800F0D476FD4008DC4FD44E04007845DC4F63
:10DE0800C44E0400E7FC7F00DC4FE4CE11000D2077
:10DE1800DC4FE4AE11006EFD8AFD020066FDFFF0E6
:10DE2800DC4FF4AE100047FA5B009D08DC4FD44E7F
:10DE380004007841DC4FC44E04000D0A47FA9100F3
:10DE4800FD07DC4FD44E04007842DC4FC44E04007A
:10DE5800F09FF08EDA00FEDBDC4FF48E14003D29D3
:10DE680076FD0220DC4FD46E04009AF61510DC4FC4
:10DE7800F48E18004980FD10DC4FD44E02008AF45D
:10DE88000B00F04D66F4FFF0F0D48FFDF0564FF51F
:10DE9800DC4FC45E04000D0D9AF60B008AF60920CB
:10DEA800F04D66F4FFF0F0D49FFD3FF6DC4FC46EF2
:10DEB8000400F04D66F4000F2D06DC4FF48E1500BB
:10DEC8003D0276FD0320DC4FD44E040068433D0C30
:10DED800DC4FF4AE16003D0366FDFEF00D0929A1E6
:10DEE800DC4FE4AE16000D04E15CDC4FE4CE160016
:10DEF800DC4FF48E14002D4BDC4FF48E1700098193
:10DF0800DC5FE48E1700F48E170047F80A008D3F97
:10DF1800E10CDC5FE4CE1700F48E14002981DC4F9D
:10DF2800E48E14000D34E7FC1E00DC5FE4CE140020
:10DF3800D44E04009AF40D20F04D66F4FFF0F0D4AE
:10DF480076FD4008DC4FF48E15003D2176FD032058
:10DF58000D1E6EFD8AFD020066FDFFF0DC4FF4AE7B
:10DF6800100047FA9100ED0F47FA5B008D0CDC4F6B
:10DF7800F4AE16003D0366FDFEF00D0929A1DC4F45
:10DF8800E4AE16000D04E15CDC4FE4CE1600DC4F75
:10DF9800D44E040066F41C002D09DC4FF4AE1500C5
:10DFA8002D0929A1DC4FE4AE15000D04E15CDC4F1E
:06DFB800E4CE1500F04D5F
:08DFBE00FCFFFCFEFCFDDB0092
:020000040001F9
:10B39600DC49A8489AF40E70E10CDC49E4C81A00AE
:10B3A600E10CDC59E4C81900D44806002EF4DC4947
:06B3B600C4480600DB00A4
:10B3BC00DC59A878F4C8160049C39D1E49C13D0D3F
:10B3CC00DC49F488170049829D17DC49D4480200F7
:10B3DC0066F4000F46F400082D0F49C23D24DC49E9
:10B3EC00F488180049829D08DC49D448040066F4AE
:10B3FC00000F46F400083D17DC49F4A81B002D0B88
:10B40C0029A1DC59E4A81B00D4480A001EF4DC492D
:10B41C00C4480A000D13DC49D4480A007842DC49C0
:10B42C00C4480A000D0BE7FC3200DC59E4C81B00D1
:10B43C00D4480A001EF4DC49C4480A00DC49D4484C
:10B44C00120046F480028D08DC49D4480A003FF40F
:10B45C00DC49C4480A000D07DC49D4480A003EF414
:10B46C00DC49C4480A00DC49D448120046F4000107
:10B47C009D08DC49D4480A004FF4DC49C4480A0052
:10B48C000D07DC49D4480A004EF4DC49C4480A00D4
:10B49C00DC49F4881C0047F89000FD1CDC49D448BA
:10B4AC00140046F400059D16DC49F4A81D0047FA6B
:10B4BC004B00FD1047FA64009D0DDC49D4480C008C
:10B4CC009AF40850DC49D4480800FFF4DC49C4481D
:10B4DC0008000D07DC49D4480800FEF4DC49C448D8
:10B4EC000800DC49F4881C0047F89000FD1FDC497B
:10B4FC00D448140046F400059D19DC49F4881D005D
:10B50C0047F84B00FD13DC49D4480E009AF40E307A
:10B51C00DC49F4881E0047F85000FD08DC49D4488B
:10B52C000A007841DC49C4480A000D07DC49D448BC
:10B53C000A000EF4DC49C4480A00DC49D44808006F
:10B54C008AF405F0DC49D4480A009AF40200E014AD
:10B55C000D01E004F1A849A02D1FDC49F488190065
:10B56C000981DC59E4881900F4C8190047FC320041
:10B57C00FD0B29C1DC59E4C81900D44806007841F8
:10B58C00DC49C44806000D12DC49D44806000EF410
:10B59C00DC49C44806000D0AE10CDC59E4C819006A
:10B5AC00D44806000EF4DC49C4480600DC49D448F3
:10B5BC00140046F400058D1FDC49F4881A0009813B
:10B5CC00DC59E4881A00F4C81A0047FC3200FD0B61
:10B5DC0029C1DC59E4C81A00D44806007842DC4979
:10B5EC00C44806000D12DC49D44806001EF4DC49A0
:10B5FC00C44806000D0AE10CDC59E4C81A00D44812
:10B60C0006001EF4DC49C4480600DC49D448080096
:10B61C008AF4118066F7FEF0DC49D4480A009AF4EB
:10B62C00021076F70108DC49D44810009AF427D0B0
:10B63C0076F702200D24DC49D44806009AF4081051
:10B64C00F0642EF6DC49C468060076F702200D087B
:10B65C009AF406007844DC49C448060076F70220C8
:10B66C0066F7FEF0DC49D44806009AF4082049A09D
:10B67C002D03E6F401040D02E6F401087074F047A2
:02B68C00DB00E1
:107DAC0048A03D03E6F4FFFFDB00F06AE007F04873
:107DBC00F059DA01F8C8F064F075F046F05726F483
:0E7DCC00FFFF3850FD03E6F4FFFF0D01F04607
:027DDA00DB00CC
:107DDC00F069E007F048E00520463057F064F07594
:107DEC00F046F05726F4FF7F3850BD03E6F4FF7FD2
:107DFC000D0BF046F05726F4008036F5FFFFDD033F
:087E0C00E6F400800D01F046D0
:027E1400DB0091
:047E1600ECFEECFF93
:107E1A00DC4BA81AF041E005F054E004F064F07578
:107E2A00DC49A848F0E4E00F70E670F7401C8D20AA
:107E3A00DC4BA85A405C3D03DC49A8482D3FDC4B8B
:107E4A00A85A205CA8401B54F2F30CFEF2F20EFE74
:107E5A00F04270433D02E012E003F04EF05F204230
:107E6A0030539D03E00EE00F0D0220E230F30D26A1
:107E7A00DC4BA85AF04C2045DC49A8582D02E015E5
:107E8A000D01E0052045A8501B45F2F30CFEF2F265
:107E9A000EFEF04270433D02E012E003E6F4FFFFFB
:107EAA00E6F5FFFF204E305F204230539D05E6FE87
:107EBA00FFFFE6FFFFFF0D0200E210F3F06EDC4960
:0C7ECA00B868F04FE005F064DC4BB86ACB
:067ED600FCFFFCFEDB00D6
:107EDC00DC49D448060076F43C00DC49C448060072
:107EEC00E006DC59C4682C00D468360066F6FFF056
:107EFC0076F6000ADC49C4683600E11CDC49E4C8AB
:107F0C004300E11CDC49E4C84400E11CDC49E4C842
:107F1C004200E016DC49C4681400E016DC49C46871
:107F2C003400E6F69CFEDC49C4683A00E6F69CFE9A
:107F3C00DC49C4683800E6F67D00DC49C4683C00C6
:0C7F4C00E7FC3200DC49E4C84500DB0023
:107F5800DC69D4681800C4681A00D4683200DC6987
:107F6800C4681800F4C84300E4C84400DC49F48835
:107F78004200C086DC69C4683400F4C84200E4C822
:107F88004300DC49D44806005EF4DC59C4480600C6
:107F9800D44802009AF41E80DC49D44804009AF4BC
:107FA8001980DC49A8488AF41500DC49F4884200A5
:107FB800C087DC49D4682C000067DC59C4682C00F1
:107FC800D4582C0046F500808D0526F50080DC4944
:067FD800C4582C00DB0080
:0E7FDE00ECFDECFEECFFF0E8F0F906F0FAFF27
:107FEC00DC4FD44E04009AF40280EA004681DC4F48
:107FFC00D44E06009AF40510E006DC4FC46E0E0059
:10800C000D4CDC4FF48E3E0049823D04DC4FD44EC7
:10801C0030000D03DC4FD44E2E00B840A85046F56E
:10802C0000C89D13F045E005F0645C555C547CB6CB
:10803C007056F064F075E6F41900F6F60EFEF6F7DD
:10804C000CFE7B44F2F60EFE0D02E6F6FFFFDC5F43
:10805C00C46E2A00D44E08009AF40930E006DC6F96
:10806C00C46E2600D46E2A00C46E28000D11E6F4EE
:10807C00FFFF8840DC4FD4CE2A00F0AE06FA280071
:10808C00F0BFF08E06F82600F09FDA01167E08028B
:10809C00DC5FD46E2800C46E0E00DC4FD44E06009C
:1080AC009AF40810DC4FD44E08003FF4DC4FC44E59
:1080BC0008000D07DC4FD44E08003EF4DC4FC44ED4
:1080CC000800DC6FD46E0E00C46E0A00F48E3F0004
:1080DC0049829D29DC4FF48E3E0049813D24E6F90E
:1080EC00AF00DC4FF48E4000C088DA01DC7DE03557
:1080FC000B45F2FD0EFE48D0DD0BE075205DE084F3
:10810C00F6F50EFE4B44F2F40EFEF0D481D00D06C3
:10811C00E084F6FD0EFE4B44F2FD0EFEF06DDC4FDE
:10812C00E4CE47000D04E10CDC4FE4CE4700E00642
:10813C00DC4FC46E1000EA007E83DC4FD44E060088
:10814C009AF41B50DC4FF4AE410047FA10008D102E
:10815C00E006DC5FC46E1200D44E06007844DC4F9F
:10816C00C44E0600E11CDC4FE4CE4200EA008082E3
:10817C0009A1DC4FE4AE41000D7DDC4FF48E4100D3
:10818C0047F80F009D6CDC5FD47E1A00D46E18008B
:10819C002067DC5FC46E1C00F48E44002D04DC4FA1
:1081AC00F48E44000D01E118F0B4F04BC08ADC4FA2
:1081BC00D44E1C00F084E009DA01AC7DF0A4E6F8A2
:1081CC00841EE009DA01AC7DDC5FC44E1400D44E91
:1081DC0014004844FD04E046DC4FC46E1400DC4F30
:1081EC00D44E14003D04E016DC4FC46E1400DC4F7A
:1081FC00D44E1400F1C8DC4FE4CE4200F04BC085E5
:10820C00E6F4BADB1B54F2F50CFEF2F40EFEF0644D
:10821C005C755C747C967056C4400200C4500400BB
:10822C00F064DC4FC46E1E00D4400200D450040035
:10823C00F045E005F064DC5FC46E2000D4AE1C0099
:10824C00D4800200D4900400DA01AC7DDC5FC44E13
:10825C001200D44E06002EF4DC4FC44E0600DC4F48
:10826C00D44E06005FF4DC4FC44E0600E10CDC4F2C
:10827C00E4CE4100E6F400808840DC4FD4CE1200FE
:10828C00F0AE06FA2400F0BFF08E06F82200F09F44
:10829C00DA01167E0802DC6FD46E2400C46E0C006A
:1082AC00C46E0A00DC4FD44E06009AF40520E10C93
:1082BC00DC4FE4CE47000D1EDC5FD49E1600D48E3E
:1082CC000C00DA01DC7DE055F6F40EFE4B55F2FDA8
:1082DC000EFE46FD7F00BD03E6F47F000D0746FD54
:1082EC0080FFDD03E6F480FF0D01F04DF1C8DC4F9B
:1082FC00E4CE4700DC6FD46E0C00C46E1600D44E76
:10830C00340046F4FE00FD04E016DC4FC46E34006D
:10831C00DC4FD44E02009AF42880DC4FD45E2C0043
:10832C00E6F410271B54F2F50CFEF2F40EFEC440DA
:10833C000200C4500400F064DC4FC46E1E00D44034
:10834C000200D4500400F045E005F064DC4FC46E2C
:10835C002000E6FA8813D4800200D4900400DA01DD
:10836C00AC7DDC4FC44E10000D04E006DC4FC46E37
:10837C001000DC4FD45E0A00E6F4A000F6F50EFE09
:10838C005B44F2F50EFEB85046F5FF00FD03E7FC2A
:0E839C00FF000D02A840F1C8DC4FE4CE460001
:0A83AA000806FCFFFCFEFCFDDB00F2
:109FA200E6FB1000E00AE6F8EA34E6F9E000DA003F
:109FB200DCDFE6FB1200E00AE6F8D834E6F9E0005E
:109FC200DA00DCDFE6FB1600E00AE6F8C234E6F966
:0C9FD200E000DA00DCDFDA01740BDB00D9
:109FDE00F068F079D770E000F78E1E26F78E882293
:109FEE00F6F67A22F6F77C22D750E000F78E5D2245
:109FFE00F78E5B22F096F0A7E6F84000DA018E7736
:10A00E00DA01286ADA015C85E0048840E00CD7406A
:10A01E00E000C2FB5C22E00AD740E000C2F95A22FF
:0AA02E00E008DA010E200802DB0052
:0EA03800ECFDECFEECFFF0E8F0F906F0E2FFC4
:10A04600F08EF09FDA015608D740E000F3F8F534B9
:10A056002D0FD750E000F2F6EA34F2F7EC34F04E6A
:10A066002046F05F305726F40A003850EA80AAA14D
:10A07600D750E000F6FEEA34F6FFEC34E118D7409C
:10A08600E000F7F8F534DA015E1FF0D4F04D4981AF
:10A09600FD13D760E000F78EF834F78EF434F78EB0
:10A0A600F334F08EF09FDA01DE9FE118D740E0002E
:10A0B600F7F8F734EA0028A4D740E000C2F5F334F5
:10A0C6005C15F04DC08470456847D750E000F7F83E
:10A0D600F334F3FAF43449A39D0509A1D740E0000F
:10A0E600F7FAF434D740E000F3F8F43449838D5A94
:10A0F600D740E000F3FAF3342D0249A73D02E014FD
:10A106000D01E004D750E000F7F8F834F3FAF33421
:10A1160049A73D13D740E000F3F8F2344981ED0D2D
:10A12600E118D750E000F7F8F234F78EF734E1186B
:10A13600D740E000F7F81E260D3549A03D19D74057
:10A14600E000F3FAF2342D0249A13D12E128D7606E
:10A15600E000F7F8F234F6FEEE34F6FFF034DA00FB
:10A16600067AF08EF09FDA01DE9FDA0146150D1AA7
:10A17600D740E000F3F8F33449873D14D740E000B8
:10A18600F3FCF23449C28D0E49C52D0C49C72D0A80
:10A19600E168D740E000F7F8F234E118D740E00074
:10A1A600F7F8F734D740E000F3FCF23449C2EA800E
:10A1B60028A449C5EA2028A449C73D02EA0028A4E4
:10A1C600DA00067AD750E000F78E1E26F3F8C3228F
:10A1D6002D02DA015C85D740E000F3F8F2344986B7
:10A1E6003D54D740E000F3F8F834EA2028A4D740DD
:10A1F600E000F3F8F3344987EA3028A4D740E000BA
:08A20600F3F83822EA3028A425
:10A20E00D740E000F3F83922EA3028A4D740E00026
:10A21E00F3F83422EA3028A4D740E000F3F83522D0
:10A22E00EA3028A4D740E000F3F83622EA3028A41A
:10A23E00D740E000F3F83722EA3028A4D740E000F8
:10A24E00F3F8C322EA3028A4D740E000F3F8242420
:10A25E00EA3028A4D750E000F2F77A24F2F67824F8
:10A26E007067EA3028A4DA0140454980EA3028A414
:10A27E00E178D740E000F7F8F234DA016C1FEA001B
:10A28E0028A4F08066F8FF3FF2F904FEDA012216E8
:10A29E00F4801A00EA3028A4D4401400EA3028A42E
:10A2AE00D740E000F3F8C322EA3028A4D740E000FC
:10A2BE00F3F82424EA3028A4D750E000F2F77A24E9
:10A2CE00F2F678247067EA3028A4D740E000F3F85D
:10A2DE00A7202D02EA0028A4D740E000F3F8A4330B
:10A2EE002D1DD740E000F3F8AC332D06D740E0002B
:10A2FE00F3F8AB3349813D0BF08EF09FDA015A062D
:10A30E0049802D05E118D740E000F7F8AC33E1188D
:10A31E00D740E000F7F8F734EA0028A4D740E00071
:10A32E00F3F8F6343D2FD740E000F3F8B22F2D05A9
:10A33E00D740E000F3F8DC2D3D06E118D740E000F1
:10A34E00F7F8F7340D6AD740E000F3F8DD2D2D1540
:10A35E00F08EF09FDA01B81549802D5FE118D750C5
:10A36E00E000F7F8F634F3F8F23449862D56E1386A
:10A37E00D740E000F7F8F2340D50E118D740E00076
:10A38E00F7F8F634DA01EC1549803D06E118D740AE
:10A39E00E000F7F8F7340D41E148D750E000F7F848
:02A3AE00F23487
:10A3B000F3F8F8342D39D740E000F3F8F3343D34A6
:10A3C000D750E000F2F6EE34F2F7F034F04E2046CB
:10A3D000F05F305726F4983A38508D26D740E00089
:10A3E000F3F85A223D21D740E000F3F8A8202D1CB5
:10A3F000D740E000F3F87E2149813D16DA0140455F
:10A4000049802D010D11DA01681F49802D08E1589E
:10A41000D750E000F7F8F234F78EF7340D05E11865
:08A42000D740E000F7F8F73423
:0CA4280006F01E00FCFFFCFEFCFDDB004B
:020000040000FA
:0640120008000A0B060580
:0C001C00545537343420302E302E310083
:10110200E6F4D822E6F5E000F0A4F0B5DC4BF48A70
:101112008000C084084166F47F00F128DC4BF4AA09
:10112200810041A23D05E11CDC4BE4CA8200DB00E8
:10113200F078DC4BF48A8000C086F04A0046F05B0F
:0A114200DC45B9E4DC4BE42A800030
:02114C00DB00C6
:10114E00E6F4D822E6F5E000F024F035F01AE7FCDC
:10115E005500DC43E4C2B400F06ADC43E4C2B500DF
:10116E00E00B0D15F048004BF059DC45A9E4F042B8
:10117E00004BF053DC45E4E4B600F048004BF05968
:10118E00DC45A984C085C0240045F12808B1F04A89
:10119E00C085405BEDE7F04AC086F0420046F05352
:1011AE00DC45E424B600E006DC43C4623A01F04AB2
:0A11BE00C0860863DC43C4623801F8
:0211C800DB004A
:0411CA0006F0FEFF2E
:1011CE00F04849802D02E1080D01E118B980E01ABE
:0E11DE00F08066F8FF3FF2F904FEDA004E11D1
:0411EC000802DB001A
:0A11F000ECFDECFEECFF06F056FFEC
:1011FA00E6F45622E6F5E000F0E4F0F5E6F47421B0
:10120A00E6F5E000C4406200C4506400E6FB6200F8
:10121A00E00AF08066F8FF3FF2F904FEDA00DCDF4C
:10122A00DA01CA1FC440A400E6F4E821E6F5E000AA
:10123A00E6F666000060E6F71E00DA01EAC9E6F49F
:10124A001422E6F5E000E6F684000060E6F72000E6
:10125A00DA01EAC9D750E000F2F40426F2F50626CC
:10126A00C440A600C450A800D480A400DA01EC1F30
:10127A00D4A07A00F08066F8FF3FF2F904FEDA01A2
:10128A00668FD4506400D4406200DC45D4A40400C4
:10129A00E028008066F8FF3FF2F904FEDA01668F63
:1012AA00D4506400D4406200DC45A854E0A4F6F5AA
:1012BA000EFE4B44F2F40EFEE4800400DC4FD44EE2
:1012CA00160046F4FF00FD03E6F4FF000D03DC4FB1
:1012DA00D44E1600E4800500D4A08C00E06800809B
:1012EA0066F8FF3FF2F904FEDA01668FD4509800DF
:1012FA00E0A4F6F50EFE4B44F2FA0EFEE0880080FA
:10130A0066F8FF3FF2F904FEDA01668FD4A0900076
:10131A00E0A8008066F8FF3FF2F904FEDA01668F62
:10132A00E6F47F00E0058850F0C4E6FA80FFE6FBA9
:10133A00FFFFD4506600D4406400DC45D444080062
:10134A00F084F098BCF9DA01C88F0802E4800C0036
:10135A00E6F47F00E0058850F0C4E6FA80FFE6FB79
:10136A00FFFFD4506600D4406400DC45D4440C002E
:10137A00F084F098BCF9DA01C88F0802E4800D0005
:10138A00D4706400D4606200DC47D4561000E6F4DE
:10139A006400F6F50EFE4B44F2F40EFEE4800E00F5
:1013AA00DC47D4466C00E4800F00DC4FF48E140056
:1013BA00E4801000DC4FF48E1200E4801100DC4F50
:1013CA00F48E1300E4801200DC4FD46E5C00F04609
:1013DA007C34E4801300E6F464001B64F2F50CFE2E
:1013EA00F2F40EFEE6F60004E007DA018AC926F4F2
:1013FA0064003850E4801400DC4FF48E4D00E48021
:10140A001600DC4FD4AE5000E6F81900008066F8EA
:10141A00FF3FF2F904FEDA01668FDC4FD45E360034
:10142A0046F56400FD02E1180D01E108E4801D00A3
:10143A0046F5FF00FD03E6F4FF000D03DC4FD44E32
:10144A003600E4801E00DC4FD45E5200E0A4F6F5BC
:10145A000EFE4B44F2F40EFEE4802000D740E0007A
:10146A00F3F8C822E4802100D740E000F3F8C6224E
:10147A00E4802200DC4FD4AE3C00E6F82300008072
:10148A0066F8FF3FF2F904FEDA01668FDA000A63B2
:10149A00DC45F484D805E4802500D740E000F3FE5B
:1014AA00BC22E4E02600DC4FF48E0700E48028002A
:1014BA00D4506400D4406200DC45D4446800E4801F
:1014CA002900D740E000F3F8D134E4802A0049E249
:1014DA003D02E0250D01E00549E13D02E0160D015E
:1014EA00E0067065DC4FF48E32002D02E0450D01F6
:1014FA00E0057056D740E000F3FCC0222D02E084DC
:10150A000D01E0047045E4802B00E4C02C00F48057
:10151A008100E4802D00D4407600D450780026F46F
:10152A00FF003850FD04E6F4FF00E0050D04D44046
:10153A007600D4507800E4802E00D740E000F3F81B
:10154A00C122E4802F00E108E4803000DC4FA98E3C
:10155A0049813D02E0250D01E005F48080004982C1
:10156A003D02E0170D01E0077075DC4FF48E1300A1
:10157A0047F86400FD02E0460D01E0067067DC4FA3
:10158A00F48E120047F86400FD02E0870D01E007BF
:10159A007076DC4FF48E02002D03E6F610000D0182
:1015AA00E0067067DC4FF48E34002D03E6F7200066
:0215BA000D0121
:1015BC00E0077076DC4FF48E04002D03E6F6400055
:1015CC000D01E0067067DC4FF48E05002D03E6F488
:1015DC0080000D01E0047046E4803100DC4FF48E95
:1015EC0003002D02E0460D01E006DC4FF48E0100F5
:1015FC002D02E0150D01E0057056D740E000F3F820
:10160C00D2342D02E0860D01E0067065D4408A00CC
:10161C002D03E6F510000D01E0057056D44088004E
:10162C002D03E6F620000D01E0067065D740E000C2
:10163C00F3F8A9202D03E6F540000D01E0057056E6
:10164C00D740E000F3F824242D03E6F480000D01CC
:10165C00E0047045E4803200DA000A63DC45F4846F
:10166C00D405E4803300D740E000F3F82424E48070
:0C167C003400DC4FF48E0600E4803500E2
:10168800DA01CA1FC440A400E00D0D19F48D124000
:10169800C085E0C40B54F2F40EFED740E000D4A499
:1016A800B420F04D5C14E6F6360000600064F08665
:1016B80066F8FF3FF2F904FEDA01668F08D148D6D2
:0A16C8008DE5D480A400DA01EC1FC8
:1016D200DC5FD44E1C00D45E1E00D460A600D47021
:1016E200A80020643075E6F4E803F6F60EFEF6F77D
:1016F2000CFE7B44F2FA0EFEE6F84200008066F829
:10170200FF3FF2F904FEDA01668FDC4FF48E02002D
:10171200E4804B00DC4FD4AE1600E6F84C000080AB
:1017220066F8FF3FF2F904FEDA01668FDC4FD4AEB1
:101732003600E6F84E00008066F8FF3FF2F904FE3C
:10174200DA01668FE138E4805000D4906400D480DE
:101752006200DC49D4580C0046F57F00AD0346F523
:1017620080FFDD02E0260D01E006DC49D4580800C6
:1017720046F57F00AD0346F580FFDD02E0140D0162
:10178200E0047046E4805100DC49D4A80800E6F881
:101792005200008066F8FF3FF2F904FEDA01668F1C
:1017A200D4506400D4406200DC45D4A40C00E6F8B6
:1017B2005400008066F8FF3FF2F904FEDA01668FFA
:1017C200D4A09800E6F85600008066F8FF3FF2F9D0
:1017D20004FEDA01668FD740E000F3F8FE25E480CC
:1017E2005800DA01CA1FC440A400D740E000F2FA50
:1017F2000622E6F85900008066F8FF3FF2F904FE7F
:10180200DA01668FD480A400DA01EC1FD740E00031
:10181200F3F8B22F2D2CD740E000F3F8002847F858
:041822001400ED259C
:10182600E6F42026E6F5E000F084F095DC49F4883D
:10183600E001E4805B00E00D0D12E6F418001BD415
:10184600F2F60EFEF0480046F059DC45F4A402001C
:1018560069A1F4805C00018AE4805C0008D1DC495F
:0A186600F488E001C085405DEDE864
:10187000D740E000F3F8A8202D5CDA000A63DC45CD
:10188000F48400063D56D4506400D4406200DC4528
:10189000F484160049813D4DDA000A63F084F09526
:1018A00006F82009DA01528FF084E009D450640070
:1018B000D4406200DC55D4647000D4747200D4400B
:1018C000A600D450A8002046305720483059ED31AA
:1018D000DA000A63DC45F484C308C085E0541B5475
:1018E000F2F60EFED4506400D4406200DC45D444CD
:1018F0006A0040469D04E118E4805D000D1ADA009C
:101900000A63DC45F484C408C085E0541B54F2F635
:101910000EFED4506400D4406200DC45D4446A001A
:101920004046FD04E148E4805D000D03E128E480C9
:101930005D00E6FA6200F08066F8FF3FF2F904FE0F
:04194000DA004E116A
:0C19440006F0AA00FCFFFCFEFCFDDB002E
:0A195000ECFDECFEECFF06F08CFF4E
:10195A00E6F45622E6F5E000F0E4F0F5E6F4742148
:10196A00E6F5E000C4402800C4502A00DA000A6301
:10197A00C4402C00C4502E00DA01CA1FF094E6F4C9
:10198A00E821E6F5E000E6F630000060E6F71E0022
:10199A00DA01EAC9E6F41422E6F5E000E6F64E00BA
:1019AA000060E6F72000DA01EAC9D750E000F2F455
:1019BA000426F2F50626C4407000C4507200D740CF
:1019CA00E000F2F40622C4406E00D740E000F2FDC7
:1019DA00AA20F089DA01EC1FE6FB2800E00AF08071
:1019EA0066F8FF3FF2F904FEDA00DCDFE128B9808D
:1019FA00D4A04400E018008066F8FF3FF2F904FE24
:101A0A00DA01668FE6F4FFFFE0058850F0C4E00AC9
:101A1A00E00BD4502C00D4402A00DC45D444040006
:101A2A00F084F098BCF9DA01C88F0802F0A4E03813
:101A3A00008066F8FF3FF2F904FEDA01668FE6F4E9
:101A4A00E803E0058850F0C4E00AE00BD4502C000B
:101A5A00D4402A00DC45A844F084F098BCF9DA01A5
:101A6A00C88F0802F0A4E058008066F8FF3FF2F938
:101A7A0004FEDA01668FE6F4FF00E0058850F0C440
:101A8A00E00AE00BD4502C00D4402A00DC45D444B0
:101A9A000800F084F098BCF906F828001890DA01DA
:101AAA00C88F0802E4800700E6F4FF00E0058850CA
:101ABA00F0C4E00AE00BD4502C00D4402A00DC45E4
:101ACA00D4440C00F084F098BCF906F82800189069
:101ADA00DA01C88F0802E4800800E6F4FF00E00596
:101AEA008850F0C4E00AE00BD4502C00D4402A00FD
:101AFA00DC45D4541000E6F46400F6F50EFE4B44BF
:101B0A00F2F40EFEF084F098BCF9DA01C88F0802EC
:101B1A00E4800900D740E000F3F8A8202D1FD45034
:101B2A002E00D4402C00DC45F48400062D17D490F6
:101B3A002A00D4802800DC49F488160049813D0E29
:101B4A00DC49D4486C0046F4FF00FD03E6F4FF00CC
:101B5A000D03DC49D4486C00E4800A00D4502A0002
:101B6A00D4402800DC45D4546A00E054F6F50EFE51
:101B7A005B44F2F40EFEF064E007F046F05726F4F8
:101B8A00FF003850BD04E6F4FF00E0050D02F04600
:101B9A00F057E4800B00DC4FF48E1400E4800C0054
:101BAA00DC4FD4AE5C00E0D8008066F8FF3FF2F963
:101BBA0004FEDA01668FDC4FD4AE1600E0F800802E
:101BCA0066F8FF3FF2F904FEDA01668FD4A05600E8
:101BDA00E6F81100008066F8FF3FF2F904FEDA0128
:101BEA00668FD4A06200E6F81300008066F8FF3F13
:101BFA00F2F904FEDA01668FDC4FF48E1200E480FB
:101C0A001500DC4FF48E1300E4801600DC4FD44E2E
:101C1A00360046F4FF00FD03E6F4FF000D03DC4F37
:101C2A00D44E3600E4801700D740E000F2F4C62212
:101C3A0046F4FF00FD03E6F4FF000D04D740E00080
:101C4A00F2F4C622E4801800DC4FD46E3C00E0A413
:101C5A00F6F60EFE5B44F2F40EFE46F4FF00FD03B8
:101C6A00E6F4FF000D06E0A4F6F60EFE5B44F2F47D
:101C7A000EFEE4801900D4902A00D4802800DC49A2
:101C8A00D448680046F4FF00FD03E6F4FF000D03A4
:101C9A00DC49D4486800E4801A00DC4FF48E600006
:101CAA00E4801B00DC4FD44E620046F4FF00FD03C3
:101CBA00E6F4FF000D03DC4FD44E6200E4801C0002
:101CCA00DC4FF48E6100E4801D00DC4FD44E6400CA
:101CDA0046F4FF00FD03E6F4FF000D03DC4FD44E8B
:101CEA006400E4801E00DC4FA9CE49C13D02E02514
:101CFA000D01E005F4804A0049823D02E0170D011A
:101D0A00E007707549C23D02E0460D01E0067067C2
:021D1A00DC4F9C
:101D1C00F48E02002D02E0870D01E0077076DC4F97
:101D2C00F48E34002D03E6F610000D01E00670670A
:101D3C00DC4FF48E04002D03E6F720000D01E007C4
:101D4C007076DC4FF48E05002D03E6F640000D0195
:101D5C00E0067067DC4FF48E03002D03E6F4800080
:101D6C000D01E0047046E4801F00DC4FF48E01008E
:101D7C002D02E0150D01E005D44052002D02E026A5
:101D8C000D01E0067065D44054002D02E0450D01B4
:101D9C00E0057056D740E000F3F8D2342D02E0860F
:101DAC000D01E0067065D740E000F3F8A9202D0383
:101DBC00E6F510000D01E0057056D740E000F3F891
:101DCC0024242D03E6F620000D01E0067065D740B3
:101DDC00E000F3F8FE252D03E6F540000D01E005CB
:101DEC007056D740E000F3F8A7202D03E6F48000EE
:101DFC000D01E0047045E4802000D740E000F3F8CA
:101E0C00A8202D49D4702E00D4602C00DC47F48619
:101E1C0000063D41DC49F488160049813D3C06F63C
:101E2C002009F097F086DA01528FF084E009D43063
:101E3C002A00D4202800DC53D4627000D4727200C3
:101E4C00D4407000D450720020463057204830598E
:101E5C00ED22D4902E00D4802C00DC49F488C308E9
:101E6C00C085E0541B54F2F60EFEDC43D4726A00BB
:101E7C0040769D02E0140D0DDC49F488C408C08541
:101E8C00E0541B54F2F60EFE4076FD02E0440D01C8
:101E9C00E024E4802100D740E000F3FAD13447FA83
:101EAC000F00FD02E0F40D01C0A45C44F1A8F48025
:101EBC002100718AE4802100D4A06E00E6F8220093
:101ECC00008066F8FF3FF2F904FEDA01668FF0AD90
:101EDC00E6F82400008066F8FF3FF2F904FEDA0110
:101EEC00668FD4404000D450420026F4FFFF385097
:101EFC00FD04E6F4FFFFE0050D04D4404000D4508F
:101F0C004200F0A4E6F82600008066F8FF3FF2F9E4
:101F1C0004FEDA01668FE6FA2800F08066F8FF3FCF
:081F2C00F2F904FEDA004E1187
:0C1F340006F07400FCFFFCFEFCFDDB006E
:0A1F4000ECFDECFEECFF06F068FF7C
:101F4A00E6F4D822E6F5E000B840C4500200E6F60E
:101F5A00D822E6F7E000F08606F88300F097C480FE
:101F6A000400C4900600DC47F486AC00F0E4DC49C7
:101F7A00A988F0F4E108E4800800DA01CA1FF0D465
:101F8A00D750E000F2F40426F2F50626C440900089
:101F9A00C4509200F08DDA01EC1FF04F49803D0CDD
:061FAA00F04E49813D09E3
:101FB000E0BAE6F81C00E6F90000DA004E11EA008B
:021FC000FC30F3
:101FC200F04F47F810003D07F04E49813D04DA001A
:101FD200F011EA00FC30F04F47F813003D07F04ED5
:101FE20049813D04DA005019EA00FC30F04F498182
:101FF2003D54F04E49813D51D740E000F3F824248E
:102002003D1FD740E000F3F8A7203D1AD48090008E
:10201200D4909200DA01267DD740E000F3F81D2625
:102022002D0CD740E000F3F856223D07D740E000E0
:10203200F2F4FC213D02E0140D01E004E48008000A
:10204200F48008002D14E11CD4500200A840DC45A5
:10205200E4C44601D4609000D4709200D4500200CF
:10206200A840DC55C4644801C4744A010D0FD47001
:102072000200A86006F63C01DC57A846D4560200CE
:1020820008411850DC57B846C4560200F4800800D4
:10209200C088DA00CA11EA00FC30F04F47F811009C
:1020A2003D3CF04E49813D39DA01CA1FF0D4E004CB
:1020B200C4400E000D1DD4500E00E0C41B54F2F4B7
:1020C2000EFED740E000D4A4B420D4400E005C142D
:1020D200E6F6100000600064F08666F8FF3FF2F951
:1020E20004FEDA01668FD4400E000841C4400E009F
:1020F200D4400E0046F410008DDEF08DDA01EC1FA4
:10210200E6FA2000E6F81000008066F8FF3FF2F9D8
:1021120004FEDA004E11EA00FC30F04F47F83100BD
:0C212200EA30BA22F04E4981EA30BA22BD
:10212E00DA01CA1FF0D4D770E000F2F61821F2F7E8
:10213E001A21F2F40426F2F5062620463057C44042
:10214E009400C4509600E118E4801000D740E000DF
:10215E00F3F81E212D11D4409400D450960026F48D
:10216E0064003850ED09D740E000F2F4142146F433
:10217E00FF03ED02E0160D01E006D740E000F3F894
:10218E0056223D0CD740E000F3F802223D07D7401F
:10219E00E000F2F4FC213D02E0250D01E005705651
:1021AE00D740E000F3F81E262D02E0460D01E006B2
:1021BE007065D740E000F3F8A8202D02E0850D01F0
:1021CE00E0057056D740E000F3F8BC2249813D038C
:1021DE00E6F410000D01E0047045E4801100D740D4
:1021EE00E000F2FA1421E6F81200008066F8FF3FD4
:1021FE00F2F904FEDA01668FD4409400D4509600B2
:10220E0026F4FFFF3850FD04E6F4FFFFE0050D0451
:10221E00D4409400D4509600F0A4E6F81400008048
:10222E0066F8FF3FF2F904FEDA01668FDA000A6300
:10223E00F084F09506F8B007DA01528FF0A4E6F8B4
:10224E001600008066F8FF3FF2F904FEDA01668F91
:10225E00DA000A63F084F09506F8B207DA01528FBD
:10226E00F0A4E6F81800008066F8FF3FF2F904FECD
:10227E00DA01668FD740E000F2FAAA20E6F81A00DB
:10228E00008066F8FF3FF2F904FEDA01668FF08DEA
:10229E00DA01EC1FE0CAE6F81000008066F8FF3F96
:0C22AE00F2F904FEDA004E11EA00FC30E8
:1022BA00F04F47F820003D3EF04E49813D3BE13862
:1022CA00E4801000E148E4801100E6FA000CE6F828
:1022DA001200008066F8FF3FF2F904FEDA01668F09
:1022EA00D740E000F2FAAA20E6F81400008066F867
:1022FA00FF3FF2F904FEDA01668FE7F82000E48076
:10230A001600E7F88000E4801700E108E48018006E
:10231A00D740E000F3F81C26E4801900E0AAE6F8AA
:10232A001000008066F8FF3FF2F904FEDA004E1151
:10233A00EA00FC30F04F47F82D003D2CF04E498161
:10234A003D29E118E4801000E118E4801100E6FA62
:10235A000004E6F81200008066F8FF3FF2F904FE76
:10236A00DA01668FE128E4801400E118E4801500A0
:10237A00E108E4801700E108E4801600E08AE6F844
:10238A001000008066F8FF3FF2F904FEDA004E11F1
:10239A00EA00FC30F04F47F82E00EA30AA24F04E4B
:1023AA0049813D7EDA01CA1FF0D4E118E4801000A9
:1023BA00D740E000F3F82E22E4801100D740E00075
:1023CA00F3F85422E4801200E108E4801300E004E8
:1023DA00C4400E000D44D4400E005C14D740E00007
:1023EA00D4A44622D4400E005C14E6F61400006021
:1023FA000064F08666F8FF3FF2F904FEDA01668FA0
:10240A00D4400E005C14D740E000D4A44A22D44041
:10241A000E005C14E6F6180000600064F08666F8A8
:10242A00FF3FF2F904FEDA01668FD4400E005C1415
:10243A00D740E000D4A45022D4400E005C14E6F643
:10244A001C0000600064F08666F8FF3FF2F904FEA3
:10245A00DA01668FD4400E000841C4400E00D44011
:10246A000E0048428DB8D740E000F2FA4E22E6F854
:10247A002000008066F8FF3FF2F904FEDA01668F59
:10248A00F08DDA01EC1FE6FA1200E6F8100000807F
:10249A0066F8FF3FF2F904FEDA004E11EA00FC305A
:1024AA00F04F47F82F00EA30A427F04E49812D104B
:1024BA00F04E4982EA30A427D4700600D4600400A2
:1024CA00DC47F4A6010049A12D0349A2EA30A4275A
:1024DA00DA01CA1FF0D4E118E4801000E108E480B0
:1024EA001100D740E000F2FA4808E6F8120000802E
:1024FA0066F8FF3FF2F904FEDA01668FD740E00082
:10250A00F2FA4A08E6F81400008066F8FF3FF2F98A
:10251A0004FEDA01668FD740E000F2FA4C08E6F8CA
:10252A001600008066F8FF3FF2F904FEDA01668FB2
:10253A00D740E000F2FA4E08E6F81800008066F884
:10254A00FF3FF2F904FEDA01668FD740E000F2FAA3
:10255A005008E6F81A00008066F8FF3FF2F904FE18
:10256A00DA01668FD740E000F2FA4E22E6F81C0044
:10257A00008066F8FF3FF2F904FEDA01668FF04E3A
:10258A0049823D13D4500600D4400400DC45F4844B
:10259A00010049813D0AD770E000F68E4E08F68E9A
:1025AA004C08F68E4A08F68E4808F04E4982EA3000
:1025BA006627D4500600D4400400DC45F4840100A8
:1025CA004982EA306627E128E4801000E6FB5200DF
:1025DA00E00AE6F81E00008066F8FF3FF2F904FE02
:1025EA00DA00DCDFD740E000F2FA5408E6F81E0011
:1025FA00008066F8FF3FF2F904FEDA01668FE6F81A
:10260A001E00008066F8FF3FF2F904FEDA01528FDD
:10261A004840EA204C27D740E000F2FA5608E6F88C
:10262A002000008066F8FF3FF2F904FEDA01668FA7
:10263A00D740E000F2FA5808E6F82200008066F86F
:10264A00FF3FF2F904FEDA01668FD740E000F2FAA2
:10265A005A08E6F82400008066F8FF3FF2F904FE03
:10266A00DA01668FD740E000F2FA5C08E6F8260045
:10267A00008066F8FF3FF2F904FEDA01668FD74060
:10268A00E000F2FA5E08E6F82800008066F8FF3FEC
:10269A00F2F904FEDA01668FD740E000F2FA600828
:1026AA00E6F82A00008066F8FF3FF2F904FEDA0134
:1026BA00668FD740E000F2FA6208E6F82C00008044
:1026CA0066F8FF3FF2F904FEDA01668FD740E000B0
:1026DA00F3F8A008E4802E00D740E000F3F8A10840
:1026EA00E4802F00D740E000F3F8A208E48030002D
:1026FA00D740E000F3F8A308E4803100E004C440C6
:10270A000E000D1AD4400E005C14D740E000D4A489
:10271A006408D4400E005C14E6F6340000600064DD
:10272A00F08666F8FF3FF2F904FEDA01668FD440BC
:10273A000E000841C4400E00D4400E0046F41E00AC
:10274A008DE1D740E000F2FA5208E6F83200008044
:10275A0066F8FF3FF2F904FEDA01668FF08DDA01BE
:10276A00EC1FF04E49823D0CD4500600D4400400C0
:10277A00DC45F484010049823D03E6F460000D0162
:10278A00E0E4C08AE6F81000008066F8FF3FF2F93C
:10279A0004FEDA004E11EA00FC30F04F47F82B0035
:1027AA003D4DF04E49813D4AE118E4801000E16850
:1027BA00E4801100D740E000F2FAA033E6F81200F4
:1027CA00008066F8FF3FF2F904FEDA01668FD7400F
:1027DA00E000F2FAA233E6F81400008066F8FF3F40
:1027EA00F2F904FEDA01668FD740E000F3F8A63367
:1027FA00E4801600D740E000F3F8A433E480170021
:10280A00D740E000F3F8AA33E4801800D740E0008C
:10281A00F3F8AB33E4801900E108E4801A00E10818
:10282A00E4801B00E0CAE6F81000008066F8FF3F6B
:10283A00F2F904FEDA004E11EA00FC30F04F47F8D4
:10284A002C00EA305629F04E4982EA305629D43013
:10285A000600D4200400DC43F422010049218D76CD
:04286A004926ED749A
:10286E00C028E0C41B84F2F60EFEE6F44C33E6F507
:10287E00E0000046C4409400C45096002881E01643
:10288E004C68E118E4801000E4201100D740E0000D
:10289E00F2F4A03360462D02E1180D01E108E48048
:1028AE001200D740E000F2F4A23360462D02E11888
:1028BE000D01E108E4801300D4709600D4609400FA
:1028CE00DC47A986E4801400E108E4801500DC47AB
:1028DE00D4A60200E6F81600008066F8FF3FF2F973
:1028EE0004FEDA01668FD4509600D4409400DC5575
:1028FE00D4A40400D4B40600E6F81800008066F8EC
:10290E00FF3FF2F904FEDA01A08FD4509600D440B6
:10291E009400DC55D4A40800D4B40A00E6F81C00D8
:10292E00008066F8FF3FF2F904FEDA01A08FE6FAA6
:10293E001000E6F81000008066F8FF3FF2F904FE82
:08294E00DA004E11EA00FC3032
:10295600F04F47F821002D04F04F47F822003D13B1
:10296600F04E49813D10F06FD4500200A840DC457E
:10297600E4C44401E10CD4500200A840DC45E4C4A0
:102986004501EA00FC30F04F47F823003D0AF04EBF
:1029960049813D07DA00067AE118E4800800EA007A
:1029A600CE30F04F47F824003D0DF04E49813D0AE8
:1029B600D4809000D4909200DA010651E480080099
:1029C600EA00CE30F04F47F82500EA30662BF04E8D
:1029D6004981EA30662BDA01CA1FF0D4D740E000FD
:1029E600F2FA0622E6F81000008066F8FF3FF2F9D8
:1029F60004FEDA01668FD740E000F2FA0822E6F814
:102A06001200008066F8FF3FF2F904FEDA01668FD5
:102A1600D740E000F2FAAA20E6F81400008066F833
:102A2600FF3FF2F904FEDA01668FD740E000F2FAC2
:102A3600AC20E6F81600008066F8FF3FF2F904FEC7
:102A4600DA01668FD740E000F3F87624E4801800B8
:102A5600D740E000F3F81D26E4801900D740E000D7
:102A6600F3F8BC22E4801A00D740E000F3F8C02255
:102A7600E4801B00D740E000F2FAC622E6F81C000C
:102A8600008066F8FF3FF2F904FEDA01668FD74050
:102A9600E000F2FAC822E6F81E00008066F8FF3F62
:102AA600F2F904FEDA01668FD740E000F2FA1E2240
:102AB600E6F82000008066F8FF3FF2F904FEDA012E
:102AC600668FD740E000F2FA1C22E6F8220000806A
:102AD60066F8FF3FF2F904FEDA01668FE06BE00A62
:102AE600E6F82400008066F8FF3FF2F904FEDA00FB
:102AF600DCDFD740E000F3F88A22E4802A00D740E2
:102B0600E000F3F86B22E4802B00D750E000F2FAE5
:102B16000A22F2FB0C22E6F82C00008066F8FF3F42
:102B2600F2F904FEDA01A08FD740E000F3F8FC25A5
:102B3600E4803000D740E000F3F8FD25E480310062
:102B4600F08DDA01EC1FE6FA2200E6F810000080AC
:102B560066F8FF3FF2F904FEDA004E11EA00FC3097
:102B6600F04F47F82700EA30AA2CF04E4981EA30A8
:102B7600AA2CE118E4801000D740E000F3F8F23404
:102B8600E4801100D740E000F3F8F734E480120047
:102B9600D740E000F3F8E634E4801300D740E000C5
:102BA600F3F8CE34E4801400D740E000F3F8CF34D5
:102BB600E4801500D740E000F3F8D134E480160035
:102BC600D740E000F3F8B22FE4801700D740E000CA
:102BD600F3F8B32FE4801800D740E000F3F8B52FE0
:102BE600E4801900D740E000F2FAAE2FE6F81A00AA
:102BF600008066F8FF3FF2F904FEDA01668FD740DF
:102C0600E000F2FAB02FE6F81C00008066F8FF3FFD
:102C1600F2F904FEDA01668FD740E000F3F8DC2D06
:102C2600E4801E00D740E000F3F8DD2DE4801F00AD
:102C3600D740E000F3F8D62DE4802000D740E0002E
:102C4600F3F8DA2DE4802100D740E000F3F8DF2D19
:102C5600E4802200D740E000F3F8E12DE480230071
:102C6600D740E000F3F80028E4802400D740E000D5
:102C7600F3F8FC25E4802500D740E000F3F8FD25B5
:102C8600E4802600E108E4802700E6FA1800E6F86A
:102C96001000008066F8FF3FF2F904FEDA004E11DC
:102CA600EA00FC30F04F47F82A003D45F04E4981D6
:102CB6003D42E118E4801000F2F4448846F4535291
:102CC6003D02E1180D01E108E4801100F4801100D5
:102CD6002D03F2FA46880D01E00AE6F8120000809C
:102CE60066F8FF3FF2F904FEDA01668FE02AE6F89D
:102CF6001400008066F8FF3FF2F904FEDA01668FE1
:102D0600F48011002D06F2F446889AF40210E014BD
:102D16000D01E004E4801600E108E4801700E08A73
:102D2600E6F81000008066F8FF3FF2F904FEDA00CC
:102D36004E11EA00FC30F04F47F828003D2BF04ECC
:102D460049823D28D4700600D4600400DC47F4A60E
:102D5600010049A2ED1F49A03D07DA01286AE118E2
:102D6600E4800800EA00CE30D4909000D4A092000F
:102D7600D4500600D4400400DC45F48401004982A6
:102D86003D02E0180D01E008DA013A6AE480080025
:102D9600EA00CE30F04F47F830003D4CF04E498106
:022DA6003D49A5
:102DA800E6F42026E6F5E000F064F075D740E00090
:102DB800F3F81E26EA20CE30D740E000F3F856227A
:102DC800EA30CE30D740E000F2F4FC21EA30CE30D1
:102DD800DC47F4869209EA20CE30DC47F486930972
:102DE800EA20CE30DC47F4869409EA30CE30DC475E
:102DF800F4869509EA30CE30DC47D446C0028AF41E
:102E08000250EA00CE30E0048840E00CF0B7F0A6AB
:102E1800F08606F86C04F097DA0188C10802498048
:0E2E2800EA20CE30DA01E20AE118E480080068
:102E3600EA00CE30F04F47F829003D23F04E498294
:102E46003D20D4700600D4600400DC47F4A60100DF
:102E560047FA14009D16D740E000F3F8B22F2D1163
:102E6600E6FA1800C0A5E6F418000B54F2F40EFEBC
:102E7600E6F82026E6F9E0000084DA004E11EA00C2
:102E8600FC30F04F47F826003D30F04E49823D2D8C
:102E9600D4700600D4600400DC47F4A6010047FAAB
:102EA60080009D23E4A01000C0A8D740E000F4886D
:102EB6007C25E48011005C18D740E000D4A87C246F
:102EC600E6F81200008066F8FF3FF2F904FEDA0128
:102ED600668FE04AE6F81000008066F8FF3FF2F9D8
:102EE60004FEDA004E11EA00FC30F04F47F83200DB
:102EF6003D67F04E49858D64D4900600D480040069
:102F0600DC49F4880300C0840844F1A8F04E41A8C7
:102F16003D570881DA01528FF084D4A00600D49080
:102F26000400DC4AF4890300C08B0894DA001279A5
:102F3600F1A8E4A0080049A03D0FD4700200A860E3
:102F460006F63C01DC57A846D45602000841185044
:102F5600DC57B846C4560200DA01CA1FF0D4F48022
:102F660008002D02E1080D01E118E4801000D740A9
:102F7600E000F2FAAA20E6F81100008066F8FF3FAA
:102F8600F2F904FEDA01668FD740E000F2FAAE20CD
:102F9600E6F81300008066F8FF3FF2F904FEDA0156
:102FA600668FF08DDA01EC1FE05AE6F8100000801B
:102FB60066F8FF3FF2F904FEDA004E11EA00FC3033
:102FC600F04F49843D36F04E49843D33D490060097
:102FD600D48004000881DA01528FC4400C00D4501A
:102FE6000600D4400400DC45F4A40300E4A00A0073
:102FF60049A02D6AF4800A0047F88000ED65D46088
:103006000C0046F6000CED60E6F5000C2056F48048
:103016000A00C0844045ED58D4D00C00DA000A639B
:10302600F084F095008DF4800A00C08ADA004E1113
:103036000D62F04F49853D48F04E49848D45D49048
:103046000600D48004000881DA01528FC4400C00C7
:10305600D4A00600D4900400DC4AF4A90300E4A03E
:103066000A0049A02D31F4800A0047F82000ED2C13
:10307600F4800A00C08BF04B0844F1A8F04E41A83A
:103086003D23D4800C0046F8000CED1EE6F5000C3E
:10309600205840B5ED19D740E000F3F8A7203D0FC2
:1030A600F06FD4500200A840DC45E4C44401E10CB2
:1030B600D4500200A840DC45E4C445010D1C089428
:1030C600DA009076E4800800F48008003D0FD470A2
:1030D6000200A86006F63C01DC57A846D45602005A
:1030E60008411850DC57B846C4560200F480080060
:0630F600C088DA00CA11D7
:0C30FC0006F09800FCFFFCFEFCFDDB0071
:10310800E6F4D822E6F5E000F0A4F0B5E10CDC4BDB
:10311800E4CA4401F04849803D0EF06A06F63C01D5
:10312800F07BDC57A846D456020008411850DC57FB
:0E313800B846C4560200F048C088DA00CA113A
:02314600DB00AC
:0A314800ECFDECFEECFF06F0FCFFCE
:10315200E6F4D822E6F5E000F0E4F0F5F04E06F4ED
:103162008300F05FB840C4500200D740E000F3F89B
:1031720056223D02E01D0D01E00DDC4FF48E4401AC
:1031820007F8DE002D0809813D20DA003676C08876
:10319200DA0008310D5ADC4FF4AE4501F18A09819B
:1031A200DC4FE48E450149A03D08DA00F6764980FD
:1031B2003D4CE008DA0008310D48F04DC088DA00D5
:1031C2007277C088DA0008310D40DC4FF48E450179
:1031D2003D0CE11CDC4FE4CE4501DA003676498035
:1031E2003D34E008DA0008310D30DC4FF48E450141
:1031F20049813D1CE12CDC4FE4CE4501D490020014
:10320200A8800881DA01528FF084D4A00200A8902D
:10321200DC4AF4890300C08B0894DA009076498076
:103222002D0FDA00F67649803D100D0AF04DC08868
:10323200DA00727749802D04E018DA0008310D05B2
:0A324200DA00067AE008DA0008312D
:0A324C000804FCFFFCFEFCFDDB00A3
:04325600ECFEECFF9F
:10325A00E6F4D822E6F5E000F0E4F0F5DC4FD45EBF
:10326A0038012D21DC4FD44E3A0140459D1CDC4FDC
:10327A00D46E3A01F0460841DC4FC44E3A01F04E92
:10328A000046F05FDC45F484B400C088DA013C21D2
:10329A00DC5FD46E3801D44E3A0140463D04E00664
:0632AA00DC4FC46E380188
:0632B000FCFFFCFEDB0048
:1032B600F048F059E6FAFF00F084F095DA00C832DB
:0232C600DB002B
:1032C800ECFDECFEECFFF0DAF0E8F0F906F0F6FFC2
:1032D800E6F4D822E6F5E000B840C4500200E7F86A
:1032E8002000E4800600F08EF09FDA00107AD450B7
:1032F8000200A840DC45F48444012D120D02DA00D6
:103308004831F05DF0D528D149A0EA201037D450D3
:103318000200A840DC45F48444013DF1EA0010377E
:10332800D4500200A840DC45F48446012D38D4501E
:103338000200A840DC45D44438013D31DA01CA1FF7
:10334800C4400800DA017821E4800400D480080031
:10335800DA01EC1FF4800400EA201037D740E000BF
:10336800F3F8C3222D11D4500200A840DC55D464D0
:103378004801D4744A01F04E2046F05F305726F4D5
:10338800C8003850EAF01037DA01E4CBE10CD45029
:103398000200A840DC45E4C44601EA001037D450D6
:1033A8000200A840DC45D44438012D3FDA01CA1F89
:1033B800C4400800D4500200A840DC45D444380179
:1033C8002D2EDA01782149802D2AD4900200A88078
:1033D800DC49D4683A01F0460841DC49C4483A015E
:1033E800D4500200A8400046DC45F484B400C088EC
:1033F800DA013C21D4500200A840DC45D4643801ED
:10340800D4500200A840DC45D4443A0140463D0768
:10341800E006D4500200A840DC45C4643801D480DA
:103428000800DA01EC1FEA001037DA01CA1FC440AD
:103438000800D4900200A880DC49F48882002D227C
:10344800DC59F4C88000E4C88100E10CD4500200C3
:10345800A840DC45E4C48200E10CD4500200A84036
:10346800DC45E4C4AE00D4700200A86006F6400152
:10347800DC57A846D456020008411850DC57B84615
:10348800C4560200D4800800DA01EC1FD4B0020050
:10349800A8A0DC4BF48AAE00EA20E236DC5BD46AF2
:1034A800B000D47AB200F04E2046F05F305726F4D0
:1034B80064003850EAF0E236E10CDC4BE4CAAE00B6
:1034C800D4700200A86006F63C01DC57A846D45622
:1034D800020008411850DC57B846C4560200EA00FA
:1034E800E236D4500200A840DC45F4848100C0864E
:1034F800D4500200A8400046DC45A984E4800400BA
:10350800D4500200A840DC45F4848100C0840841FE
:1035180066F47F00F1C8D4500200A840DC45E4C43A
:103528008100D4500200A840DC45F484AE003D1769
:10353800F480040047F8AA00EA30E236E11CD450CF
:103548000200A840DC45E4C4AE00D4500200A84004
:10355800DC55C4E4B000C4F4B200EA00E236D4504A
:103568000200A840DC45F484AE0049813D3FF48068
:1035780004002D05F480040047F82400FD18E10C30
:10358800D4500200A840DC45E4C4AE00D470020068
:10359800A86006F63C01DC57A846D456020008414C
:1035A8001850DC57B846C4560200EA00E236F4C0A8
:1035B8000400D4500200A840DC45E4C4AC00F4C0C8
:1035C8000400D4500200A840DC45E4C4AD00E10C7E
:1035D800D4500200A840DC45E4C4AB00E12CD45030
:1035E8000200A840DC45E4C4AE000D77D4500200C8
:1035F800A840DC45F484AE0049823D3DF420040037
:10360800D4700200A860DC47F4A6AB00F18A0981F7
:10361800DC47E486AB00C0A6D4500200A8400046B0
:10362800DC45E4248300D4500200A840DC45F4843F
:10363800AD00C085F4800400C0840045F1C8D450B2
:103648000200A840DC45E4C4AD00D4500200A84004
:10365800DC45F4C4AC00D4500200A840DC45F48436
:10366800AB00418C3D3AE13CD4500200A840DC4517
:10367800E4C4AE000D32E10CD4500200A840DC4591
:10368800E4C4AE00D4500200A840DC45F4A4AD0068
:04369800F4800400B6
:10369C0041A83D12DA00401F0D02DA004831F05DFE
:1036AC00F0D528D149A02D2ED4500200A840DC45DD
:1036BC00F48444013DF20D26D4700200A86006F695
:1036CC003C01DC57A846D456020008411850DC5780
:1036DC00B846C4560200F4A00600F18A2981E480A1
:1036EC00060049A02D0FD4500200A840DC45F4C4BC
:1036FC008000D4500200A840DC45F4848100418C49
:04370C00EA30EA3481
:0C37100006F00A00FCFFFCFEFCFDDB00E4
:020000040001F9
:08162200ECFEECFFF0E8F0F92A
:10162A00DA01CA1FF094E6F4E821E6F5E000F06E6C
:10163A00F07FE6F21E00DA0106CAF089DA01EC1F31
:06164A00FCFFFCFEDB00CA
:0E165000ECFDECFEECFFF0E8F0F906F0FAFF1E
:10165E00D740E000F3F804223D0CE118D760E0001B
:10166E00F7F80422F6FEE821F6FFEA21E108EA0087
:10167E00061AD750E000F2F6E821F2F7EA21F04E12
:10168E002046F05F3057B840C4500200D750E000FB
:10169E00F2FAEC21F2FBEE21A820D4300200F04247
:1016AE00F05326F4640038508D0DF04AF05B7C1434
:1016BE004AF5F40F7C15F064F075F042F0532046B5
:1016CE0030579D03E108EA00061AD750E000F6FEF7
:1016DE00E821F6FFEA21F042F05326F4711C38504F
:1016EE00ED2DF04AF05B26F4711C3850ED27F072A8
:1016FE00F06AF0975C290097F0865C3800864860A7
:10170E002D09F0565C1500564059ED024098FD0229
:10171E00E0140D01E004F1A8E4A0040049A02D0B93
:10172E00F0565C250056F0675C164065FD04406877
:10173E009D02E0140D01E004F0D40D4AF04A704B06
:10174E002D1CE056E007F04AF05BDA01E0C8F084A9
:10175E00F09500221033F042F05320483059FD0D21
:10176E00E096E007F04AF05BDA01E0C8F084F0950D
:10177E00202830399D02E0140D01E004F0D4F04A27
:10178E00704B2D23E036E007F04AF05BDA01E0C83B
:10179E00F084F095E056E007A840D4500200DA013C
:1017AE00E0C8F024F035F042F053204830598D0B4C
:1017BE00E096E007F04AF05BDA01E0C8F084F095BD
:1017CE0020283039FD02E0140D01E004E48004000D
:1017DE00A840D450020026F490D03853FD2DD77077
:1017EE00E000F78E0222F68EEC21F68EEE21F78EB9
:1017FE000522D750E000F68EFC21F2F4FE210841BE
:10180E00D760E000F6F4FE21F2F90426F2FA06267D
:10181E00E018DA018E77E0048840E00CD750E00043
:10182E00C2FB0322F2FAFE21F08EF09FDA001A417B
:10183E000802E108EA00061AF04D49802D70D740E3
:10184E00E000F2F400220841D750E000F6F4002246
:10185E00F3F805222D2BD740E000F3F8032247F8CA
:10186E0039003D24D750E000F2F6F421F2F7F621CC
:10187E00F04E2046F05F3057D770E000F6F4F021BE
:10188E00F6F5F221F2F6F021F2F7F221E6F4C06855
:10189E00E6F57804DA01F8C8D740E000F6F4FC214A
:1018AE00E128D740E000F7F802220D2BD740E000E8
:1018BE00F3F8022249823D0ED750E000F2F4F821EF
:1018CE00F2F5FA2108411850D750E000F6F4F8214D
:1018DE00F6F5FA21D740E000F2F4FE210841D74098
:1018EE00E000F6F4FE21E118D770E000F7F80222CE
:1018FE00F68EFC21F2F90426F2FA0626E018DA0139
:06190E008E77D750E000C7
:10191400F6FEF421F6FFF621E118D750E000F7F8BF
:101924000522F78E03220D4CD740E000F3F8022283
:101934002D2ED740E000F3F8032247F839009D0329
:10194400F48004002D24D750E000F2F4F821F2F5DD
:10195400FA2108411850D760E000F6F4F821F6F5B2
:10196400FA21F2F4FE210841D770E000F6F4FE21DA
:10197400F78E0222F78E0522F68EFC21D750E00066
:10198400F2F90426F2FA0626E018DA018E77D74037
:10199400E000F3F8032247F8FF009D09D740E00078
:1019A400F3F803220981D740E000F7F80322A840A6
:1019B400D4500200D750E000F6F4EC21F6F5EE2105
:1019C400D740E000F3F8022249823D02E1180D01FC
:1019D400E1088840F04DC08CD750E000C2FB0322E0
:1019E400F2FAFE21F08EF09FDA001A410802D74085
:1019F400E000F3F8022249823D020FF40D010EF4D7
:021A04006981F6
:0A1A06000806FCFFFCFEFCFDDB00FF
:0A1A1000ECFDECFEECFF06F0FEFF1B
:101A1A00F049C0815C110018D441FEFFB840E6FDD0
:101A2A00FFFFE002E007E1060D29F049C0815C11E1
:101A3A000018A8F1A850F06F206546F664008D2AB8
:101A4A0046F6711CFD010D26F0E65C2E00E6F05B01
:101A5A005C15005B405EED1EF05B5C35005B405E32
:101A6A009D010D18406D9D01F0D6002640269D016E
:101A7A000871F0B6B8F008C109610891F05AF04946
:101A8A00418A9D08F04C47F838009D04F04C47F80D
:101A9A001D003DCBF087E009F098E008F062E0070E
:101AAA0070687079D4500400D4400200DC55B864E0
:101ABA00C4740200D4500400D4400200DC45C4B40B
:101ACA000400D4500400D4400200DC45C4D406000B
:0E1ADA00D4500400D4400200DC45E46408004F
:0A1AE8000802FCFFFCFEFCFDDB0021
:101AF200A848E00AE007E11C0D0CC0C15C11001807
:101B0200A8C1F0BC20B400AB40AB9D010871F04C01
:101B120009C1F05941CA8DF1F047E005F054E004E3
:0C1B2200F064F075F04AE0057046705762
:021B2E00DB00DA
:101B3000ECFDECFEECFFF0FCF02AF03BF0D9F0E815
:041B400006F0DAFFD2
:101B4400E6F4FFFFE6F5FFFFC4400800C4500A00B6
:101B5400E004E005C4400C00C4500E00E004C4409E
:101B64001000E108E4801400E108E4801600E108B4
:101B7400E4801800F04DC089F08EDA01F21AF08486
:101B8400F095F0422048F0533059B840C450020058
:101B9400E108E4801200F48016003D36D740E000EE
:101BA400F3F8022249823D30D740E000F3F80422E2
:101BB4002D2BD750E000F2F4EC21F2F5EE21704524
:101BC4002D23D750E000F2F4EC21F2F5EE2126F4B7
:101BD400711C3850ED19D750E000F2F4E821F2F509
:101BE400EA21C4400C00C4500E00D740E000F2F4D7
:101BF400EC21C4401000D740E000F3F80322E48055
:101C04001400E118E4801600E108E4801A00F4806E
:101C14001600EA202E1DD4600C00D4700E00A840DB
:101C2400D450020020463057C4400400C45006007B
:101C3400F480140047F838009D59F480140047F8E4
:101C44001D002D54D4400400D450060026F4640032
:101C540038508D4CD4400400D450060026F4711C36
:101C64003850ED44D4400400D4500600F084F09879
:101C74005C290098D45010005C15D4401000005426
:101C84004059ED34D45010005C35D4401000005459
:101C940040598D2CD4600800D4700A00D44004004C
:101CA400D4500600204630579D08D4400400D45038
:101CB4000600C4400800C4500A00A840D4500200E2
:101CC400C4400C00C4500E00F48014000981E48068
:101CD4001400C4801000E118E4801800F04F49801B
:101CE4003D02DA001041E118E4801A00F4801A0081
:101CF4003D1CD4400C00D4500E00D750E000F6F444
:101D0400E821F6F5EA21F4801400D740E000F7F862
:101D14000322D4401000E005D750E000F6F4EC2193
:101D2400F6F5EE21E108E4801600F4801A003D6126
:101D3400D750E000F2F6E821F2F7EA21A840D450A7
:101D4400020020463057C4400400C4500600D4406A
:101D54000400D450060026F4640038508D13D46077
:101D64000800D4700A00D4400400D4500600204671
:101D740030579D08D4400400D4500600C4400800E5
:101D8400C4500A00A880D4900200DA015016E480FE
:101D94001A00F4A01A00F4801800718AE480180074
:101DA400F4801A003D26D740E000F3F8022249826D
:101DB4003D20D760E000F78E0222F78E0522F2F470
:101DC400FE210841D760E000F6F4FE21F2F4F82188
:101DD400F2F5FA2108411850D770E000F6F4F82122
:101DE400F6F5FA21F2F90426F2FA0626E018DA01E9
:101DF4008E77F48012000981E4801200C085F04DD2
:101E0400C0844045FD7AF48016002D60E6F41C0081
:101E1400004066F4FF3FF2F504FE88508840F480E9
:101E24001800C08CD4B01400F04DC08AF4801600A1
:101E3400C089F08EDA01101A0804F48024002D46BB
:101E4400D4601C00D4701E00A840D4500200004688
:101E54001057B840C4500200A840D4500200C440F7
:101E64000C00C4500E00F4802400C085F4801400DB
:101E7400C0840045E4801400D4402000C440100015
:101E8400D4402200E005D4600800D4700A00204643
:101E940030579D07D4402200E005C4400800C450D8
:101EA4000A00E118E4801800F04F49803D02DA008E
:101EB4001041F4802400C085F4801200C0840045E1
:101EC400F148E4401200F05D414A9D17F4601200AD
:101ED400C0615C11001ED451FEFFC0615C11001E84
:101EE400A8412045E005A860D470020000461057C0
:101EF400B840C4500200EA009A1BF48016002D1961
:041F0400D4400C00B9
:101F0800D4500E00D750E000F6F4E821F6F5EA21A7
:101F1800F4801400D740E000F7F80322D440100002
:101F2800E005D750E000F6F4EC21F6F5EE21D46098
:101F38000800D4700A00D4502800D4402600DC558C
:0A1F4800B864C4740200F4801800AD
:0C1F520006F02600FCFFFCFEFCFDDB009E
:10379400F048F05926F4FFFF3850FD04E6F4FFFF2B
:0A37A400E0050D02F048F059DB00CB
:1037AE00ECFDF0D8E6FB7A1DE00AE6F8A608E6F98D
:1037BE00E000DA00DCDFE6FB5E00E00AE6F848082F
:1037CE00E6F9E000DA00DCDFDA016A00F04DD740FE
:1037DE00E000F7F81C26DA01A29FF04D49802D0279
:1037EE00E0040D02E6F480007843D740E000F6F4E2
:1037FE000622E014D740E000F6F40822E6F4320088
:10380E00D740E000F6F44022E6F43200D740E00064
:10381E00F6F44422E015D750E000F68EAA22F6F513
:10382E00AC22E6F40004D740E000F6F4B222E7F84A
:10383E006400D740E000F7F86922E6F46400D74050
:10384E00E000F6F48E22E6F46400D740E000F6F4D1
:0A385E008C22DA001882FCFDDB006A
:08386800E018DA017038DB0002
:08387000ECFDECFEECFFF0D8CA
:10387800DA01CA1FF094F06DE007D750E000F2F4C7
:103888000426F2F5062600461057D770E000F6F435
:103898000426F6F50626F2FE0426F2FF0626F0892F
:1038A800DA01EC1FD740E000F2F54C08405D9D04BA
:1038B800D740E000F6FD4C08D740E000F2F40622BD
:1038C8003D22D750E000F2F43022F2F53222F08E99
:1038D8002084F09F3095DA019437D740E000F2F564
:1038E8004E0840549D10D750E000F2F43022F2F513
:1038F8003222F08E2084F09F3095DA019437D74039
:10390800E000F6F44E0848D3FD06F09EF0AFE6F866
:103918002000DA018E77D750E000F2F60826F2F799
:103928000A26F04E2046F05F305726F43200385011
:10393800FD06F09EF0AFE6F82000DA018E77D7405A
:10394800E000F2F406223D17D750E000F2F63022EC
:10395800F2F73222F04E2046F05F3057D740E000B1
:10396800F2F62622E00720463057FD05F09EF0AF1C
:06397800E088DA018E7701
:08397E00FCFFFCFEFCFDDB0078
:10398600ECFDECFEECFF88B088A0F0E8F0F906F05C
:02399600D4FF5C
:10399800DA000A63B840C4500200E6F45622E6F59D
:1039A800E000C4400400C4500600E00DE6F85622CA
:1039B800E6F9E000DC59D4682800D4782A00F04EF3
:1039C8002046F05F3057C4402A00DC59C4E828007C
:1039D800C4F82A00D740E000F3FC1E26E6F456227D
:1039E800E6F5E000DC45E4C43200E6F85622E6F9E4
:1039F800E000DC49F48832002D1EDC49F4883300ED
:103A08003D1AD4500200A840DC45F484EC05C0857A
:103A1800E6F464001B54F2F70CFEF2F60EFE006E9C
:103A2800107FDC59C4682400C4782600F08EF09F0B
:103A3800DA0198850D1BD4500600D4400400DC45FB
:103A4800F48432003D13D4500600D4400400DC4511
:103A5800F48433002D0BD4500600D4400400DC5508
:103A6800C4E42400C4F42600DA015C85D49006007E
:103A7800D4800400DC59F4C83200E4C83300F08E66
:103A8800F09FDA01C633D4500200A8408850F0C431
:103A9800D4B03000D4A02E00F08EF09FDA019E46FC
:103AA8000802D4902E00D4802C00DA01AE6ED450D7
:103AB8002E00D4402C00DC45F4841A0049822D01E4
:103AC80078D1D4500600D4400400DC45F484320098
:103AD8003D016FFDE6FB2000E00AE088008066F803
:103AE800FF3FF2F904FEDA00DCDFD4502E00D440A8
:103AF8002C00DC45D4441400C4401600C4E0240063
:103B0800C4F02600D740E000F2F4AA20C440080020
:103B1800D4900200A88006F82209DA01528FC44026
:103B28001A00D4900200A880DA0134A4D45002000C
:103B3800A84088508840D4C03200D4B03000D4A007
:103B48002E00F08EF09FDA01BA5C0804E084004091
:103B580066F4FF3FF2F504FE88508840D450060012
:103B6800D44004008850F0C4D4B03400D4A032004B
:103B7800F08EF09FDA0124480806D4500200A840CD
:103B88008850F0C4D4503000D4402E00DC45D4B462
:103B98001400D4A02C00F08EF09FDA0178AA080255
:103BA800E084004066F4FF3FF2F504FE8850884048
:103BB800D4500600D44004008850F0C4D4B0340077
:103BC800D4A03200F08EF09FDA01B6270806DA0199
:103BD800CA1FC4402800D4502E00D4402C00DC4515
:103BE800D4541600D740E000F2F4FE2140453D06CB
:103BF800D740E000F3F8022249822D0178D1F09EE7
:103C0800F0AFF08DDA01CE78D740E000F2F4082268
:103C1800C4400A00E088008066F8FF3FF2F904FE1D
:103C2800DA013879D4802800DA01EC1FD450020078
:103C3800A8408850F0C4D4B03000D4A02E00F08E34
:083C4800F09FDA010CA608024E
:0C3C500006F03000FCFFFCFEFCFDDB0079
:0A3C5C00ECFDECFEECFF06F0DAFFD1
:103C6600E108E4800600DA01CA1FF0D4D750E0006C
:103C7600F2FE0426F2FF0626F08DDA01EC1FF08E26
:103C8600F09FDA00107AD750E000F2F60826F2F735
:103C96000A26F04E2046F05F305726F432003850A0
:103CA600FD06F09EF0AFE6F82000DA018E77F0AE62
:103CB600F0BFD740E000F3F8A8202D02E0090D017F
:103CC600E019E008DA017E00F08EF09FDA0138A0F4
:103CD600D750E000F2F67E22F2F78022F04E204620
:103CE600F05F305726F40A003850EA80FC3DE118B0
:103CF600E4800600E088008066F8FF3FF2F904FEE3
:103D0600DA012216D740E000F3F8A8202D0BE08A4E
:103D160000A066FAFF3FF2FB04FEF08EF09FDA0188
:103D260086390D0BF09EF0AFE028DA018E77D7507A
:103D3600E000F6FE7E22F6FF8022D750E000F2F683
:103D46001026F2F71226F04E2046F05F305726F482
:103D5600F40138508D50DA01CA1FF0D4D740E00084
:103D6600F2F40C26C4400400F08DDA01EC1FD740B3
:103D7600E000F3F8A8202D2ADA000A63F084F09513
:103D860006F81409DA01528FF064E007D740E00024
:103D9600F2F40E26D45004002054E6F4100E1B5400
:103DA600F2F50CFEF2F40EFEDA01F8C8D750E00088
:103DB600F2F81026F2F91226F06E2068F07F3079BC
:103DC600DA01F8C8D740E000F6F4DC21D740E0007D
:103DD600F2F50E26D460040040562D02E1180D01BE
:103DE600E108D770E000F7F8E221F6F60E26F6FEB7
:103DF6001026F6FF1226DA018C1FF0A4F0B5F08E1D
:103E0600F09FDA012412F08EF09FDA019886F48092
:103E16000600C08AF08EF09FDA00C832F08EF09F5E
:103E2600DA01B652DA01CA1FF0D4D750E000F2F434
:103E36000426F2F50626B840C4500200D740E0003A
:103E4600F3F8A4082D3AA880D4900200208E309F63
:083E5600DA019437D740E000C7
:103E5E00F2F5480840549D0BA880D4900200208EA5
:103E6E00309FDA019437D740E000F6F44808D75077
:103E7E00E000F2F40826F2F50A26F08E2084F09F78
:103E8E003095DA019437D740E000F2F54A084054F5
:103E9E009D10D750E000F2F40826F2F50A26F08EB7
:103EAE002084F09F3095DA019437D740E000F6F485
:103EBE004A08E118D760E000F7F8A408F6FE0826D5
:103ECE00F6FF0A26F08DDA01EC1FD750E000F2F66D
:103EDE001426F2F71626F04EF05F204630572D11BD
:103EEE00A840D4500200204E305F26F432003850E5
:103EFE00ED08D750E000F6FE1426F6FF1626DA017E
:023F0E0032215E
:0C3F100006F02600FCFFFCFEFCFDDB00C0
:02773C00ECFD62
:10773E00DA01CA1FF054D740E000F3F81C262D18CA
:10774E00D740E000F3F8A8202D13D740E000F3F85F
:10775E001E262D0ED740E000F3F81D263D09D7401A
:10776E00E000F2F4062266F4F2013D02E0140D018F
:0C777E00E004F0D4F085DA01EC1FF04DBF
:04778A00FCFDDB0027
:10778E00ECFDECFEECFFF0E9F0FAF0D806F0FAFFB3
:10779E00DA01CA1FB840E6F40622E6F5E000C4405E
:1077AE000200C4500400E6F80622E6F9E000DC49C7
:1077BE00A858605D405D2D2ADC49D448020008417E
:1077CE00DC49C4480200D4700400D460020008648E
:1077DE00DC57A846D456020008411850DC57B8466C
:1077EE00C4560200D4700400D4600200DC47D446B4
:1077FE000C003D0CDC47C4D60C00D4500400D44021
:10780E000200DC55C4E40800C4F40A00D47004007D
:10781E00D4600200DC47A846704DDC47B846DA005B
:10782E00A481F04D66F480012D13DA00D881E10CAD
:10783E00D4500400D4400200DC45E4C43300E10C13
:10784E00D4500400D4400200DC45E4C432000D10D4
:10785E00F04D66F421003D06D740E000F3F8022219
:10786E0049822D02E0140D01E004C088DA009283F3
:10787E00E10CD4500400D4400200DC45E4C43100D5
:10788E00E10CD4500400D4400200DC45E4C43000C6
:10789E00E10CD4500400D4400200DC45E4C42F00B7
:1078AE00E10CD4500400D4400200DC45E4C42E00A8
:0678BE00A880DA01EC1FB6
:0A78C4000806FCFFFCFEFCFDDB00E3
:1078CE00ECFDECFEECFFF0E9F0FAF0D806F0FEFF6E
:1078DE00DA01CA1FB840D740E000F2F4062266F47F
:1078EE00B00170D448D02D05F09EF0AFF08DDA01C6
:1078FE008E7748D03D0ED740E000F2F406222D09D7
:10790E00D740E000F2F408220841D740E000F6F438
:10791E000822D740E000F6FD0622A880DA01EC1F0F
:0A792E000802FCFFFCFEFCFDDB007C
:0E793800ECFDECFEECFFF0E8F0F906F0FCFFD1
:10794600DA01CA1FF0D4E6F40622E6F5E000B840F4
:10795600C4500200E6F60622E6F7E000DC47A84639
:107966003D08DC47D4660200DC4FD44E0200404698
:107976002D05F08DDA01EC1FE1080D38DC4FD44EF1
:1079860004002D1EDA00A481E10CD4500200A840A8
:10799600DC45E4C43100E10CD4500200A840DC45CB
:1079A600E4C43000E10CD4500200A840DC45E4C435
:1079B6002F00E10CD4500200A840DC45E4C42E00A0
:1079C600DC4FD44E06002D03E008DA009283D47013
:1079D6000200A86006F60E00F04EF05FE6F2200008
:0C79E600DA0106CAF08DDA01EC1FE1188E
:0A79F2000804FCFFFCFEFCFDDB00B6
:1079FC00D740E000F2F406223D32D750E000F2F519
:107A0C000822F2F4162240453D2AD740E000F3F854
:107A1C00022249823D24D770E000F2F63022F2F7C0
:107A2C003222F2F40426F2F5062620463057D740CF
:107A3C00E000F2F62622E00720463057ED10F04821
:107A4C0049802D05D740E000F2F41A220D04D740EE
:107A5C00E000F2F4182248403D02E0140D01E0046D
:027A6C00DB003D
:087A6E00ECFDECFEECFFF0D88A
:107A7600DA01CA1FF0F4F04DC0845C14F0E4F04D56
:107A86004981ED18E008DA01FC7949802D13D740C9
:107A9600E000F2F41C2246F414008D0CF04EC08572
:107AA600D740E000F48534223D05D740E000F48558
:107AB60035222D05F08FDA01EC1FE1080D5AD7406B
:107AC600E000C2F62C22F04DC0855C15D740E000E0
:107AD600D4453E220046D750E000C4453E22D44558
:107AE6003E2246F464008D0FD740E000D4453E2286
:107AF60026F46400D740E000C4453E22F08FDA0148
:107B0600EC1FE1080D36D740E000F2F81C22DA013E
:107B16005290F0D4F09DF04EC088DA0090884980EB
:107B26002D09F09DF04EC0840841C088DA00908887
:107B360049803D0FD750E000F2F90426F2FA0626F6
:107B4600E6F80001DA018E77F08FDA01EC1FE10822
:107B56000D10E11AF04EC086D740E000E4A63522AB
:107B6600E11AD740E000E4A63422F08FDA01EC1FD8
:027B7600E11814
:087B7800FCFFFCFEFCFDDB003C
:107B8000ECFDECFEECFFF0EAF0F9F0D806F0FEFFB9
:107B9000DA01CA1FB840F04D4981ED18E018DA014A
:107BA000FC7949802D13D740E000F2F50822405FB0
:107BB0003D0DF04DC084D740E000F48438223D06EE
:107BC00046FEF4018D0346FE7017FD05A880DA011C
:107BD000EC1FE1080D52D740E000C2F62D22F04D17
:107BE000C085F0855C18D740E000D44842220046AA
:107BF000D750E000C4484222D448422246F46400F0
:107C00008D0FD740E000D448422226F46400D740CC
:107C1000E000C4484222A880DA01EC1FE1080D2DE3
:107C2000F08EDA015290F094F04DC088DA00F686BA
:107C3000F1A849A12D1149A03D0AD750E000F2F961
:107C40000426F2FA0626E6F80001DA018E77A8800B
:107C5000DA01EC1FE1080D11F04DC086F0465C140E
:107C6000D740E000C4F43A22E11AD740E000E4A68D
:0A7C70003822A880DA01EC1FE118A9
:0A7C7A000802FCFFFCFEFCFDDB002D
:107C8400F04849849D07E10AF048C084D740E000E9
:067C9400E4A43422DB0031
:067C9A00ECFDECFEF0D849
:107CA000DA01CA1FF0E4F04D49829D37F04D49805A
:107CB0003D29F04DC085D740E000F48538222D22C3
:107CC0005C15D750E000D4553A22F2F40822404522
:107CD0003D19D740E000F3F8022249823D13D74016
:107CE000E000F2F406223D0EDA018C1FF084F095DC
:107CF000D750E000C2FB0322F2FAFE21DA0028404E
:107D0000DA01781FF04DC088DA004288E10AF04DB0
:107D1000C084D740E000E4A43822F08EDA01EC1FE2
:067D2000FCFEFCFDDB008F
:0A7D2600ECFDECFEECFFF0E8F0F9D4
:107D3000DA01CA1FF0D4D740E000F3F856223D150F
:107D4000D740E000F3F802223D10D740E000F3F8FE
:107D5000BC2249812D0AD740E000F3F838223D05C6
:107D6000D740E000F3F839222D05F08DDA01EC1F41
:107D7000E1080D18E118D740E000F7F81D26F09E45
:107D8000F0AFE6F81000DA018E77F08DDA01EC1F23
:107D9000DA015C85D740E000F3F8C3223D02E11828
:047DA0000D01E108E8
:087DA400FCFFFCFEFCFDDB000E
:102FDA00F0487CC4F1E8C0EBE0C40BB4F2F50EFE95
:102FEA00D740E000C485B620F06866F6FF03D770C4
:102FFA00E000C465B420C495B820C4A5BA20D4455D
:10300A00BC200841D740E000C445BC20E11CD740A1
:06301A00E000E4C5BE2049
:02302000DB00D3
:10302200ECFDECFEECFF88C0F0EAF0FB8890F0D8F3
:0430320006F0EEFFB7
:10303600E6F47421E6F5E000C4400E00C45010002A
:10304600DA01CA1FF074F04DC088E0C40B84F2F9AF
:103056000EFED740E000D449B420B840D750E00077
:10306600D449B820D459BA20C4400400C45006003C
:10307600D740E000D449BC20C4400200D740E0005D
:10308600F489BE20E4800C00D750E000F2F4042658
:10309600F2F50626C4400800C4500A00F087DA019B
:1030A600EC1FD4600800D4700A00F046204EF0579A
:1030B600305F284036F500809D02F0E6F0F7F48098
:1030C6000C002D15DA000A63F084F09506F8200945
:1030D600DA01528FF084E009D4600400D47006004F
:1030E600F04E2046F05F305720483059FD02E12C63
:1030F6000D01E11CD4501600D4401400DC45B9C4BF
:10310600A8504851FD0346F5FE038D07E14CD45007
:103116001600D4401400DC45B9C4F04D49853D2B5A
:10312600DA000A63F084F09506F81E09DA01528F78
:10313600F084E009A8A0E6F4E8031BA4F2FF0CFE65
:10314600F2FE0EFEE6F62400E007F04EF05FDA012E
:10315600F8C8F024F035F042F053204830598D0479
:1031660026F250463830FD07E14CD4501600D440C4
:103176001400DC45B9C4D4501600D4401400DC4514
:10318600A98449812D02A8400D68F04DC081D43034
:103196001000D4200E00F0420041F053DC45F484C8
:1031A60058003D16A870F0815C18F0A200A8F0B394
:1031B600DC4BC47A1800F4E00C00F04DC086D45005
:1031C6001000D4400E000046DC45E4E458000D2D06
:1031D600F0A15C1AF0E200EAF0F3DC4FD45E3800AE
:1031E600D440020040542D21DC4FD45E1800F4C0B8
:1031F6001200C0C41B54F2F90CFEF2F80EFEE6F7FC
:1032060000012074A8601B67F2F70CFEF2F60EFEB2
:10321600F0460048F0571059F0657C847C855C8642
:103226007046F084DC4FC48E1800D4700200F04D56
:10323600C0865C16D4501000D4400E000046DC4513
:10324600C4743800F04DC0865C16D4501000D440CB
:0A3256000E000046DC45D4441800C9
:0C32600006F01600FCFFFCFEFCFDDB008D
:10326C00ECFDECFEECFFF0DBF0E9F0FA888006F008
:02327C00F4FF5D
:10327E00F08E008DF09FDA01528FD4800C001B4827
:10328E00F2F50CFEF2F40EFEE6F600042068E007FE
:10329E00DA01F8C8B840C4500200F08E008DF09FDD
:1032AE000882DA01528FF064E007A840D450020081
:1032BE00204630578D07F08E06F86004F09FDA0135
:1032CE00528F0D74E108E4800A000D65F4800A0047
:1032DE00C0845C14004DF08E0084F09F0882DA01E9
:1032EE00528FC4400400F4800A00C0845C14004D68
:1032FE00F08E0084F09F0884DA01528FC4400600DD
:10330E00D4400600F064E007A840D45002002046E6
:10331E0030578D3CD4400400E005A860D470020004
:10332E0020463057F0645C855C847C867056F06471
:10333E00F075D4500600D44004002045F6F60EFE7B
:10334E00F6F70CFE7B44F2F40EFEC4400800F48047
:10335E000A00C0845C14F08E0084F09F06F86204AC
:10336E00DA01528FF094ECF9F4800A00C0845C14F8
:10337E00F08E0084F09F06F86004DA01528FF0841C
:10338E00D4A00800FCF9DA01A2900D10F4800A0016
:10339E000981E4800A00F4800A0047F80F008D9638
:0C33AE00F08E06F87E04F09FDA01528FCA
:0C33BA0006F00E00FCFFFCFEFCFDDB003A
:0E33C600ECFDECFEECFFF0E8F0F906F0F0FF95
:1033D400DA000A63F064F075B860C4700200E6F4C1
:1033E4007421E6F5E000C4400400C4500600E6F48D
:1033F4007421E6F5E00008428850F0C4F0AEF0BF56
:10340400DC47F4862806C089E088DA012230F0D44B
:103414000802D4900200A88006F8B007DA01528F9F
:10342400C4400800D4900200A88006F8B207DA016C
:10343400528FC4400A00D48008004048ED10E18C4B
:10344400D4500600D4400400DC45E4C40200E00685
:10345400D4500600D4400400DC45B8640D25D440A3
:103464000A002048E0058850F0C4E00AE00BF06848
:10347400E007F08DE00920863097DA01C88F080252
:10348400E6F6E803E007DA01E0C8D4700800D46087
:103494000A002067E007DA018AC9F064D450060004
:1034A400D4400400DC45B864D4500600D440040081
:1034B40008468850F0C4F0AEF0BFD4500400D440A5
:1034C4000200DC45F4842906C089E008DA012230D0
:1034D400F0D40802E0F41BD4F2F50CFEF2F40EFE74
:1034E400F054C4500800E6F4FF03F6F50EFE5B4406
:1034F400F2F40EFEF128E4200E00E6F4FF03F6F5E4
:103504000EFE5B44F2F40CFEF2F60EFEE005F064EF
:103514005C855C847C867056F064F075E6F4FF0389
:10352400F6F60EFEF6F70CFE7B44F2F40EFEC440F3
:103534000C0047F20F008D09D4900200A88006F811
:10354400B205DA01528FF0640D21F4800E00C084BC
:103554005C14D4900200A880008406F89605DA0171
:10356400528FF094ECF9F4800E00C0845C14D49073
:103574000200A880008406F89405DA01528FF084D2
:10358400D4A00C00FCF9DA01A290F064D450060037
:10359400D4400400DC45C4640400D4500600D44084
:1035A400040006F40A008850F0C4F0AEF0BFD45012
:1035B4000400D4400200DC45F4842A06C089E0A853
:1035C400DA012230F0D40802E6FB5005D4A0020050
:1035D400A890F08DDA016C32D4700600D460040037
:1035E400DC47C4460800D4500600D440040006F466
:1035F4000E008850F0C4F0AEF0BFD4500400D440A4
:103604000200DC45F4842B06C089E0B8DA012230DC
:10361400F0D40802E6FB7205D4A00200A890F08D55
:10362400DA016C32D4700600D4600400DC47C4466E
:103634000C00D4500600D440040006F41200885054
:10364400F0C4F0AEF0BFD4500400D4400200DC4516
:10365400F4842D06C089E058DA012230F0D408023F
:10366400E6F4E8031BD4E6F624007B66F2F60EFECD
:10367400D4500600D4400400DC45C4641000D49047
:103684000200A88006F81E09DA01528FD4B00600A1
:10369400D4A00400DC4BD45A100040548D06DC4BFB
:1036A400D44A100046F45046BD04E14CDC4BE4CA55
:1036B4001200D4500600D440040006F416008850CA
:1036C400F0C4F0AEF0BFD4500400D4400200DC4596
:1036D400F4842C06C089E068DA012230F0D40802B0
:1036E400E6F488131BD4E6F6FF037B66F2F60EFEBF
:1036F400D4500600D4400400DC45C4646A00D4B04D
:103704000200A8A0DC4BF48A0106C086DC4BF48AD4
:103714000206C08520561BD5F2F50CFEF2F40EFE0F
:10372400E6F6FF03E007DA01F8C8F084F095DC4B15
:10373400F4CA0106C0C6E007F0460048F057105925
:10374400F064D4500600D4400400DC45C4646C002A
:10375400D4900600D4800400DC59D4686C00C4689A
:103764001400F08EF09FDA018A01F08EF09FDA01E6
:103774008EB6D4500600D4400400DC55C4E4700076
:04378400C4F4720017
:0C37880006F01000FCFFFCFEFCFDDB0066
:020000040000FA
:02402600000098
:0D002C0000000000000000004C52433300B3
:020000040001F9
:104E1000F04870492D08D750E000F2F77A24F2F6F6
:104E2000782470672D02E108DB00D750E000F6F827
:0A4E30007824F6F97A24E118DB007B
:104E3A00F0A8F0B9D750E000F2F77A24F2F6782415
:104E4A00206A307B3D08E004E005D750E000F6F424
:084E5A007824F6F57A24DB0050
:104E6200ECFDECFEECFFF0E8F0F9DC4FA98E47F820
:104E72004C003D3ADC4FF48E010047F852003D34BD
:104E8200DC4FF48E020047F843003D2EDC4FF48ED7
:104E9200030047F833003D28F08E0884F09FDA01C2
:104EA200528F48443D21F08E0886F09FDA01528FDE
:104EB20046F4000C3D19E6FB1400F0AFF09EE6F854
:104EC200FFFFDA016890F0D4F08E06F81400F09F2C
:104ED200DA01528F404D3D08DC4FF48E1F0047F837
:104EE200A5003D02E0140D01E004FCFFFCFEFCFD08
:024EF200DB00E3
:084EF400ECFDECFE06F0D4FF1A
:104EFC00E6F42640F060E027E964086128713DFC87
:104F0C00E6F42C00E6F50000E6F624000060E087ED
:104F1C00DA01F8C9E6F82424E6F9E000DA01104ECB
:104F2C004980EA20FC50E00EEA006A50E6FC2000C2
:104F3C00E02A00A066FAFF3FF2FB04FEE009F04E07
:104F4C00C088DA0182AE4980EA206850E0280080EF
:104F5C0066F8FF3FF2F904FEDA01624E49803D012A
:104F6C000D7DE0A8008066F8FF3FF2F904FEDA013F
:104F7C007A8FF06EC0C8F0785C27E6F624000060EB
:104F8C000067B846C4560200E11CF0400048B9C4A2
:104F9C00E00D0D23E6FC2000F04EC085E6F4000C7D
:104FAC000B54F2F40EFE004DE6FAA608E6FBE00008
:104FBC0000A4F09D06F92000F04EC088DA0182AE04
:104FCC0049803D07E10CF04EC085F0400045B9C466
:104FDC000D07DA01322106FD200046FD000C8DDAAA
:104FEC00F04EC086F0100016A9812D38E6FB000C9F
:104FFC00E6F4000C0B64F2F40EFEE6F9A608E6FAF1
:10500C00E0000094E6F8FFFFDA016890F0D4E0E8E5
:10501C00008066F8FF3FF2F904FEDA01528F404D32
:10502C003D17E6FA220000A066FAFF3FF2FB04FEF1
:10503C00F04EC085E6F4000C0B54F2F40EFEE6F8CC
:10504C00A608E6F9E0000084DA00446349803D06D6
:10505C00E10CF04EC085F0400045B9C408E1F04EBB
:10506C004982EA80384FA9803D03F48001002D3A33
:10507C00F48001002D11A9802D0DD4602400D47072
:10508C002600D4402800D4502A002046305728400F
:10509C003850BD02E0140D01E004F1A8D740E00047
:1050AC00F7FAA620E118D740E000F7F8A820E014A2
:1050BC00D750E000F6F4AA20F7FA2624E118D740DE
:1050CC00E000F7F82724C0A45C24E6F124000010CB
:1050DC000014A841D4510200D750E000F6F46E241D
:1050EC00F6F57024E6F82424E6F9E000DA013A4EED
:0A50FC0006F02C00FCFEFCFDDB00BA
:0C510600ECFEECFFF0E8F0F906F0FCFF16
:10511200E6F42424E6F5E000B840C4500200E6F6C6
:105122002424E6F7E000DC47A9863D10D740E000E2
:10513200F3F8A7203D0BD740E000F3F8A8202D0696
:10514200F097F086DA01104E49803D03E108EA004B
:10515200AE52F08EF09FDA01267D49803D08D49050
:105162000200A880DA013A4EE108EA00AE52D49079
:105172000200A880DC49F48803002D06DC49F4888B
:105182000200F1C859C10D01E10CDC49E4C801007B
:10519200D740E000F2F6AA20D4500200A840DC4535
:1051A200C4644800E6FB2000E6FAFFFFD490020048
:1051B200A8800884DA00DCDFE04CE6FA3400E6FB83
:1051C2000000D4900200A8800884DA00C6DFE04A1A
:1051D200D4900200A88006F80800DA01668FE6FA89
:1051E200000CD4900200A88006F80A00DA01668F4B
:1051F200D4900200A880DC59D4A84A00D4B84C004C
:1052020008A118B006F80C00DA01A08FDA000A63D0
:10521200F094F0A5E6FB000CE6F8FFFFDA016890D7
:10522200F0A4D4900200A88006F81000DA01668F7C
:10523200D4900200A880DC49D4A8480006F81200E5
:10524200DA01668FE6FB1400D4A00200A89008944D
:10525200E6F8FFFFDA016890F0A4D4900200A8807B
:1052620006F81800DA01668FE006D4500200A84062
:10527200DC45C4644400E11CD4500200A840DC4573
:10528200B9C4E10CD4500200A840DC45E4C4520089
:10529200F06E06F61027F07F1870D4500200A84076
:0C52A200DC55C4644E00C4745000E118D8
:0852AE000804FCFFFCFEDB001C
:0E52B600ECFDECFEECFFF0A8F0B906F0FEFFF8
:1052C400E6F42424E6F5E000F0E4F0F5DC4FA92E42
:1052D400EA207655D750E000F2F77A24F2F67824E3
:1052E400206E307FEA306055DC5FD46E4E00D47E91
:1052F4005000F04A2046F05B305728403850DD0912
:10530400DC4FD45E4800D740E000F2F4AA204045C8
:105314002D0DE12CDC4FE4CE5200E10CDC4FB9CE74
:10532400F09FF08EDA013A4EEA00765507F2FFFF5D
:105334004927EA906055C0245C2406F444539C0435
:10534400EA006053EA009A53EA00D453EA004C544A
:10535400EA007254EA00B454EA00EA54D750E00078
:10536400F2F51024F2F412244045EA807655DA016D
:10537400782149803D02EA007655DC4FF48E010025
:10538400C088DA01D0AE4980EA206055E12CDC4FB8
:10539400B9CEEA007655DC4FD4DE4400DA000A6365
:1053A400F0A4F0B500ADE6FC2000DC4FD49E440030
:1053B40006F92000DC4FF48E0100C088DA0136AF14
:1053C4004980EA206055E13CDC4FB9CEEA007655CD
:1053D400E6FC2000F0AE06FA2400F0BFDC4FD49EB9
:1053E400440006F92000DC4FF48E0100C088DA0185
:1053F40082AE4980EA206055DC4FD4DE4400DA00F6
:105404000A63F0A4F0B500ADE6FC2000F08E06F8C7
:105414002400F09FDA00D03F48402D02EA00605596
:10542400DC4FD44E440006F42000DC5FC44E44003C
:10543400D44E440046F4000C3D02E14C0D01E12C35
:10544400DC4FB9CEEA007655E6FC2000F0AE08A4A5
:10545400F0BFE009DC4FF48E0100C088DA0136AFFA
:1054640049802D7CE15CDC4FB9CEEA007655E6FC40
:105474002000F0AE06FA2400F0BFE009DC4FF48E01
:105484000100C088DA0182AE49802D68E6FC200064
:10549400F0AE08A4F0BFF08E06F82400F09FDA0006
:1054A400D03F48402D010D5AE16CDC4FB9CE0D615F
:1054B400E7F8FF00B980E7F8A500E4800100E02CDC
:1054C400F0A066FAFF3FF2FB04FEE6F91E00DC4F93
:1054D400F48E0100C088DA0136AF49802D3FE17CAB
:1054E400DC4FB9CE0D46E6FC2000F0AE06FA2400EF
:1054F400F0BFE009DC4FF48E0100C088DA0182AE0F
:1055040049802D2CF08E06F82400F09FDA01624EBB
:1055140049803D010D23F08E06F80C00F09FDA015E
:105524007A8FDC7FC44E4A00C45E4C00F4CE010086
:10553400E4CE0200E11CDC4FE4CE0300E10CDC4FBE
:10554400B9CEE11CDC4FE4CE5200D740E000F78E28
:10555400A920F09FF08EDA013A4E0D0BE10CDC4FDE
:10556400B9CEE13CDC4FE4CE5200F09FF08EDA017C
:025574003A4EAD
:0A5576000802FCFFFCFEFCFDDB0058
:106A2800D760E000F78ECF34F78ECE34F78ED234AD
:026A3800DB0081
:106A3A00ECFDECFEECFFF0E9F0FAF0D806F0F6FF18
:106A4A00DA000A63B840C4500200F04D4981ED32C1
:106A5A00D740E000F3F8A8202D2DD740E000F3F846
:106A6A001E262D28D740E000F3F81D263D23D4909A
:106A7A000200A880DC49F488D4056984C0842D1AF0
:106A8A0006F83009DA01528F48402D14D740E00049
:106A9A00F3F8762149813D0ED740E000F2F47421E3
:106AAA0046F41400AD07D740E000F2F4062266F47B
:106ABA0060012D02E1080D63DA01CA1FF064D740B4
:106ACA00E000F2F40C26C4400400D750E000F2F4CF
:106ADA001826F2F51A26C4400600C4500800F086AB
:106AEA00DA01EC1FF04D49802D13D740E000F2F493
:106AFA00DC213D0CD4600600D4700800F04E20461C
:106B0A00F05F305726F4E80338509D16E1080D3738
:106B1A00D740E000F3F8E2212D0DD4500200A8403E
:106B2A00DC45F484AF07C085D740E000F2F4DC21ED
:106B3A0040458D02E1080D23E118D740E000F7F83F
:106B4A00CE34F04DD760E000F7F8CF34F6FEC23409
:106B5A00F6FFC434D740E000F2F4AA20D740E000A0
:106B6A00F6F4CA34D4400400D770E000F6F4CC340A
:0E6B7A00F78ED034F78ED434F78ED334E11872
:0C6B880006F00A00FCFFFCFEFCFDDB0038
:106B9400ECFDECFEECFF88C088B088A0F0E8F0F9CA
:046BA40006F0FCFFFC
:106BA800DA000A63F084F095B880C490020006F811
:106BB8003209DA01528FF0D4D740E000F78ED23490
:106BC80048D02D0AD4500200A840DC45F484B4070C
:106BD80067F80800C0843D08D4900200A88006F831
:106BE800E705DA01528FF0D4D740E000F3F8D43447
:106BF8002D1BD4900200A88006F83609DA01528FBE
:106C0800F084E009D750E000F2F6C634F2F7C83451
:106C1800F04E2046F05F3057204830598D05E11876
:106C2800D740E000F7F8D334D4900200A880DC49BC
:106C3800F488B40767F84000C084EA20806DD74024
:106C4800E000F3F85922EA20806DD740E000F3F81D
:106C5800D334EA30806D06F83609DA01528F48409D
:106C6800EA20806DD4500600D4400400DC45D4549A
:106C78001400405DEA80806DD740E000F3F85722A9
:106C88003D7BD4300A00D4200800DC43D442040001
:106C980066F417003D71D740E000F3F87E21498182
:106CA8003D6BD740E000F3F8822149813D65D7402C
:106CB800E000F2F67C2146F63C00CD5ED4B002003E
:106CC800A8A0DC4BF48A3809C0854065AD55DC4B7B
:106CD800F48A3909C085D740E000F2F480214045A4
:106CE800BD010D4AD740E000F3F8D4343D09E1185E
:106CF800D760E000F7F8D434F6FEC634F6FFC8349F
:106D0800E118D740E000F7F8D234DC4BF48AB40736
:106D18009AF43270DC43D44204009AF40730DC431E
:106D2800D44206003FF4DC43C4420600D4700A0093
:106D3800D4600800DC47D44604003EF4DC47C4466F
:106D48000400D740E000F3FCD534D4500A00D44006
:106D58000800DC45E4C41800D4900A00D480080078
:106D6800DC49F4A81900D740E000F3FED63441EA24
:086D7800FD03DC49E4E8190009
:0C6D800006F00A00FCFFFCFEFCFDDB003E
:0E6D8C00ECFDECFEECFFF0E8F0F906F0FCFF89
:106D9A00DA000A63B840C4500200D740E000F3F8B2
:106DAA00CE343D02E1080D79DA01CA1FD740E0006E
:106DBA00F2FD0C26F084DA01EC1FD740E000F3F86C
:106DCA001E262D61D740E000F3F81D263D5CD74012
:106DDA00E000F3F8A8202D57D4900200A880DC49DF
:106DEA00F488D4056984C0842D4ED740E000F2F5BA
:106DFA00AA20D740E000F2F4CA3440453D4406F8E0
:106E0A003009DA01528FF084E009D750E000F2F637
:106E1A00C234F2F7C434F04E2046F05F30572048AF
:106E2A0030599D31D740E000F3F8762149813D2B56
:106E3A00D740E000F2F406223D26D740E000F3F8FE
:106E4A00CF342D0AD740E000F2F5CC34405D2D0254
:106E5A00E0140D01E0040D15D740E000F3F8E2213B
:106E6A002D0DD4500200A840DC45F484AF07C0853C
:106E7A00D740E000F2F4DC2140458D02E0140D0118
:106E8A00E00448402D09DA01286AE118D740E000F9
:0A6E9A00F7F8D034E1080D01E1180B
:0A6EA4000804FCFFFCFEFCFDDB000F
:0E6EAE00ECFDECFEECFF8890888006F0EAFF19
:106EBC00DA000A63B840C4500200E6F4FFFFE6F5BE
:106ECC00FFFFC4400C00C4500E00E6F4FFFFE6F5D3
:106EDC00FFFFC4401000C4501200E108E48014000D
:106EEC00D740E000F78ED134D740E000F3F8E22130
:106EFC00EA20AE70D740E000F2F4DC214845EA808D
:106F0C00AE70D740E000F3F856224982EA30AE70FA
:106F1C00D4501800D4401600DC45F4841A00498281
:106F2C002D02EA00AE70D4900200A88006F8AD07DE
:106F3C00DA01528F7C14F064E007D740E000F2F5E0
:106F4C00DC21E6F41B411B54F2FF0CFEF2FE0EFE9C
:106F5C0000E610F7D4900200A88006F8AD07DA011D
:106F6C00528FF064E007F04EF05FDA01F8C8C440CD
:106F7C000400C4500600E00D0D75F04DC0845C1487
:106F8C00D4900200A880008406F8A307DA01528F7F
:106F9C00F064E007D4400400D4500600DA01E0C8E5
:106FAC0006F432001850E6F66400E007DA01F8C87F
:106FBC00F0E4F0F5D4900200A88006F8A107DA01FD
:106FCC00528FF0A4E6FB6400F08EF09FDA01FA8F8A
:106FDC00F0E4F0F5D4901800D4801600DC49D448C5
:106FEC001400E005204E305FFD07DC49D448140046
:106FFC00E005204E305F0D09DC49D4481400F064E4
:10700C00E007F04E2046F05F3057C4400800C450F3
:10701C000A00D4A00C00D4B00E00D4200800D43048
:10702C000A00F042F053204A305B9D0EC4A01000C1
:10703C00C4B01200C4200C00C4300E00F04DC0844B
:10704C000841E48014000D0DD4601000D4701200BF
:10705C00F042F053204630579D04C4201000C43039
:10706C00120008D1F04D49858D88D4400C00D450C5
:10707C000E0026F4F4013850ED14D4600C00D470DA
:10708C000E0006F664001870D4401000D4501200A4
:10709C0020463057FD06F4801400D740E000F7F886
:0270AC00D134DD
:0C70AE0006F01A00FCFFFCFEFCFDDB00FD
:0EB68E00ECFDECFEECFFF0E8F0F906F0F4FF46
:10B69C00DA000A63F084F095B880C4900200E6F4F6
:10B6AC007421E6F5E000C4400800C4500A00E10C27
:10B6BC00E6F47421E6F5E000DC45E4C46F00DC49F7
:10B6CC00F48800062D1DD4500200A840DC45F484FB
:10B6DC0016096981C0842D14D740E000F3F81E26AA
:10B6EC002D0FD740E000F3F8A8202D0AD740E0003A
:10B6FC00F3F81C262D05D740E000F3F81D262D0A83
:10B70C00D760E000F78EE634F78EE834F78EE73436
:10B71C00EA0044B9D4500200A840DC45F484260960
:10B72C003D22D750E000F78EE834F78EE734D49002
:10B73C000A00D4800800DC49F488160049813D02D7
:10B74C00E1580D01E148D750E000F7F8E634F3F882
:10B75C00E63449853D02E11C0D01E10CDC49E4C8ED
:10B76C006F00EA0044B9D740E000F3F8E7343D1528
:10B77C00D750E000F6FED834F6FFDA34D740E000BC
:10B78C00F2F4AA20D740E000F6F4E434E118D750E4
:10B79C00E000F7F8E734F78EE834DA01CA1FD74037
:10B7AC00E000F2FDFC20F084DA01EC1FE6F48813D3
:10B7BC001BD4F2F50CFEF2F40EFEE6F6FF03E007E6
:10B7CC00DA01F8C8C4400400C4500600D4500A0082
:10B7DC00D4400800DC45F484160049813D22D49005
:10B7EC000200A88006F82C09DA01528FF064E007F9
:10B7FC00D4400400D4500600204630578D12D4900B
:10B80C000200A88006F82E09DA01528FF064E007D6
:10B81C00D4400400D450060020463057ED02E0140A
:10B82C000D01E004F1A849A02D1BD740E000F3F86E
:10B83C00E8342D28D4900200A88006F82009DA01FB
:10B84C00528FF084E009D750E000F2F6E034F2F7C2
:10B85C00E234F04E2046F05F305720483059FD124C
:10B86C00D760E000F78EE834F6FED834F6FFDA3411
:10B87C00E148D760E000F7F8E634F6FEE034F6FF76
:10B88C00E2340D5AD750E000F6FEE034F6FFE23415
:10B89C00D4900200A88006F82809DA01528FF084AF
:10B8AC00E009D750E000F2F6D834F2F7DA34F04E73
:10B8BC002046F05F3057204830599D06E118D7409C
:10B8CC00E000F7F8E6340D38D740E000F3F8E83440
:10B8DC003D0BD750E000F6FEDC34F6FFDE34E11809
:10B8EC00D740E000F7F8E834E128D740E000F7F85B
:10B8FC00E634D4900200A88006F82A09DA01528FA7
:0CB90C00F084E009D750E000F2F6DC34D3
:10B91800F2F7DE34F04E2046F05F305720483059B9
:10B928008D0DE138D740E000F7F8E634E11CD4503B
:0CB938000A00D4400800DC45E4C46F00A5
:0CB9440006F00C00FCFFFCFEFCFDDB002C
:020000040000FA
:0C006800080A0B0C060000020003000454
:020000040001F9
:0A1F5E00F2F4C8FF7C446841DB0088
:041F6800E108DB00B1
:061F6C00BE88DA001882B5
:041F7200B748B7B7FE
:021F7600DB008E
:061F78007EC46FC4DB0013
:0E1F7E006EC47EC4D740E000F78E4A34DB000C
:101F8C004A88F9B06891BE88F2F51A88F2F852FEC8
:101F9C009ACF03700851F2F852FEF045E005F05468
:101FAC00E004F064F075F048E00570467057F0649A
:0C1FBC00F075F0493A88883BF046F05779
:021FC800DB003C
:101FCA00F2F510FF66F500F846F500E09D08F2F418
:101FDA0010FF66F4FF0F76F400E0F6F410FFF04508
:021FEA00DB001A
:101FEC00F2F410FF66F4FF077048F6F410FFDB0004
:081FFC004A88F4B06841BE8878
:02200400DB00FF
:08200600F0483A88883BDB003A
:10200E00ECFDECFEECFFF0DC88B0F0EAF0F9888035
:04201E0006F0FEFFCB
:10202200DA01CA1FB840DA013C7749803D05E10870
:10203200E4800200E00EE00DF48002003D020FF4A5
:102042000D010EF44AF4EA01F04F49803D020FF40B
:102052000D010EF44AF4E801F04F49803D020FF4FD
:102062000D010EF44AF4E20FF04D6981C0843D0285
:102072000FF40D010EF44AF4E602F04D6982C084B9
:102082003D020FF40D010EF44AF4E604F48006005A
:102092003D020FF40D010EF44AF4E204F480040050
:1020A200F7F82A88D740E000F2F406222D02E10870
:1020B2000D01F04EF7F82888F3F828882D05F3F87B
:1020C200288847F864008D0B6691FF0FF3F8288883
:1020D2003D020FF40D010EF44AF4EA030D21F2F46D
:1020E20022FF66F400F046F400F02D1AC2F52888AB
:1020F200E6F402121B54F2F50CFEF2F40EFEE6F6C2
:102102006400E007DA01F8C806F4FEED1850F6F4B0
:1021120066FED1907EB3E629FEED769100F03EEAAE
:06212200A880DA01EC1FA9
:0A2128000806FCFFFCFEFCFDDB00D6
:04213200E6D701806B
:04213600A758A7A758
:02213A00DB00C8
:10213C00DA01CA1FF064F048F7F82988E118F7F8BB
:10214C002788D750E000F2F40426F2F5062608435F
:10215C001850F6F41E88F6F520887EB6F048C08438
:0A216C00F6F4B0FEF086DA01EC1F75
:02217600DB008C
:10217800DA01CA1FF064F3F827882D0FD750E00062
:10218800F2F40426F2F5062622F41E8832F5208899
:1021980028403850CD02F78E27889AB60570F3F894
:1021A80027883D02E0140D01E004F1A8F086DA0169
:0421B800EC1FF18A9D
:0221BC00DB0046
:1021BE00F04849858D0BF04847F81000ED07F048C0
:0E21CE00C084D7400000F48463000D01E108D6
:0221DC00DB0026
:1021DE001FE22EE23FE25EE26EE2F048C088DA01D4
:0E21EE00BE21C0847C2469813A88EA35DB007A
:1021FC009ACFFE7046293B0A8DFD76E26E0076E39F
:10220C006E00E10A0D02CC0009A149A38DFCF2F489
:10221C00D4FF0EF45FF4F6F4D4FF76EB2100F2F663
:10222C0052FEF2F452FE204646F4514E8DFAF0481E
:06223C00C088DA01DE217A
:02224200DB00BF
:10224400BE8876E0032076E1032066E1FF3F66E185
:10225400FFFC76E8760076E9760076EA8E0076EB87
:102264008E0076E210A676E310A666E3FFF666E338
:10227400FEFF76E6140076E7140076E4800076E547
:10228400800066E5EFFFE6940000E6930000E69226
:102294000000E6910000E6AC0000E6AB0000E6AA10
:1022A4000000E6A90000E6ABA900E6C464006EC421
:1022B400E6C565006EC5DA002282E62B0000E6283A
:1022C4000000E62A0000E6CE0000E6A84A41E6CF78
:1022D4007F00E6670000D190E62A0000E6280000AF
:1022E400E6904100D1A0E6BD0000E62BFEEDE62914
:1022F400FEED76900044D190E6BE0000E6B35800AF
:10230400E6A30000E6230000E6B35900D180E6BB53
:102314005A00DEE0E6CB7E00D180E6C76600DA0034
:102324004637E6CA5400E6AC00A9D1B0E6C673004D
:10233400E6C27200E6BC7100E6B77000D180E6B474
:102344007800E6600000D180E6B57900E66100001F
:10235400E6BC7700E6BD7600E6C27500E6C0740010
:10236400D190E6B90000E6B80000E624E104E625D1
:10237400E104E6A4C280E6B46800E6D02FF0E6CC1F
:10238400600076D08000E6D90000D180E65A800053
:10239400E6D957C0E6BA6D006EBAD190E6B66E00C3
:1023A4006EB6E6B90000E6BB0000E65A1F00E6D8A8
:1023B4001180E6B76C00E6B600007FB6E6D70100F0
:0423C400A758A7A7C8
:0223C800DB0038
:1023CA00C6030300EC00C6871000EC06EC07ECF12C
:1023DA00ECF2ECF3ECF4ECF5ECF6ECF7ECF8ECF9E7
:0823EA00ECFAECFBECFCECFD4D
:1023F200DA01FC1FF0D4F2F990FEF2F752FEF2F687
:102402001A889ACF03700861F2F752FE4097FD01D5
:102412002861F08DDA010620F046E005F054E00470
:10242200F064F075F049E00570467057F064F0759D
:10243200DA01CA1FF0D4F086F097DA007E406EC44B
:06244200F08DDA01EC1F31
:10244800FCFDFCFCFCFBFCFAFCF9FCF8FCF7FCF6D8
:10245800FCF5FCF4FCF3FCF2FCF1FC07FC06FC8741
:06246800FC00FC03FB88F0
:10246E00C6030300248F1A88D1807FC7FC03FB8824
:10247E00C6030300EC00C6871000EC06EC07ECF177
:10248E00ECF2ECF3ECF4ECF5ECF6ECF7ECF8ECF932
:0C249E00ECFAECFBECFCECFDECFEECFFBF
:1024AA00DA01FC1FF094F2F51A88F2F852FE9ACF7C
:1024BA0003700851F2F852FEF045E005F054E004CA
:1024CA00F064F075F048E00570467057F064F075F6
:1024DA00F089DA010620F3F826883D07E118F7F8B3
:1024EA002688E6FEE204E00F0D06F0E622FE2288C8
:1024FA00F0F732FF2488F6F62288F6F72488F2F4F9
:10250A001C88E00500E410F5F04EF05F26F488130D
:10251A0038509D10E00D0D0426FEE20438F008D173
:10252A00F04EF05F26F4E20438509DF6F04EF6F4D1
:10253A001C880D13E6F6E204F6FE0EFEF6FF0CFE0C
:10254A007B66F2FD0EFEE6F6E204E007F04EF05F6F
:10255A00DA01F8C8F046F6F41C88F08DDA01703812
:10256A00DA016C40F3F82B880981F7F82B88498542
:10257A008D05F78E2B888AD001807FD0258F2C88F5
:10258A00F3F82C8847F80A008D21F78E2C886EA361
:10259A007EB3F3F82A883D022FE80D182EE8F3F8E7
:1025AA002A8847F864009D12C2F52A88E6F4F401E5
:1025BA001B54F2F90CFEF2F80EFEE006E017F046A4
:1025CA002048F0573059F6F446FE6FA3D740E00092
:1025DA00F2F406222D056691FF0F3FEAF78E28884E
:0E25EA00DA013C7749803D031FEA2FE64FE6F9
:1025F800FCFFFCFEFCFDFCFCFCFBFCFAFCF9FCF817
:10260800FCF7FCF6FCF5FCF4FCF3FCF2FCF1FC072F
:0A261800FC06FC87FC00FC03FB88B5
:10262200C6030300EC00C6871000EC06EC07ECF1D1
:10263200ECF2ECF3ECF4ECF5ECF6ECF7ECF8ECF98C
:06264200ECFAECFBECFCDD
:10264800F2FBA0FEDA01CA1FD750E000F2F604261A
:10265800F2F70626F084DA01EC1FF096F0A7F08B6B
:04266800DA01DA2F8A
:10266C00FCFCFCFBFCFAFCF9FCF8FCF7FCF6FCF5BA
:10267C00FCF4FCF3FCF2FCF1FC07FC06FC87FC0010
:04268C00FC03FB88C8
:0C269000C6030300ECF4ECF5ECF6ECF8EB
:10269C00DA01CA1FF064D740E000F2F40C260841BE
:1026AC00D770E000F6F40C26F2F40426F2F50626B8
:1026BC00F6F41826D740E000F6F51A26F086DA0173
:0226CC00EC1F01
:0C26CE00FCF8FCF6FCF5FCF4FC03FB88B7
:1026DA00C6030300EC00C6871000EC06EC07ECF119
:1026EA00ECF2ECF3ECF4ECF5ECF6ECF7ECF8ECF9D4
:0826FA00ECFAECFBECFCECFD3A
:10270200F2F4B2FEF0D4F3F827882D09F04D43F825
:1027120029883D05F78E2788DA0056320D06F78E96
:0A2722002788F04DC088DA0002118C
:10272C00FCFDFCFCFCFBFCFAFCF9FCF8FCF7FCF6F1
:10273C00FCF5FCF4FCF3FCF2FCF1FC07FC06FC875A
:06274C00FC00FC03FB8809
:0C275200C60303002FE86EA3FC03FB8805
:10275E00C6030300C6871000EC06EC07ECF1ECF2A2
:10276E00ECF3ECF4ECF5ECF6ECF7C2F52888E6F4B5
:10277E0002121B54F2F50CFEF2F40EFEE6F66400A5
:10278E00E007DA01F8C806F4FEED1850F6F466FE1E
:10279E00FCF7FCF6FCF5FCF4FCF3FCF2FCF1FC0798
:0827AE00FC06FC87FC03FB881C
:020000040000FA
:10371C00F048C086F0465C14C494DEF7E6F43C0036
:10372C000B64F2F50EFEE6F42AF70045F6F4FAFC0B
:0A373C00F0499FF4F6F4CCFEDB0028
:10374600F78EF4F7F78EF3F7F78EFAF7F78EF1F7B1
:10375600F78EF0F7F78EF2F7F68E4088F68E3E88F3
:10376600F62826F7F68E24F7F68E28F7E6F49EFE60
:10377600F6F4F8FCE6670000E019E008DA001C370A
:02378600DB0066
:10378800C2F5F1F7E6F43C000B54F2F50EFEE6F450
:103798002AF70045F0B4F2F6FAFC406B3D06F2F762
:1037A80028F7F0A722FA24F70D0FF0462842F01464
:1037B800A871F05B085240563D03F2FA28F70D0451
:1037C800F0462844F014A8A19ACB0770F2F49EFEA4
:1037D80040472D03F0A7F2F79EFEDC49B878F04782
:0237E800204A75
:0237EA00DB0002
:1037EC00ECFDECFEECFF88C088B088A0F0E8F0F9A6
:1037FC00E00DDA01FC1FF0C4E1040D18F2F650FEE6
:10380C00DC4FB86ED4900200A880DA008837D470F0
:10381C000600D4600400DC47B846DC4FA85EF2F426
:10382C0050FE40453D02E01D0D03094149438DE624
:08383C00F08CDA010620F04DCA
:0A3844000806FCFFFCFEFCFDDB00A3
:10384E00D740E000F2F454083D58D760E000F6F996
:10385E005608F6FA5808F6FB5A08F2F49EFED740C0
:10386E00E000F6F45C08F2F496FFD740E000F6F4C0
:10387E005E08F2F4CCFED740E000F6F46008F2F4F5
:10388E00FAFCD740E000F6F46208F04CD740E000B6
:10389E00F7F8A008F3F8FAF7D740E000F7F8A10818
:1038AE00A980D740E000F7F8A208D4400200D74024
:1038BE00E000F7F8A308E10E0D19C0E5D4400200B0
:1038CE0040549D0CC0E45C14F05CC0A6E6F53C00D0
:1038DE000B6502F40EFED4542AF70D01E005C0E488
:1038EE005C14D740E000C454640809E147FE1E0092
:0A38FE008DE4D740E000F6F854080E
:02390800DB00E2
:10390A00E118F7F8F3F76ECBE6660000D1807FC7BF
:02391A00DB00D0
:10391C00C6030300C6871000EC06EC07ECF1ECF2D2
:10392C00ECF3ECF4ECF5ECF6ECF7ECF8ECF9ECFA77
:0E393C00ECFBECFCECFDECFEECFF06F0FCFFFF
:10394A00F3F8F1F7F0D4F04DC08CF04C0841F0F4E4
:10395A00F04DC086F0465C14D434DEF7F04F49834C
:10396A003D01E00FF04302F426F7C4400200F2F2F0
:10397A0050FEE6F43C000B64F2F50EFEF0435C14D4
:10398A000045D4E428F7F3F8F2F73D42E10A0D11B5
:10399A00F2F250FE9ACB0670F2F49EFE404E2D02D1
:1039AA00E0140D01E004B980F2F450FE40422D0308
:1039BA0009A149A38DED49A33D228830F04FC08467
:1039CA008840F0BED4A00600F092E048DA004E38F3
:1039DA000804248F3E88D740E000F2F4500846F4E9
:1039EA00FFFF2D09D740E000F2F450080841D74004
:1039FA00E000F6F45008DA000A39EA00F03BA98040
:103A0A00C085F0422045C4400200E118F7F8F2F7F9
:103A1A00F04F43F8FAF72D12D460020040262D5ECB
:103A2A00F042204648413D0A9ACB0870F2F49EFEC5
:103A3A00404E2D04F2F450FE40422D508830F04F93
:103A4A00C0848840F04DC08CF0BED4A00600F0922D
:103A5A00F04F43F8FAF73D02E0180D01E028DA00CA
:103A6A004E380804248F3E88D740E000F2F450080C
:103A7A0046F4FFFF2D09D740E000F2F45008084150
:103A8A00D740E000F6F45008F04F43F8FAF73D0447
:103A9A00DA000A39EA00F03BD740E000F2F45208B3
:103AAA0046F4FFFF2D09D740E000F2F4520808411E
:103ABA00D740E000F6F45208F78EF2F7F78EF4F7E3
:103ACA00F78EF9F7E118F7F8F0F7E019F04DC0882A
:103ADA00DA001C37D1807FC7EA00F03BF2F252FECF
:103AEA00F2F51A889ACF03700851F2F252FE40E2B8
:103AFA00FD012851F045E005F054E004F064F0754A
:103B0A00F08EE009708670974831FD0FF04DC08540
:103B1A00E6F43C000B54F2F50EFEF0435C1400454B
:103B2A00D45426F7F04E20450D03F04E22F428F720
:103B3A00F6F424F7F6FE28F7D4400200F6F426F746
:103B4A00F04DC0845C24C484E4F7C494E6F7D450EE
:103B5A000200F04DC0845C14C4541EF7E6F1FF0065
:103B6A00F3F8F9F72D0ED450020022F51CF7C2F42F
:103B7A00F5F7F01400150D0226F13A0046F13A0065
:103B8A009DFBF1A2F04DC084E4A4F6F7E013F3F82C
:103B9A00F4F749813D03E6F31E000D19F3F8F4F733
:103BAA0049823D1546F13A009D1248119D04E014E0
:103BBA00F03420310D0C46F11F009D05E6F41F007C
:103BCA00F03420310D04E6F43B00F0342031F09358
:103BDA00F04FC088DA001C37F04FF7F8F1F7248F5E
:063BEA004088D1807FC776
:103BF0000804FCFFFCFEFCFDFCFCFCFBFCFAFCF9F1
:103C0000FCF8FCF7FCF6FCF5FCF4FCF3FCF2FCF130
:0A3C1000FC07FC06FC87FC03FB88A0
:023C1A00ECFDBF
:103C1C00D740E000F3F804222D40DA018C1FD75076
:103C2C00E000F2F6E821F2F7EA212046305726F4BC
:103C3C0090D03853ED010D31DA01FC1FF0D4D77060
:103C4C00E000F78E0222F68EFC21F68EEC21F68E29
:103C5C00EE21D760E000F78E0422F78E0522F2F4F5
:103C6C00FE210841D740E000F6F4FE21F78EF4F770
:103C7C00F78EF9F7D750E000F2F90426F2FA06268F
:103C8C00E018DA018E77F62826F7E019C2F8F1F77A
:0A3C9C00DA001C37F08DDA01062073
:043CA600FCFDDB0046
:023CAA00ECFD2F
:103CAC00DA01FC1FF0D4D740E000F3F8022249827D
:103CBC003D0ED750E000F2F4F821F2F5FA2108415C
:103CCC001850D750E000F6F4F821F6F5FA21D77029
:103CDC00E000F78E0222F68EFC21F68EEC21F68E99
:103CEC00EE21D760E000F78E0422F78E0522F2F465
:103CFC00FE210841D740E000F6F4FE21F78EF4F7E0
:103D0C00F78EF9F7D750E000F2F90426F2FA0626FE
:0C3D1C00E018DA018E77F08DDA01062045
:043D2800FCFDDB00C3
:103D2C00DA01FC1FF054F78EF0F7F3F8F1F7F7F81F
:0C3D3C00FAF7F085DA010620DA00AA3C54
:023D4800DB009E
:103D4A00C6030300EC00C6871000EC06EC07ECF192
:103D5A00ECF2ECF3ECF4ECF5ECF6ECF7ECF8ECF94D
:103D6A00ECFAECFBECFCECFDECFEECFF06F0FCFFE5
:103D7A00F3F8F3F72D19D750E000F2F90426F2FA16
:103D8A000626E6F82000DA018E77D740E000F3F83D
:103D9A0002223D06D740E000F3F80422EA20A43FBD
:103DAA00DA00AA3CEA00A43FF3F8F0F72D02DA00A1
:103DBA002C3DF3F8F1F743F8FAF73D04DA001A3C20
:103DCA00EA00A43FF3F8FAF7F0D4F04DC082F0828B
:103DDA005C18D4E8DEF7F482F6F749812D05F482FF
:103DEA00F6F747F81F003D29D740E000F3F8022212
:103DFA0049823D2348E1FD10E6F43C000B24F2F928
:103E0A000EFEF07E5C17F0570059D46526F7D445AC
:103E1A0028F7F0C420C60D04D740E000F2FCEC21DC
:103E2A00D4B81EF7F0125C21D491E4F7D4A1E6F7D6
:103E3A00F482F6F7C088DA002092F04066F4FF3F79
:103E4A00F2F504FE88508840DA00C040C08CF04D7C
:103E5A00C086F0465C24D4A4E4F7D4B4E6F7F04E66
:103E6A00C089E6F43C000B64F2F40EFEE6F82AF789
:103E7A000084DA01301B0804F0F4DA01FC1FF0E4D4
:103E8A00F3F8F0F72D07F08EDA010620DA002C3D60
:103E9A00EA00A43FD750E000F2F4EC21F2F5EE215B
:103EAA0070452D15A860D4700200D750E000F2F4D6
:103EBA00EC21F2F5EE21204630579D09D750E0005B
:103ECA00F2F4EC21F2F5EE21B840C4500200A860E9
:103EDA00D4700200F046F05726F444043850FD0727
:103EEA00F3F8F4F72D0E26F6E20438709D0AD7404F
:103EFA00E000F3F8022249823D02E1280D01E118AF
:103F0A000D01E108F7F8F4F7D740E000F3F80322CF
:103F1A00F7F8F5F7F04DC0865C16D4461EF7F6F4AE
:103F2A001CF7D740E000F3F8022249823D02E1186B
:103F3A000D01E108F7F8F9F7D4461EF7F6F44288BE
:103F4A00F08EDA010620F04F49802D0ED740E000AE
:103F5A00F3F8022249823D08D750E000F2F8E8213E
:103F6A00F2F9EA21DA005A8ADA01FC1FF0E4F04D8C
:103F7A0049823D02E1080D03F04DC0840841F7F87B
:023F8A00FAF744
:103F8C00F3F8F1F743F8FAF72D02D1807FC7F08EE2
:083F9C00DA010620DA001A3CEC
:103FA4000804FCFFFCFEFCFDFCFCFCFBFCFAFCF939
:103FB400FCF8FCF7FCF6FCF5FCF4FCF3FCF2FCF179
:0C3FC400FC07FC06FC87FC00FC03FB88EB
:1081A400669400F06692FF0FD1B07EB77EBC7EC2AB
:1081B4007EC67FEA5FE84FE86FE8F78E17F6F78E22
:1081C40016F6F78E15F6F78E14F6F78E10F7F78E6F
:0481D40006F7DB00CF
:1081D80066A900FF66AAF0F0669200FFD1907EB50E
:1081E8007EB47EC27EC07EBD7EBC6EC57EC51FE0ED
:1081F8000FE0F78E0D88F78E0C88DA006483F78E0F
:10820800D3F6F78ED2F6D740E000F78E5422DB0083
:0A821800DA00A481DA00D881DB004F
:10822200DA001882F78E1BF7E128F7F81AF7E6FB57
:108232006800E00AE6F83A36E6F90300DA00DCDF25
:10824200F78E1488F78E1888F78E1688E10EE10AE9
:108252000D04C0E4E4A420F609E149E48DFAE10E3C
:108262000D15E006C0E8E0640B84F2F90EFEC46965
:10827200EEF6E006C469F0F6E11CE4C9F2F6E10AA2
:10828200E4A8A2F6E10AE4A8B2F609E149E28DE91E
:02829200DB000F
:10829400F04849803D137EC2F6F98CFEF2F554FF96
:1082A40066F5FFF0F04A49802D03E6F4000C0D0258
:1082B400E6F400047045F6F454FFDB007EC0F6F9E2
:1082C40088FEF2F554FF66F5F0FFF04A49802D026E
:0E82D400E0C40D01E0447045F6F454FFDB00F9
:1082E200F04849803D1366A9F0FF7EBCF6F980FE96
:1082F200F2F552FF66F5F0FFF04A49802D02E0D414
:108302000D01E0447045F6F452FFDB0066A90FFF51
:108312007EBDF6F982FEF2F552FF66F50FFFF04AD6
:1083220049802D03E6F4D0000D02E6F440007045CA
:06833200F6F452FFDB002F
:10833800F04849803D0466A9F0FF7EBCDB0066A9D1
:068348000FFF7EBDDB000B
:10834E00F04849803D0466AAFFF07EC2DB0066AAB3
:06835E00F0FF7EC0DB0011
:10836400E10E0D12E10CC0E8E0C40B84F2F90EFE3C
:10837400E4C9DEF6E10CE4C9BEF6E10AE4A8ACF611
:0C838400E10AE4A80CF609E149E28DECE6
:02839000DB0010
:06839200ECFDECFEF0D84A
:1083980066AAF0F07EC27EC0DA006483F78ED3F658
:1083A800F78ED2F66EC57EC5E128F7F81AF7E00E0B
:1083B8000D41F04EC084D740E000F48438223D05DA
:1083C800F04EC088DA0042880D34E0144C4EF1A813
:1083D800D740E000F3F85422718AD740E000F7F85C
:1083E8005422F04D49802D25F04EC084F48416F7B0
:1083F8003D20E11AF04EC084E4A416F7E01AF04ECE
:10840800C0845C14D494A4F6F04EC088DA00E282EA
:10841800F04EC0845C14D444A4F6F2F552FE204514
:1084280046F40C00AD06F04E49803D027FBC0D01BC
:0A8438007FBD08E1F04E49828DBCC3
:06844200FCFEFCFDDB0066
:10844800F048C084F48420F62D14F048C0845C14ED
:10845800D4542EF6D740E000F2F4082240453D09F6
:10846800F048C0845C14D45426F640953D02E108D7
:10847800DB00E11AF048C087E4A720F6F0475C1457
:10848800C49426F6D740E000F2F50822C4542EF62C
:04849800E118DB000C
:10849C00D740E000F2F44E2246F4FFFF2D09D740FE
:1084AC00E000F2F44E220841D740E000F6F44E22F0
:0284BC00DB00E3
:1084BE00ECFDECFEECFF88C0F0DBF0EAF0F9888012
:0484CE0006F0F8FFBD
:1084D200E108E4800600E024004066F4FF3FF2F584
:1084E20004FE8850F0C4E02A00A066FAFF3FF2FBC7
:1084F20004FEE068008066F8FF3FF2F904FEDA004D
:10850200EC37080249803D05DA009C84E108EA0064
:108512001486D4500400405D2D24205D48513D173F
:10852200D4A00200E0541BA4F2F90CFEF2F80EFEF5
:10853200E096E007D750E000F2F4EC21F2F5EE21EC
:10854200DA01E0C8F064F07520863097FD04DA00A5
:108552009C84E1080D5EA840204AB840E118E480FE
:108562000600D4D002002D26E0541BD4F2F30CFEF8
:10857200F2F20EFEE036E007D750E000F2F4EC2112
:10858200F2F5EE21DA01E0C8F064F075F042F05342
:10859200204630578D0FE096E007D750E000F2F406
:1085A200EC21F2F5EE21DA01E0C8F064F075202644
:1085B2003037FD0BD750E000F2F90426F2FA062616
:1085C200E018DA018E77E1080D24F04EC08BF0AF8F
:1085D200D4900800F08DDA016EC3F0640868D450BC
:1085E2000C00D4400A00DC45B864F48006002D106B
:1085F200D4500C00D4400A00DC45A844F2F552FEE7
:10860200204546F40C00AD04DA009C84E1080D011B
:02861200E1186D
:0C86140006F00C00FCFFFCFEFCFDDB008F
:02862000F078F0
:10862200C0EBE0C40BB4F2F40EFEE6F6D6F600643C
:10863200F046DA01C6C9F024F035DC43F422080022
:108642002D58DC43D4520600D740E000F2F4082251
:1086520040452D09E10CDC43E4C20800E10AC0E414
:10866200E4A40CF6DB00D740E000F48B38222D4165
:10867200DC43D4520400F06B5C16C456A4F64921C4
:108682003D1EE10AE4AB16F7DC43A892C4960EF64F
:10869200DC43F4820900C085C45636F6E00AC0E81D
:1086A200DA00E282DC43A842F2F550FE204548405F
:1086B200AD1C49E03D027FBC0D187FBD0D16E11ACD
:1086C200E4AB16F7E01ADC43A892C0E8DA00E282D3
:1086D200DC43A842F2F552FE204546F40C00AD05FB
:1086E20049E03D027FBC0D017FBDE10CDC43E4C2E9
:0286F20008007E
:0286F400DB00A9
:0286F600F0781A
:1086F80049E1ED0646F971028D0346F94C1DFD026C
:10870800E108DB0049E03D020EE00D011EE0F2F554
:1087180052FEC0EBF08B5C18C458CEF6E0144C4700
:108728009140F1A8D740E000F3F85422618AD7407D
:10873800E000F7F85422F2F550F006F5BD1F49E0C5
:108748003D0CD1807EB4F6F568FEF2F424FF66F4A1
:10875800F0FF7844F6F424FF0D0BD1807EB5F6F5D2
:108768006AFEF2F424FF66F40FFF6FF4F6F424FFB8
:10877800F48BACF62D03D468A8F60D01F069D45833
:10878800CEF60056C458A4F6E11AE4AB16F7E01A80
:10879800D498A4F6C0E8DA00E282C0E9F0495C1493
:1087A800D444A4F6F2F552FE204546F40C00AD057B
:1087B80049E03D027FBC0D017FBDF489ACF62D0D6B
:1087C800E10AE4A9ACF6E10CE0C40B94F2F40EFE65
:1087D800E4C4DEF6E11AE4A90CF6E10AE4A9B4F669
:1087E800E10AE4A9B2F6C0E5E0042045D740E0007C
:1087F800F48439223D0BD740E000F3F85622498231
:108808003D05D740E000F3F82E223D02E0140D01AB
:10881800E004F1A8E4A9A2F6F489A2F63D05F7FE62
:108828001AF77EC56FC50D046EC5E128F7F81AF76B
:08883800E12AE4A90C88E11813
:02884000DB005B
:10884200F04849803D0966A9F0FF0FE06692F0FF0B
:10885200D1807EB47EBC0D0866A90FFF1FE0669230
:108862000FFFD1807EB57EBDE10AF048C084E4A44A
:108872000C88E0144C489140F1A8D740E000F3F88E
:0E8882005422618AD740E000F7F85422DB0050
:08889000ECFDECFEF0E9F0D86C
:10889800DA018C1FF084F095F2F6AEF6F2F7B0F636
:1088A80020683079F04D4983ED1046FE19008D0D92
:1088B80046FE127AED0AF046F05726F4400038508A
:1088C800CD0426F630753870BD02E1080D59D74041
:1088D800E000F2F50822F04DC088F0785C17C45724
:1088E80018F6F05E02F518F7C45700F6E11AE4A886
:1088F80014F6F04D07F8FF002D1207F8FF002D1BA6
:1089080009823D26D1807EC6F23E18F7F2F428FF90
:1089180066F4FFF076F40005F6F428FF0D25D18003
:108928007EBCF23C18F7F2F428FF66F4F0FF7845B5
:10893800F6F428FF0D19D1807EC2F23D18F7F2F443
:1089480028FF66F40FFF76F45000F6F428FF0D0CAC
:10895800D1807EB7F23718F7F2F424FF66F4FF0FE0
:1089680076F40050F6F424FFF2F550F0F2F418F71C
:1089780020454840AD04DA00A481E1080D01E11862
:06898800FCFEFCFDDB001B
:04898E00ECFDF0D834
:10899200F04DC085E0A40B54F2F40EFEE6F6FEF6AE
:1089A2000064F046DA01C6C9F084F095F04DC08447
:1089B2005C14F1A8DC49F48808002D4CC0A4D7400F
:1089C200E000F48434223D46C0A4D740E000F484A1
:1089D20035222D010D3FE10CDC49E4C80800D740E7
:1089E200E000F2F406223D36DC49D4580600D740B6
:1089F200E000F2F4082240452D010D2CDC59A84874
:108A0200D4580200F6F4AEF6F6F5B0F6DC49D448D6
:108A12000400F6F418F7DA018C1FF084F095F2F6F0
:108A2200AEF6F2F7B0F6F0462048F057305926F489
:108A320040003850DD0BD750E000F2F90426F2FA7C
:108A42000626E6F82000DA018E770D04F04DC08884
:048A5200DA016E7A5D
:048A5600FCFDDB0048
:0E8A5A00ECFDECFEECFFF0E8F0F906F0F2FFA8
:108A6800D740E000F3F802224982EA30148DD7405B
:108A7800E000F2F406222D02EA00148DDA018C1FC0
:108A8800F084F095C4800A00C4900C00F2F450F011
:108A9800C4400400E6F61E00E007D750E000F2F4F8
:108AA800EC21F2F5EE21DA01E0C8F0A4F0B5208E51
:108AB800309F208A309BFD0CD750E000F2F9042645
:108AC800F2FA0626E6F82000DA018E77EA00148D1D
:108AD800D4400A00D4500C00204E305FF064D440DB
:108AE80004002046C4400400E00DEA00C28CD740D0
:108AF800E000F2F52422E6F43C00F6F50EFE5B44B5
:108B0800F2F50EFEF04D49802D03E6F41E000D012E
:108B1800E004F0640065D740E000F2F40022B840B9
:108B2800D740E000C2F503224056FD03A8400841A3
:108B3800B840D740E000C2F503224056ED07D740C1
:108B4800E000C2F50322F07620750D09F04606F420
:108B58003C00D740E000C2F50322F0742075F067AE
:108B6800E007D750E000F2F4EC21F2F5EE21DA014B
:108B7800E0C8C4400600C4500800D4400600D450E1
:108B8800080026F430753850EAE0C08CDA018C1FF2
:108B9800F0A4F0B5D4800600D4900800F06E006808
:108BA800F07F1079F046204AF057305B26F48000B9
:108BB8003850DD02EA00C08CDA01CA1FC440020046
:108BC800DA018C1FF0A4F0B5D4800600D490080018
:108BD800F06E0068F07F1079F046204AF057305B5D
:108BE80026F480003850DD07DA009C84D480020027
:108BF800DA01EC1F0D61D740E000F2F406223D587F
:108C0800A890F04DC0840842C088DA0048844980A2
:108C18002D4FF04DC085E0A40B54F2F40EFEF48401
:108C280006F72D0BD750E000F2F90426F2FA0626D3
:108C3800E6F82000DA018E770D3BD4400600D450C8
:108C48000800F06E0064F07F1075F04DC085E0A458
:108C58000B54F2F40EFEC464FEF6C47400F7D4405C
:108C68000600D4500800F064D44004000064F04DBD
:108C7800C085E0A40B54F2F40EFEC46402F7D7409A
:108C8800E000F2F60822F04DC085E0A40B54F2F49F
:108C98000EFEC46404F7E11CF04DC085E0A40B543B
:108CA800F2F40EFEE4C406F7F04DC088DA008E89AF
:108CB800D4800200DA01EC1F08D1F04D4982EA8025
:108CC800F68ADA009091D740E000F3F80322498150
:108CD8002D07D740E000F3F8032247F81F003D16A0
:108CE800F3F81BF73D13DFE0E118F7F81BF7D18025
:108CF8007EBBF2F450F006F4A60EF6F476FEF2F41B
:0C8D080026FF66F4FF0FEFF4F6F426FFE0
:0C8D140006F00E00FCFFFCFEFCFDDB0086
:0E8D2000ECFDECFEECFFF0E9F0D806F0F6FFFB
:108D2E00D740E000F2F82022DA015290F0F446FF2C
:108D3E0071028D0346FF4C1DFD03E004EA00D08E48
:108D4E00DA01CA1FF064F04DC088F488D2F6E480D0
:108D5E000200F0585C15D44512F7B840F488D4F6EA
:108D6E00E4800400F48812F6E4800600F48824F609
:108D7E00E4800800E10AE4A8D2F6F086DA01EC1FDE
:108D8E00D740E000F3F82E222D09F4A002002D3971
:108D9E00F48004003D03F48008002D33E006F04D0E
:108DAE00C088E0640B84F2F70EFEC467EEF6E006B0
:108DBE00C467F0F6E11CE4C7F2F6F48002002D431E
:108DCE00F48004002D40F48008003D3DF480060040
:108DDE003D3AD740E000F3F82E222D35F0685C16B0
:108DEE00D740E000D446462246F4FFFF2D2CD74054
:108DFE00E000D44646220841D740E000C446462251
:108E0E000D2249A02D20E0048840F4800800C08483
:108E1E008840E00CD4B00400F0AFF04DC085E064A3
:108E2E000B54F2F40EFEE6F6EEF60064F046DA01AE
:108E3E00C6C9F084F095DA0142C50804F04DC0842D
:108E4E005C14C4F4FAF6F04DC088E0640B84F2F7BB
:108E5E000EFED457EEF6F0985C19D740E000C459D8
:088E6E005022D457F0F62D1B31
:108E7600F065E007F04FE00500461057D469FAF6B2
:108E8600E00720463057F064F075E6F44C1DE00527
:108E96008850F0C4E6FA7102E00BF086F097DA012A
:068EA600C88F0802F0F481
:108EAC00E6F4D0011BE4F2F90CFEF2F80EFEF06FC2
:108EBC00E00720683079FD05E6F4D0011BE4F2FFF1
:048ECC000EFEF04F57
:0C8ED00006F00A00FCFFFCFEFCFDDB00CD
:108EDC00ECFDECFEECFFF0EAF0F9F0D806F0FEFF4A
:108EEC00DA01CA1FB840F04F49802D13F2F43AF65C
:108EFC0066F400242D0EE6F4FFDF64F43AF6E11A72
:108F0C00F04DC086E4A6ACF6F2F55AF65C16C456E3
:108F1C00A8F6A880DA01EC1FF04DC0845C14D44490
:108F2C007AF6E0050044105500441055F064F075D5
:108F3C00E054F6F60EFEF6F70CFE7B44F2FA0EFE4B
:108F4C00F09EF04DC088DA01807BDA01CA1FF084F4
:108F5C00B880E10AF04DC084E4A4ACF6DA01EC1F51
:0A8F6C000802FCFFFCFEFCFDDB0028
:108F7600ECFDECFEECFFF0DAF0E8F0F906F0FCFFB1
:108F8600F04D47F8FF003D29DA01CA1FB840E10855
:108F9600E4800200E10C0D13F4800200C088DA00C0
:108FA6004E83F4800200C085E0C40B54F2F40EFE3A
:108FB600E4C4BEF6F48002000981E4800200F48075
:108FC600020049828DE9F2F6C0FF6863DC4FC46E89
:108FD6002200A880DA01EC1F0D77F04D49803D365E
:108FE600DC4FD44E18006841E4800200DC4FD44EBA
:108FF600320066F43FFFDC4FC44E3200DA01CA1F6E
:10900600B840E10CF4E00200C0E8E0C40B84F2F4DE
:109016000EFEE4C4DEF6E10AE4A80CF6D740E00052
:10902600F48838222D0FE11AE4A816F7E01AF2F9AF
:1090360052FEC0E8DA00E282F48002003D027FBC04
:109046000D017FBDA880DA01EC1F0D3EF04D49866B
:109056003D1EDC4FD44E1A006841E4800200DC4F0E
:10906600D44E360066F43FFFDC4FC44E3600D74080
:10907600E000F2F41A223D28D740E000F2FA082276
:10908600E019F4800200C088DA00DC8E0D1DDC4F8A
:10909600D44E1C006841E4800200DC4FD44E3400FC
:1090A60066F43FFFDC4FC44E3400D740E000F2F4D4
:1090B6001A223D0AD740E000F2FA0822E009F480BD
:0890C6000200C088DA00DC8E14
:0A90CE000804FCFFFCFEFCFDDB00C3
:0690D800F2F452FEDB0081
:0690DE00F02AF079F01801
:1090E400C025E0C40B54F2F40EFEE6F6B6F60064B6
:1090F400F046DA01C6C9F084F095DC49B878F06B23
:10910400DC59E4C80900C4C80200A9C0DC49E4C8A9
:109114000A00F4C00200DC49E4C80B00D740E000B8
:10912400F2F60822DC49C468060049402D02E12C0D
:109134000D01E11CDC59E4C80800D4580600C02421
:109144005C14C4540888C04AF097C028DA0094829A
:1091540049402D0BF2F552FEF047204546F40C0031
:10916400AD02E0140D01E0040D09F2F550FEF047E4
:1091740020454840AD02E0140D01E00448402D05AF
:0A91840049203D027FC2DB007FC0DE
:02918E00DB0004
:02919000ECFDF4
:10919200D750E000F2F4EC21F2F5EE21F0657C34D8
:1091A2007C355CD67046F0D448D02D37F09DE0086F
:1091B200DA00208DF6F40288F09DE018DA00208DA6
:1091C200F6F40488D750E000F2F52822F2F72A22BA
:1091D2002075F0675C264870CD02E0F50D02E6F5D9
:1091E200F1FF0056E6F41E00F6F50EFE4B44F2F7D0
:1091F2000EFEE6F498002047F07446F77F00BD02A9
:10920200E6F77F0046F780FFDD02E6F780FFF18E8A
:0A921200F7F81588E118F7F8148842
:04921C00FCFDDB007A
:10922000ECFDECFEECFF88C088B0F0E9F0FAF0D875
:0492300006F0F6FF4F
:10923400D740E000F3F8022249823D05D740E00020
:10924400F2F406222D04F78E1888EA00C096DA019B
:109254008C1FF084F095E6F61E00E007D750E0007E
:10926400F2F4EC21F2F5EE21DA01E0C8F0A4F0B555
:10927400F068206EF079307F206A307BFD0CD75087
:10928400E000F2F90426F2FA0626E6F82000DA01F4
:109294008E77EA00C096D750E000F2F4EC21F2F5A4
:1092A400EE21F0657C347C355CD67046F054485031
:1092B400EA20C096F3F816882D07D740E000F2F4B0
:0892C400FE2142F406882D4250
:1092CC00F2F44CF6C4400600F2F44EF6C44008002A
:1092DC00E6FB6800E00AE6F83A36E6F90300DA0045
:1092EC00DCDFD4400600F6F44CF6D4400800F6F46B
:1092FC004EF6E6F40009F6F43AF6E108E4800400D0
:10930C000D14F4C00400F12C6921C0242D02E024BA
:10931C000D01E014F1A8C0C7E4A799F6E4279DF667
:10932C00F48004000981E4800400F4800400498482
:10933C008DE8E118F7F81688D740E000F2F4FE212A
:04934C00F6F40688A5
:10935000F08E22F80E88F09F32F91088F3F8188802
:109360002D25D740E000F2F4FE2142F412883D1E84
:10937000F04D43F817882D1AD4500A0022F50088C2
:10938000F04D49813D03E6F41C000D02E6F41E0099
:1093900040453D0CF04870492D09F048F05926F43D
:1093A000FFFF36F5FF00ED02E0140D01E004F1A827
:1093B000F04EF6F442F6D4400A00F6F444F6F04DCE
:1093C00049813D02E0040D01E014F7F88CF6F7F84E
:1093D0008AF6E138F7F88BF6F04D47F81F003D02AA
:1093E000E0840D01E004F6F43CF649A02D02E054BF
:1093F0000D01E004F7F88EF649A03D0DE6F61E00DB
:10940000E007D750E000F2F4EC21F2F5EE21DA01AA
:10941000E0C8F084F095F048F05926F4FFFF36F5E7
:10942000FF00FD04E6F8FFFFE6F9FF00F049E00564
:10943000F7F88DF6F048F6F43EF626F820A13897B6
:10944000ED03E6F4FFFF0D01E004F6F440F6F68EBE
:1094500048F6D4400C00F6F44AF6F68E60F6F68E26
:109460005EF6F2F4C0FF6843F6F45CF6F3F8148895
:109470003D02DA009091F2F40288F6F47AF6F2F402
:109480000488F6F47CF6E108E48004000D0CF3FA9D
:109490001588F4800400C084E4A47EF6F4800400FF
:1094A0000981E4800400F480040049848DF0DA012D
:1094B000CA1FB840F68E64F6F68E62F6F68E70F627
:1094C000F68E6EF6F2F452F66841F4840CF62D0333
:1094D000E6F440000D01E004F6F46CF6A880DA0131
:1094E000EC1FE6F4D890E6F50000F6F42E88F6F5C9
:1094F0003088E6F4768FE6F50000F6F43288F6F56B
:109500003488E6F83A36E6F90300DA000CCDDA01E1
:10951000CA1FB840D740E000F2F40622EA30929623
:10952000F2FC6CF6F04C66F4C00046F440003D5787
:10953000F2F452F66841E4800200C085E0C40B54A6
:10954000F2F40EFEE6F6D6F60064F046DA01C6C97D
:10955000F084F095D740E000F2F60822DC49C468B8
:109560000600F3FC98F6DC49E4C80900E006DC4993
:10957000C4680200E10CDC49E4C80A00F2F462F6B7
:109580009AF40B30E12CDC49E4C80800F2F666F6E8
:10959000DC59C4680400B8680D18E11CDC49E4C853
:1095A0000800F2F666F6DC49B868C2F497F65C3457
:1095B000C2F598F60054F2F450F61B54F2F60EFE83
:1095C00002F642F6DC49C4680400E11AF4C0020065
:0C95D000C0C4E4A40CF6C0C8DA00208679
:1095DC000D19F2F440F646F42C018D148AFC12603D
:1095EC00F2F452F66841E4800200C087D740E000F4
:1095FC00F48738223D07E10CE0C40B74F2F40EFE44
:10960C00E4C4DEF6F2F470F666F4C00046F44000F2
:10961C003D1CE0148840E0148840F2F554F6F065E7
:10962C006861F0465C14D4C476F6C2FB94F6F2F48E
:10963C0064F69AF402B0E01A0D01E00AF2F96AF647
:10964C00F18CC088DA00DE900804F2F46EF666F451
:10965C00C00046F440003D17E0048840E004884018
:10966C00E00CC2FB96F6F2F464F69AF40230E01ABF
:10967C000D01E00AF2F968F6F2F456F66841C0887A
:10968C00DA00DE900804A880DA01EC1FF6FE0E88E2
:10969C00F6FF1088D4400A00F6F40088D740E000AA
:1096AC00F2F4FE21F6F41288F04DF7F81788E11861
:0496BC00F7F818881B
:0C96C00006F00E00FCFFFCFEFCFDDB00D1
:0C96CC00ECFDECFEECFFF0D806F0FEFF19
:1096D800F04DC085E0C40B54F2F40EFEE6F6B6F683
:1096E8000064F046DA01C6C9F0E4F0F5DC4FF4EEA8
:1096F80008002D13D740E000F2F406223D0EDC4F9F
:10970800D45E0600D740E000F2F4082240453D054B
:10971800D740E000F2F41A222D09F04DC088DA0093
:109728004E83E10CDC4FE4CE08000D5149E13D3891
:10973800F04066F4FF3FF2F504FE8850F0C4DC5FA9
:10974800A8BEF48E0A00C08ADC5FD49E0200F48EA4
:109758000900C088DA00BE84080249803D09F04D3E
:10976800C088DA004E83E10CDC4FE4CE08000D2FF0
:10977800E12CDC4FE4CE0800E01AA890F04DC08838
:10978800DA009482F2F552FEA840204546F40C0017
:10979800AD1EF04D49803D027FC20D197FC00D17E7
:1097A800F04DC088DA004E83DC5FD45E0600F48E8C
:1097B8000B00E10CDC4FE4CE0800F0A5C089F04DA9
:0E97C800C088DA00DC8EF04DC088DA00208602
:0A97D6000802FCFFFCFEFCFDDB00B6
:0897E000ECFDF0D806F0FEFFDD
:1097E800F04DC087F48716F73D3DD740E000F48779
:1097F80038222D38F04066F4FF3FF2F504FE885019
:10980800F0C4F0475C14D4B40EF6E00AE009D4843E
:1098180036F6DA00BE84080249803D0BF04DC0855B
:10982800D740E000F48538222D625C15D445A4F6B3
:10983800B840E11AF04DC084E4A416F7E01AA890E5
:10984800F04DC088DA00E282F2F552FEA8402045C9
:1098580046F40C00AD4CF04D49803D027FBC0D47ED
:109868007FBD0D45F04DC088DA003883F04D498042
:109878003D020FE00D011FE0E10AF04DC087E4A7AB
:109888000CF6F04D43F81AF73D046EC5E128F7F8D9
:109898001AF7F0475C14D45408F6C45412F7F48746
:1098A800B2F63D02E0140D01E004F1A8E4A7D4F6F5
:1098B800F4A7A2F6E4A712F6F4A7B4F6E4A724F6F0
:1098C800D740E000F48738222D0AE0154C5DD740D8
:1098D800E000C2F4542260453D02E0140D01E004AA
:0E98E800F1A8E4A7D2F6F04DC088DA019A7C10
:0698F6000802FCFDDB008E
:1098FC00C6030300EC00C6871000EC06EC07ECF185
:10990C00ECF2ECF3ECF4ECF5ECF6ECF7ECF8ECF93F
:08991C00ECFAECFBECFCECFDA5
:10992400DA01CA1FF0D4E008DA00CC96F08DDA012F
:02993400EC1F26
:10993600FCFDFCFCFCFBFCFAFCF9FCF8FCF7FCF675
:10994600FCF5FCF4FCF3FCF2FCF1FC07FC06FC87DE
:06995600FC00FC03FB888D
:10995C00C6030300EC00C6871000EC06EC07ECF124
:10996C00ECF2ECF3ECF4ECF5ECF6ECF7ECF8ECF9DF
:08997C00ECFAECFBECFCECFD45
:10998400DA01CA1FF0D4E018DA00CC96F08DDA01BF
:02999400EC1FC6
:10999600FCFDFCFCFCFBFCFAFCF9FCF8FCF7FCF615
:1099A600FCF5FCF4FCF3FCF2FCF1FC07FC06FC877E
:0699B600FC00FC03FB882D
:1099BC00C6030300EC00C6871000EC06EC07ECF1C4
:1099CC00ECF2ECF3ECF4ECF5ECF6ECF7ECF8ECF97F
:0899DC00ECFAECFBECFCECFDE5
:1099E400DA01CA1FF0D4E008DA00E097F08DDA015A
:0299F400EC1F66
:1099F600FCFDFCFCFCFBFCFAFCF9FCF8FCF7FCF6B5
:109A0600FCF5FCF4FCF3FCF2FCF1FC07FC06FC871D
:069A1600FC00FC03FB88CC
:109A1C00C6030300EC00C6871000EC06EC07ECF163
:109A2C00ECF2ECF3ECF4ECF5ECF6ECF7ECF8ECF91E
:089A3C00ECFAECFBECFCECFD84
:109A4400DA01CA1FF0D4E018DA00E097F08DDA01E9
:029A5400EC1F05
:109A5600FCFDFCFCFCFBFCFAFCF9FCF8FCF7FCF654
:109A6600FCF5FCF4FCF3FCF2FCF1FC07FC06FC87BD
:069A7600FC00FC03FB886C
:109A7C00C6030300EC00C6871000EC06EC07ECF103
:109A8C00ECF2ECF3ECF4ECF5ECF6ECF7ECF8ECF9BE
:069A9C00ECFAECFBECFC0F
:109AA200DA01CA1FF0946EC5F3F81AF749829D4194
:109AB200C2F41AF75C14D454CEF6F2F692FE206584
:109AC200C2F41AF75C14D454CEF6F2F752FE2075A3
:109AD200C2F41AF7D740E000F48438222D0F486010
:109AE2002D0D4067ED0BC2F41AF75C14C46408F63E
:109AF200E11AC2F41AF7E4A4B2F60D1BE11AC2F499
:109B02001AF7E4A4B4F6C2F41AF75C14D740E000E2
:109B1200D4444A2246F4FFFF2D0CC2F51AF75C1515
:109B2200D740E000D4454A220841D740E000C4456E
:029B32004A22C5
:069B3400F089DA01EC1FCC
:109B3A00FCFCFCFBFCFAFCF9FCF8FCF7FCF6FCF577
:109B4A00FCF4FCF3FCF2FCF1FC07FC06FC87FC00CD
:049B5A00FC03FB8885
:109B5E00ECFDF0D8F04DC086F48614F649813D2F09
:109B6E00D740E000F2F406223D17F0765C17D4578A
:109B7E0018F6D740E000F2F4082240453D0DD740DC
:109B8E00E000F2F418223D08D44700F6F2F550F04A
:109B9E00204546F40C00AD0CD750E000F2F9042637
:109BAE00F2FA0626E6F80001DA018E77E1080D11C9
:109BBE00E12AF04DC084E4A414F6E1180D0AE10A7E
:109BCE00F04DC084E4A414F6F04DC088DA01847C14
:069BDE00E108FCFDDB00C4
:109BE400C6030300EC00C6871000EC06EC07ECF19A
:109BF400ECF2ECF3ECF4ECF5ECF6ECF7ECF8ECF955
:089C0400ECFAECFBECFCECFDBA
:109C0C00DA01CA1FF0D4E008DA005E9B49802D030C
:109C1C00F23E00F60D036694FFF06FE8F3F814F6CD
:0E9C2C003D03E008DA008E89F08DDA01EC1FAE
:109C3A00FCFDFCFCFCFBFCFAFCF9FCF8FCF7FCF66E
:109C4A00FCF5FCF4FCF3FCF2FCF1FC07FC06FC87D7
:069C5A00FC00FC03FB8886
:109C6000C6030300EC00C6871000EC06EC07ECF11D
:109C7000ECF2ECF3ECF4ECF5ECF6ECF7ECF8ECF9D8
:089C8000ECFAECFBECFCECFD3E
:109C8800DA01CA1FF0D4E018DA005E9B49802D0380
:109C9800F23C02F60D036694F0FF4FE8F3F815F670
:0E9CA8003D03E008DA008E89F08DDA01EC1F32
:109CB600FCFDFCFCFCFBFCFAFCF9FCF8FCF7FCF6F2
:109CC600FCF5FCF4FCF3FCF2FCF1FC07FC06FC875B
:069CD600FC00FC03FB880A
:109CDC00C6030300EC00C6871000EC06EC07ECF1A1
:109CEC00ECF2ECF3ECF4ECF5ECF6ECF7ECF8ECF95C
:089CFC00ECFAECFBECFCECFDC2
:109D0400DA01CA1FF0D4E028DA005E9B49802D03F3
:109D1400F23D04F60D0366940FFF5FE8F3F816F6C0
:0E9D24003D03E018DA008E89F08DDA01EC1FA5
:109D3200FCFDFCFCFCFBFCFAFCF9FCF8FCF7FCF675
:109D4200FCF5FCF4FCF3FCF2FCF1FC07FC06FC87DE
:069D5200FC00FC03FB888D
:109D5800C6030300EC00C6871000EC06EC07ECF124
:109D6800ECF2ECF3ECF4ECF5ECF6ECF7ECF8ECF9DF
:089D7800ECFAECFBECFCECFD45
:109D8000DA01CA1FF0D4E038DA005E9B49802D0367
:109D9000F23706F60D036692FF0F7FEAF3F817F627
:0E9DA0003D03E018DA008E89F08DDA01EC1F29
:109DAE00FCFDFCFCFCFBFCFAFCF9FCF8FCF7FCF6F9
:109DBE00FCF5FCF4FCF3FCF2FCF1FC07FC06FC8762
:069DCE00FC00FC03FB8811
:109DD400C6030300EC00C6871000EC06EC07ECF1A8
:109DE400ECF2ECF3ECF4ECF5ECF6ECF7ECF8ECF963
:109DF400ECFAECFBECFCD750E000F2F90426F2FAA2
:109E04000626E6F80001DA018E77FCFCFCFBFCFA7E
:109E1400FCF9FCF8FCF7FCF6FCF5FCF4FCF3FCF2B2
:0E9E2400FCF1FC07FC06FC87FC00FC03FB883D
:109E3200C6030300EC00C6871000EC06EC07ECF149
:109E4200ECF2ECF3ECF4ECF5ECF6ECF7ECF8ECF904
:109E5200ECFAECFBECFCD750E000F2F90426F2FA43
:109E62000626E6F80001DA018E77FCFCFCFBFCFA20
:109E7200FCF9FCF8FCF7FCF6FCF5FCF4FCF3FCF254
:0E9E8200FCF1FC07FC06FC87FC00FC03FB88DF
:109E9000C6030300EC00C6871000EC06EC07ECF1EB
:109EA000ECF2ECF3ECF4ECF5ECF6ECF7ECF8ECF9A6
:069EB000ECFAECFBECFCF7
:109EB600DA01CA1FF0546693FF0FDEE0F78E1BF738
:069EC600F085DA01EC1F3B
:109ECC00FCFCFCFBFCFAFCF9FCF8FCF7FCF6FCF5E2
:109EDC00FCF4FCF3FCF2FCF1FC07FC06FC87FC0038
:049EEC00FC03FB88F0
:020000040001F9
:10AD2200F04849829D13F04A49802D10F04A47F8B5
:10AD32002000ED0C46F9200C9D09E6F5200C205967
:10AD4200F04AC0844045ED02E0140D01E004DB004E
:10AD5200ECFDECFEECFFF0DBF0EAF0F9888006F0A7
:02AD6200F8FFF8
:10AD6400D740E000F3F81D262D15D740E000F2F49B
:10AD7400FC213D10D740E000F3F8022249822D0A5D
:10AD8400D740E000F3F8C3223D05D740E000F3F8D4
:10AD9400C4222D02E1080D6DF3F819883D3DE6F655
:10ADA4001A0BE6F70700F046F0575CE57045F084AF
:10ADB400E6F6E40BE6F70700F046F0575CE570456D
:10ADC400F0542058C450020048502D05D4400200CD
:10ADD40046F48001FD02E1080D4CD4C00200E6FAFD
:10ADE4001A0BE6FB0700E6F8D831E6F9E000DA00D2
:10ADF400C6DFD4C00200E6FA1A0BE6FB0700E6F849
:10AE0400D831E6F9E000DA00D03F48402D02E108ED
:10AE14000D30E118F7F81988E6F4D831E6F5E000CA
:10AE2400F064F0754AF7F60E4AF7F61F7C27F046F1
:10AE3400C4400400F047E005C4400600DA01FC1FEA
:10AE4400B840DA001882F0BDF0AEF09FF48008003C
:10AE54002D03E6F818000D02E6F81400D45006009D
:10AE6400D4400400DA01C0C9F0D4A880DA01062075
:02AE7400F04D9F
:0CAE760006F00A00FCFFFCFEFCFDDB0007
:08AE8200F02AF03BF069F078C2
:10AE8A00F04CC08AF096C0E8DA0122AD49803D0252
:10AE9A00E108DB0049E02D03E004E0650D02E0046F
:10AEAA00E05500441055004410557C24F084F09578
:10AEBA00F04CC08CF0A800A6F0B9F093F082DA004A
:04AECA00C6DFE118E6
:02AECE00DB00A7
:04AED000ECFDF0D8CD
:10AED400F04D4981ED0AE01BE6FAFFFFE009F04D71
:10AEE400C088DA0152AD49803D02E1080D20F04DE1
:10AEF40049802D03E004E0650D02E004E0550044C0
:10AF04001055004410557C24F084F095E0070D0B97
:10AF1400F0480047F059DC45A98447F8FF002D02AA
:0EAF2400E1080D05087146F7200C8DF2E118CA
:04AF3200FCFDDB0047
:10AF3600ECFDECFEECFF88C0F0EAF0FBF0D988806F
:04AF460006F0FAFF18
:10AF4A00F4800800C08AF09DF4800600C088DA0107
:10AF5A0022AD49802D068AFD0400F48008009AF487
:10AF6A000300E108EA0080B0F48006002D03E00443
:10AF7A00E0650D02E004E055004410550044105508
:10AF8A007C24B840C4500200E108E48004000D6C3F
:10AF9A00F4800400C086006DD4500200A840004628
:10AFAA00DC45A9E4F4800400C086F04E0046F05F58
:10AFBA00DC45A984618EC087F4800400C086F04E07
:10AFCA000046F05FDC45A984C08440473D22F480F6
:10AFDA000400C086006DD4500200A8400046DC453B
:10AFEA00F4E40100F4800400C086F04E0046F05FED
:10AFFA00DC45F4840100618EC087F4800400C086B9
:10B00A00F04E0046F05FDC45F4840100C0844047FE
:10B01A002D02E1080D30F4800400C086F04E00468F
:10B02A00F05FDC45F4840100C0875C87F48004008B
:10B03A00C086F04E0046F05FDC45A984C088708760
:10B04A00E02BF0A8F4800400C089009DF48006007B
:10B05A00C088DA0152AD49803D02E1080D0CF48046
:10B06A0004000982E4800400F4A00800F4800400CB
:06B07A00418A8D8EE118F1
:0CB0800006F00A00FCFFFCFEFCFDDB00FB
:06CBE400ECFD06F0FCFF71
:10CBEA00E6F64207E6F70700F046F0575CE57045BF
:10CBFA00F084E6F6E008E6F70700F046F0575CE551
:10CC0A007045F0D420D848D02D4646FD0002FD01DB
:10CC1A000D42DA01FC1FDA001882E0048840E00CB9
:10CC2A00E00BE00AE009E008DA010E200802F0CD84
:10CC3A00E6FA4207E6FB0700E6F8D82FE6F9E00035
:10CC4A00DA00C6DFF0CDE6FA4207E6FB0700E6F8AF
:0ECC5A00D82FE6F9E000DA00D03F48402D0266
:04CC6800B748B7B75B
:10CC6C005FE27EB7E6F4D82FE6F5E000F064F075ED
:10CC7C004AF7F60E4AF7F61F7C27F046B840F04705
:10CC8C00E005C4400200D4500200A840DA01C0C93B
:04CC9C00B748B7B727
:06CCA0000804FCFDDB00AE
:10CD3200DA014422E018DA01AE37DA015C85E6F85E
:10CD42001000DA01FC21D740E000F3F8C3223D13C2
:10CD5200DA018E03DA01F44EE00AE00BD740E0007C
:10CD6200F3F8A8202D02E0090D01E019E008DA012C
:06CD72007E00DA01CA0C8C
:04CD7800B54AB5B54E
:0CCD7C00DA013221BF88DA015C3C0DFDB9
:0600000001403D883F00B5
:103F1C008AD906808AD904908AD902A09AD902B08B
:083F2C00E0140D01E004DB00CC
:0A3F34008ED99ED9AED9BED9DB00AC
:0E3F3E00D1806EB66692FFF0D1807EB6DB00B9
:0C3F4C006EBA7EBA2FEADA01343FDB00C7
:023F5800ECFD7E
:103F5A00F2F4B2F0F0D47EBA6EBA2FEAD740E0009B
:103F6A00F3F80235F7F83D88F04DD740E000F7F84E
:103F7A000535DA011C3F49802D09DA01343FE01A80
:103F8A00E6F8FA34E6F9E000DA0174BEF2FB50F022
:103F9A00F04DC08AE6F8FA34E6F9E000DA010AC020
:043FAA00FCFDDB003F
:103FAE00F3F83C8849823D5AD740E000F3F8FE34DE
:103FBE0049823D049ABA0270DA01583FF2F4B2FF18
:103FCE009AF402C0E01B0D01E00BF2FA50F0E6F895
:103FDE00FA34E6F9E000DA011EBFF05446F50101AD
:103FEE003D03DA014C3F0D0946F500019D067FE4C5
:103FFE002EEA7EBA6FBAF6F5B0F0D740E000F3F8CD
:10400E00FE3449813D1CD740E000F2F4FA34F6F458
:10401E006CFED1807EB6F2F424FF66F4FFF0AFF4AE
:10402E00F6F424FFD1806FB6D740E000F2F5FA34F3
:10403E00F2F450F020456D05D1807FB60D02DA0105
:10404E003E3FD740E000F3F8FE343D08D740E00095
:0C405E00F3F804353D036EBAF78E3C8881
:02406A00DB0079
:02406C00ECFD69
:10406E00DA01CA1FF0D4F3F83C883D35F3F83D88E9
:10407E0047F83F002D30D740E000F2F4062266F4F8
:10408E0020013D0AD740E000F3F81D263D05D7403C
:10409E00E000F3F81E263D1FF3F83D88D760E000E0
:1040AE00F7F80135F78EFE34F78EFF34E118D7405E
:1040BE00E000F7F80435E128F7F83C88D180F628BF
:1040CE003688D750E000F2F40426F2F50626F6F410
:1040DE003888F6F53A88F3F83C8849823D64D75023
:1040EE00E000F2F40426F2F5062622F4388832F5C2
:1040FE003A88284238508D2BF2F450F042F436882C
:10410E003D19E07AE6F8FA34E6F9E000DA0174BE19
:10411E00E6F8FA34E6F9E000DA0104BFD740E00031
:10412E00F3F8FE3449823D06DA014C3FD740E000F9
:10413E00F78EFE34D180F6283688D750E000F2F4A0
:10414E000426F2F50626F6F43888F6F53A88D740B6
:10415E00E000F2F4062266F420012D0EE07AE6F875
:10416E00FA34E6F9E000DA0174BEE6F8FA34E6F95C
:10417E00E000DA0104BF0D15D740E000F3F81D266C
:10418E003D05D740E000F3F81E263D0BE118D74061
:10419E00E000F7F80435E6F8FA34E6F9E000DA0163
:0C41AE0004BFDA01AE3FF08DDA01EC1F17
:0441BA00FCFDDB002D
:1041BE00C6030300EC00C6871000EC06EC07ECF11A
:1041CE00ECF2ECF3ECF4ECF5ECF6ECF7ECF8ECF9D5
:0841DE00ECFAECFBECFCECFD3B
:1041E600DA01CA1FF0D4DA01AE3FF08DDA01EC1F16
:1041F600FCFDFCFCFCFBFCFAFCF9FCF8FCF7FCF60D
:10420600FCF5FCF4FCF3FCF2FCF1FC07FC06FC8775
:06421600FC00FC03FB8824
:10421C00C6030300EC00C6871000EC06EC07ECF1BB
:10422C00ECF2ECF3ECF4ECF5ECF6ECF7ECF8ECF976
:08423C00ECFAECFBECFCECFDDC
:10424400DA01CA1FF0D4F3F83C8849823D0AD7400A
:10425400E000F3F8FE3449823D04DA01583FDA0104
:08426400AE3FF08DDA01EC1F02
:10426C00FCFDFCFCFCFBFCFAFCF9FCF8FCF7FCF696
:10427C00FCF5FCF4FCF3FCF2FCF1FC07FC06FC87FF
:06428C00FC00FC03FB88AE
:04429200ECFDECFE55
:10429600E6FD0002DA01CA1FF0E4F3F83C88498221
:1042A6003D0AE6F8FA34E6F9E000DA0104BFDA017D
:1042B6003E3FDA01AE3FF08EDA01EC1F0D02DA0165
:1042C6006C40F3F83C8849823D0328D148D03DF73D
:0E42D600F3F83C883D020FF40D010EF46981EF
:0642E400FCFEFCFDDB0006
:0A42EA00D740E000F3F80335DB00D5
:0A42F400D740E000F3F80635DB00C8
:0842FE00ECFDECFEECFFF0D832
:10430600E00EDA01CA1FF0F4F3F83C883D23F2F41C
:10431600B2FF8AF41FC0F2FB50F0F04DC08AE6F8F7
:10432600FA34E6F9E000DA019EBE49802D13E12851
:10433600F7F83C88D180F6283688D750E000F2F4AA
:104346000426F2F50626F6F43888F6F53A88DA01F8
:0C435600AE3FE01EF08FDA01EC1FF04ECD
:08436200FCFFFCFEFCFDDB008A
:10436A00E6F5D007DA011C3F49802D04DA01343F13
:10437A00E108DB00F2F4B2FF9AF403C02851485076
:10438A003DF948503D02E108DB007EBAF048C0849E
:10439A00F6F4B0F0E6F5D0078ABA0370285148500F
:1043AA003DFB48503D02E108DB00F2F4B2F0F1C8EF
:1043BA00DC4AB9C9DA011C3F49802D04DA01343FCD
:0643CA00E108DB00E11830
:0243D000DB0010
:0243D200ECFD00
:1043D400DA01CA1FF0D4F3F83C882D05F08DDA0118
:1043E400EC1FE1080D09E118F7F83C887FE42FEA97
:0843F400F08DDA01EC1FE11865
:0443FC00FCFDDB00E9
:10440000DA01CA1FF0547FE42FEAF78E3C88F0856A
:04441000DA01EC1FC2
:02441400DB00CB
:0C441600ECFDECFEECFFF0E9F0FAF0D851
:10442200DA01924249802D0DD740E000F3F80335BE
:104432002D04F04D47F83F003D04DA01D243498094
:104442003D02E1080D182EEAF04D47F83F002D031A
:10445200F04DF7F83D88F0AFF09EF04DC088DA01DC
:104462006A43F0E4F04E49802D03F04DF7F83D88A1
:06447200DA010044F04EE7
:08447800FCFFFCFEFCFDDB0073
:10448000ECFDECFEECFFF0DB88A08890F0E806F095
:02449000FEFF2D
:10449200E01FF04D49802D12F04D47F82000ED0E3F
:1044A20046FE0004ED0BE6F50004205EF04DC084EC
:1044B2004045ED04DA01D24349803D02E1080D3A5C
:1044C2007EE4F09066F9FF3FF2FA04FEE038DA018A
:1044D2006A4349802D17F09066F9FF3FF2FA04FE15
:1044E200F04E7C84C088DA016A4349802D0BF0903B
:1044F20066F9FF3FF2FA04FEF04EC088DA016A4321
:1045020049803D01E00FE10E0D0CC0E4D4A004008F
:10451200D49002000094E6F8FF00DA016A43F0F456
:1045220009E1F05D41EA9D03F04F49803DEEDA0179
:044532000044F04F02
:0A4536000806FCFFFCFEFCFDDB00A4
:06454000ECFD06F0FEFF99
:10454600DA01D24349803D02E1280D227EE4F09053
:1045560066F9FF3FF2FA04FEE058DA016A43498041
:104566002D0DF09066F9FF3FF2FA04FEE6F8FF0023
:10457600DA016A4349802D02E01D0D01E00DDA01E2
:104586000044F04D49802D03A98069810D01E12881
:064596000802FCFDDB0041
:10459C00ECFDECFEECFFF0DB88A08890F0E806F078
:0245AC00FEFF10
:1045AE00F04D49802D1DF04D47F82000ED1946FEC7
:1045BE000004ED16E6F50004205EF04DC086406561
:1045CE00ED0FF05E66F51F00006546F62000ED0863
:1045DE00DA01404549803D04DA01D24349803D026B
:1045EE00E1080D517EE4F09066F9FF3FF2FA04FE09
:1045FE00E068DA016A43F0F47FE47EE4F04F49802C
:10460E002D23F09066F9FF3FF2FA04FEE028DA015E
:10461E006A4349802D19F09066F9FF3FF2FA04FEC5
:10462E00F04E7C84C088DA016A4349802D0DF090EB
:10463E0066F9FF3FF2FA04FEF04EC088DA016A43D3
:10464E0049802D02E0140D01E004F0F4E10E0D128C
:10465E00F09066F9FF3FF2FA04FEC0E6D450040073
:10466E00D44002000046DC45A984C088DA016A43C2
:10467E00F0F409E1F05D41EA9D03F04F49803DE819
:06468E00DA010044F04FC8
:0A4694000806FCFFFCFEFCFDDB0045
:10C8E0001B56F2F50EFE1B7402F50EFE1B4602F5FA
:08C8F0000CFEF2F40EFEDB0069
:10C8F80048703D20F6F50EFEE60600007B66F2F174
:10C908000CFEF2F50EFEF6F40EFEF6F10CFE7B665A
:10C91800F2F60CFEF2F40EFEE007DB00F015201232
:10C92800F6F40EFEF6F10CFE7B22F2F10EFE7C11FF
:10C93800FFF10D132B17F0274C21E0F32031F016EF
:10C948007C116C13702140529DE9F6F40EFEF6F549
:10C958000CFE7B22F2F10EFE7C116C131B61F2F3CC
:10C968000CFEF2F20EFE1B7102F30EFE2042305353
:10C978009D03281100461057F064F075F041E0055A
:02C98800DB00D2
:10C98A00E0089AF504F0E0388140185081509AF78F
:10C99A0005F07A8FF800816018708170DA01F8C8A2
:10C9AA009AF803108160187081709AF80300814028
:06C9BA0018508150DB0063
:06C9C000ECF5ECF4DB00D5
:10C9C600AAF408F0AAF403E0F2F500FEDB00F2F5A3
:10C9D60002FEDB00AAF403E0F2F504FEDB00F2F54A
:04C9E60006FEDB006E
:0EC9EA00DC459834B836086228723DFADB004E
:0EC9F800DC459964B966086128713DFADB00E0
:10CA0600DC459834DC47B836086228223DF9E6034F
:04CA16000300DB003E
:020000040000FA
:10DFC600F0480D05DC4B99AADC49B9A80881A00CDC
:06DFD6003DF9F059DB00EB
:103FD000F01AA00C2D0BDC499988DC4B298D2DF9AA
:103FE0008D02E014DB00E6F4FFFFDB00E004DB0001
:10DFDC00F048F0590D0528B1F06ADC49B9C8088140
:06DFEC0048B03DF9DB0026
:020000040001F9
:020006000000F8
:060008008980E00038F4DD
:06000E00DF80E00058F362
:0400140007402E88EB
:06001800B789E00020E6BC
:04001E0003404488CF
:060022000F80E000EAF48B
:06002800D79DE00048C86E
:06002E001580E000C2F4A1
:060034001180E000D8F489
:04003A0012401A88CE
:04003E0005403E88B3
:04004200DE401CF789
:0400460018400088D6
:04004A001B4100F660
:04004E0000401988CD
:060052007F81E000D8F1FF
:06005800FF81E000D8EF7B
:04005E000740368899
:060062000D80E000FAF43D
:02006800000096
:020000040000FA
:04000000FA00780F7B
:04000800FA0188CDA4
:04001000FA018CCD98
:04001800FA0190CD8C
:04002800FA0194CD78
:04004000FA00BC996D
:04004400FA001C9A08
:04005000FA005C99BD
:04005800FA00FC9816
:04006000FA01CA23B4
:04006400FA007C9A88
:04007800FA019026D3
:04007C00FA001C3931
:04008400FA016E24EB
:04009400FA015227F4
:04009800FA017E24C7
:0400A000FA01222619
:0400AC00FA01DA2655
:0400B800FA011C42EB
:0400CC00FA015E27B0
:0400D000FA00D49DC1
:0400D400FA00329E5E
:0400D800FA01BE412A
:0400DC00FA00589D31
:0400EC00FA00909EE8
:0400F000FA00609C16
:04010400FA004A3D76
:04011000FA00DC9C79
:04011400FA00E49B6E
:020000040005F5
:100000004C52433300040C00000000014A1F000161
:10001000FFFFFFFF1AA1FFFFFFFFFFFFFFFFFFA58D
:100020002E34383C373B3A31343539373636303078
:1000300034393E433E42423B3C3E41403F3E3939EB
:10004000393E4346424644404042464544443F3F91
:100050003C4247494548484445464A494948434344
:100060003E44494B484A4A4748494C4C4C4B474709
:1000700041484B4D4B4D4E4B4B4C5050524E4A4AC3
:1000800043494C4E4C4F4F4D4D4E515152504E4E98
:10009000454B4F504F5152505051545554534E4E62
:1000A000444A4E5050525351505355565654505046
:1000B000464D50535254555153555859585654540F
:1000C000474E5253535456545356585A59575353F4
:1000D000495054555456575555575B5B5B585454CB
:1000E0004A5054555556585756585B5C5C595656AD
:1000F0004C53555757585A5858595C5E5E5B575782
:100100004C54565757585A5A595A5D5E5E5C585867
:100110004F5658595A5B5B5D5C5E6161615F5B5B2A
:1001200055596369747A7E8284848484848482804D
:100130005458616772787C80848484848482807E51
:1001400052565F6570767A7E8284848482807E7C5B
:1001500050545D636D73777B7F8181817F7D7B7977
:100160004F535B616B7175797D7F7F7F7D7B797785
:100170004D51595F696F73777B7D7D7D7B79777595
:100180004C50575D666C7074787A7A7A78767472AF
:100190004A4E555B646A6E727678787876747270BF
:1001A000494D535962686C70747676767472706ECD
:1001B000474B515760666A6E7274747472706E6CDD
:1001C00045494F555E64686C70727272706E6C6AED
:1001D00044484E545B6165696D6F6F6F6D6B696705
:1001E00042464C52595F63676B6D6D6D6B69676515
:1001F00041454A50575D6165696B6B6B6967656323
:100200003F43484E545A5E6266686868666462603E
:100210003C40444A50565A5E6264646462605E5C6C
:10022000939393939393939393939393939393939E
:10023000939393939393939393939393939393938E
:10024000939393939393939393939393939393937E
:10025000939393939393939393939393939393936E
:10026000939393939393939393939393939393935E
:10027000939393939393939393939393939393934E
:10028000939393939393939393939393939393933E
:10029000939393939393939393939393939393932E
:1002A000939393939393939393939393939393931E
:1002B000939393939393939393939393939393930E
:1002C00093939393939393939393939393939393FE
:1002D00093939393939393939393939393939393EE
:1002E00093939393939393939393939393939393DE
:1002F00093939393939393939393939393939393CE
:1003000093939393939393939393939393939393BD
:1003100093939393939393939393939393939393AD
:1003200000000000000000000000000000000000CD
:1003300000000000000000000000000000000000BD
:1003400000000000000000000000000000000000AD
:10035000000000000000000000000000000000009D
:10036000000000000000000000000000000000008D
:10037000000000000000000000000000000000007D
:10038000000000000000000000000000000000006D
:10039000000000000000000000000000000000005D
:1003A000000000000000000000000000000000004D
:1003B000000000000000000000000000000000003D
:1003C000000000000000000000000000000000002D
:1003D000000000000000000000000000000000001D
:1003E000000000000000000000000000000000000D
:1003F00000000000000000000000000000000000FD
:1004000000000000000000000000000000000000EC
:1004100000000000000000000000000000000000DC
:1004200002BC043F05C2074508C70A4A0BCD0D5060
:100430000ED3105611D9135C14DE166117E419643B
:1004400000140019001E00230028002D0032003780
:10045000003C00410046004B00500055005A00642B
:1004600000140019001E00230028002D0032003760
:10047000003C00410046004B00500055005A00640B
:10048000FFE3FFEDFFF70000000A0014001E002844
:100490000032003C00460050005A0064006E0078B4
:1004A0008C8985827F7B7875716E6B676464646408
:1004B000005600530050004D004E004F00500051B8
:1004C000005200530054005500550057005A005C7C
:1004D00096928F8B8783807C7874716D696966656D
:1004E000C8B9AA9B8C7D6E5F50413223141414143A
:1004F000051404EA04C10497046D0444041A03F0CB
:1005000003C7039D0373034A034803480348034892
:100510003C3A383432302E2A282624201E1E1E1E35
:10052000282725242321201F1D1C1B1918171514EB
:100530000000000000000000020407090C0F111465
:10054000FFFFFFFFFFFFFFFFFFFFFFFFFFFFFFFFBB
:10055000138811DB102F0E820CD60B29097D07D0D2
:100560000834077A06C00607054E049403DA032010
:1005700003E8A2C34F6D298C17DF0DA3081204FCFA
:1005800003300217016A00FC00B10080005E0047E2
:10059000003509C4753042681F4017700FA009C4A8
:1005A000070804B0032001F40190014000FA00B4F0
:1005B000008C0064000000120012001900210028C5
:1005C00000300037003F0046004E0055005D0064DB
:1005D00000690069FFFFFFFFFFFFFFFFFFFFFFFF55
:1005E000FFFFFFFFFFFFFFFFFFFFFFFFFFFFFFFF1B
:1005F000FFFFFFFF32010000000506196419323DBC
:100600000E1E5D58000102138805DC281E3228FFEB
:100610003C3C3C3C3C3C3C3C3C32281E19140F0A00
:100620000064C814190474FFFFFFFFFFFFFFFFFF02
:10063000FF06FF4DFF95FFDC0023006A00B200F9C2
:100640001C1F23262A2D31343214B4B48080FFFFBE
:10065000138813880000FFFFFFFFFFFFFFFFFFFF6E
:10066000FFFFFFFFFFFFFFFFFFFFFFFFFFFFFFFF9A
:10067000FFFFFFFFFFFFFFFFFFFFFFFFFFFFFFFF8A
:10068000FFFFFFFFFFFFFFFFFFFFFFFFFFFFFFFF7A
:10069000FFFFFFFFFFFFFFFFFFFFFFFFFFFFFFFF6A
:1006A000FFFFFFFFFFFFFFFFFFFFFFFFFFFFFFFF5A
:1006B000FFFFFFFFFFFFFFFFFFFFFFFFFFFFFFFF4A
:1006C000FFFFFFFFFFFFFFFFFFFFFFFFFFFFFFFF3A
:1006D000FFFFFFFFFFFFFFFFFFFFFFFFFFFFFFFF2A
:1006E000FFFFFFFFFFFFFFFFFFFFFFFFFFFFFFFF1A
:1006F000FFFFFFFFFFFFFFFFFFFFFFFFFFFFFFFF0A
:10070000FFFFFFFFFFFFFFFFFFFFFFFFFFFFFFFFF9
:10071000FFFFFFFFFFFFFFFFFFFFFFFFFFFFFFFFE9
:10072000FFFFFFFFFFFFFFFFFFFFFFFFFFFFFFFFD9
:10073000FFFFFFFFFFFFFFFFFFFFFFFFFFFFFFFFC9
:10074000FFFFFFFFFFFFFFFFFFFFFFFFFFFFFFFFB9
:100750007D9967FFFFFFFFFFFFFFFFFFFFFFFFFF29
:100760000032006400C801900258032003E805DC51
:10077000000A19324B5A00000164646464646464C2
:100780006464646464646464646464646464646429
:100790006464646464646464646464646464646419
:1007A00064646464646464646401F403E807D00B03
:1007B000B80FA0138817701B586464646464646481
:1007C00064018A00B4008F00810061004E06F405C8
:1007D00000B403270B1900321433025817701E643B
:1007E0008080808080808080808080808080808009
:1007F00080808080808080808080808080808080F9
:1008000080808080808080808080808080808080E8
:1008100080808080808080808080808080808080D8
:1008200080808080808080808080808080808080C8
:1008300080808080808080808080808080808080B8
:1008400080808080808080808080808080808080A8
:100850008080808080808080808080808080808098
:100860008080808080808080808080808080808088
:100870008080808080808080808080808080808078
:100880008080808080808080808080808080808068
:100890008080808080808080808080808080808058
:1008A0008080808080808080808080808080808048
:1008B0008080808080808080808080808080808038
:1008C0008080808080808080808080808080808028
:1008D0008080808080808080808080808080808018
:1008E000040001506404FF0A9195FFFFFF000255C8
:1008F00001016801680168016801F409C4119419D3
:10090000643CFFFFFFFFFFFFFFFFFFFFFFFFFFFF55
:10091000FFFFFFFFFFFFFFFFFFFFFFFFFFFFFFFFE7
:100920004C520004028A01C2012C01F4006400FA56
:1009300000B4009300050300065400961F40177092
:100940000032001E003C000000000000000000001B
:100950000000000000000000000000000000000097
:10096000F83F000C80200080292C4108220103035D
:100970002710138805DC230407D005FA004200A8DD
:100980000012000075300BB80064C3500000000076
:100990000000000000000000000000000000000057
:1009A0000000000F0F0F0F0F0F0F0F0F0F0F0000A2
:1009B000000000000000000000000F0F0000000019
:1009C000000000000000000F00000000000F000009
:1009D0000000000000000000000000000000000F08
:1009E0000F00000F000F000000000F0F000F0000AD
:1009F0000F00000000000F000000000F00000000CA
:100A0000000F0000000F00000F00000000000000B9
:100A100000000000000000000000000000000000D6
:100A200000000000000000000000000000000000C6
:100A300000000000000000000000000000000000B6
:100A400000000000000000000000000000000000A6
:100A50000000000000000000000000000000000096
:100A60000000000000000000000000000000000086
:100A70000000000000000000000000000000000076
:100A80000000000000000000000000000000000066
:100A90000000000000000000000000000000000056
:100AA0000000000000000000000000000000000046
:100AB0000000000000000000000000000000000036
:100AC0000000000000000000000000000000000026
:100AD0000000000000000000000000000000000016
:100AE0000000000000000000000000000000000006
:100AF00000000000000000000000000000000000F6
:100B000000000000000000000000000000000000E5
:100B100000000000000000000000000000000000D5
:100B200000000000000000000000000000000000C5
:100B300000000000000000000000000000000000B5
:100B400000000000000000000000000000000000A5
:100B50000000000000000000000000000000000095
:100B60000000000000000000000000000000000085
:100B70000000000000000000000000000000000075
:100B80000000000000000000000000000000000065
:100B90000000000000000000000000000000000055
:100BA0000000000000000000000000000000000045
:100BB0000000000000000000000000000000000035
:100BC0000000000000000000000000000000000025
:100BD0000000000000000000000000000000000015
:100BE0000000000000000000000000000000000005
:100BF00000000000000000000000000000000000F5
:100C000000000000000000000000000000000000E4
:100C100000000000000000000000000000000000D4
:00000001FF
